#VRML V2.0 utf8
# 3D model generated by easyeda2kicad.py (https://github.com/uPesy/easyeda2kicad.py)

Shape{
    appearance Appearance {
        material  Material 	{
            diffuseColor 1.0 1.0 0.0
            specularColor 0.5019607843137255 0.5019607843137255 0.0
            ambientIntensity 0.886
            transparency 0.0
            shininess 0.5
        }
    }
    geometry IndexedFaceSet {
        ccw TRUE
        solid FALSE
        coord DEF co Coordinate {
            point [
                -3.6713 1.2933 -0.0197, -3.6122 1.2933 -0.0197, -3.6122 1.2837 -0.0186, -3.6713 1.2837 -0.0186, -3.6122 1.2745 -0.0154, -3.6713 1.2745 -0.0154, -3.6122 1.2663 -0.0102, -3.6713 1.2663 -0.0102, -3.6122 1.2595 -0.0034, -3.6713 1.2595 -0.0034, -3.6122 1.2543 0.0048, -3.6713 1.2543 0.0048, -3.6122 1.2511 0.014, -3.6713 1.2511 0.014, -3.6122 1.25 0.0236, -3.6713 1.25 0.0236, -3.6713 1.25 1.4016, -3.6122 1.25 1.4016, -3.6713 1.2894 1.4016, -3.6122 1.2894 1.4016, -3.6713 1.2894 0.0236, -3.6122 1.2894 0.0236, -3.6713 1.2895 0.0227, -3.6122 1.2895 0.0227, -3.6713 1.2898 0.0219, -3.6122 1.2898 0.0219, -3.6713 1.2902 0.0212, -3.6122 1.2902 0.0212, -3.6713 1.2909 0.0205, -3.6122 1.2909 0.0205, -3.6713 1.2916 0.0201, -3.6122 1.2916 0.0201, -3.6713 1.2924 0.0198, -3.6122 1.2924 0.0198, -3.6713 1.2933 0.0197, -3.6122 1.2933 0.0197, -3.6713 1.6043 0.0197, -3.6122 1.6043 0.0197, -3.6713 1.6043 -0.0197, -3.6122 1.6043 -0.0197, -3.4744 1.2933 -0.0197, -3.4153 1.2933 -0.0197, -3.4153 1.2837 -0.0186, -3.4744 1.2837 -0.0186, -3.4153 1.2745 -0.0154, -3.4744 1.2745 -0.0154, -3.4153 1.2663 -0.0102, -3.4744 1.2663 -0.0102, -3.4153 1.2595 -0.0034, -3.4744 1.2595 -0.0034, -3.4153 1.2543 0.0048, -3.4744 1.2543 0.0048, -3.4153 1.2511 0.014, -3.4744 1.2511 0.014, -3.4153 1.25 0.0236, -3.4744 1.25 0.0236, -3.4744 1.25 1.4016, -3.4153 1.25 1.4016, -3.4744 1.2894 1.4016, -3.4153 1.2894 1.4016, -3.4744 1.2894 0.0236, -3.4153 1.2894 0.0236, -3.4744 1.2895 0.0227, -3.4153 1.2895 0.0227, -3.4744 1.2898 0.0219, -3.4153 1.2898 0.0219, -3.4744 1.2902 0.0212, -3.4153 1.2902 0.0212, -3.4744 1.2909 0.0205, -3.4153 1.2909 0.0205, -3.4744 1.2916 0.0201, -3.4153 1.2916 0.0201, -3.4744 1.2924 0.0198, -3.4153 1.2924 0.0198, -3.4744 1.2933 0.0197, -3.4153 1.2933 0.0197, -3.4744 1.6043 0.0197, -3.4153 1.6043 0.0197, -3.4744 1.6043 -0.0197, -3.4153 1.6043 -0.0197, -3.2775 1.2933 -0.0197, -3.2185 1.2933 -0.0197, -3.2185 1.2837 -0.0186, -3.2775 1.2837 -0.0186, -3.2185 1.2745 -0.0154, -3.2775 1.2745 -0.0154, -3.2185 1.2663 -0.0102, -3.2775 1.2663 -0.0102, -3.2185 1.2595 -0.0034, -3.2775 1.2595 -0.0034, -3.2185 1.2543 0.0048, -3.2775 1.2543 0.0048, -3.2185 1.2511 0.014, -3.2775 1.2511 0.014, -3.2185 1.25 0.0236, -3.2775 1.25 0.0236, -3.2775 1.25 1.4016, -3.2185 1.25 1.4016, -3.2775 1.2894 1.4016, -3.2185 1.2894 1.4016, -3.2775 1.2894 0.0236, -3.2185 1.2894 0.0236, -3.2775 1.2895 0.0227, -3.2185 1.2895 0.0227, -3.2775 1.2898 0.0219, -3.2185 1.2898 0.0219, -3.2775 1.2902 0.0212, -3.2185 1.2902 0.0212, -3.2775 1.2909 0.0205, -3.2185 1.2909 0.0205, -3.2775 1.2916 0.0201, -3.2185 1.2916 0.0201, -3.2775 1.2924 0.0198, -3.2185 1.2924 0.0198, -3.2775 1.2933 0.0197, -3.2185 1.2933 0.0197, -3.2775 1.6043 0.0197, -3.2185 1.6043 0.0197, -3.2775 1.6043 -0.0197, -3.2185 1.6043 -0.0197, -1.7027 1.2933 -0.0197, -1.6437 1.2933 -0.0197, -1.6437 1.2837 -0.0186, -1.7027 1.2837 -0.0186, -1.6437 1.2745 -0.0154, -1.7027 1.2745 -0.0154, -1.6437 1.2663 -0.0102, -1.7027 1.2663 -0.0102, -1.6437 1.2595 -0.0034, -1.7027 1.2595 -0.0034, -1.6437 1.2543 0.0048, -1.7027 1.2543 0.0048, -1.6437 1.2511 0.014, -1.7027 1.2511 0.014, -1.6437 1.25 0.0236, -1.7027 1.25 0.0236, -1.7027 1.25 1.4016, -1.6437 1.25 1.4016, -1.7027 1.2894 1.4016, -1.6437 1.2894 1.4016, -1.7027 1.2894 0.0236, -1.6437 1.2894 0.0236, -1.7027 1.2895 0.0227, -1.6437 1.2895 0.0227, -1.7027 1.2898 0.0219, -1.6437 1.2898 0.0219, -1.7027 1.2902 0.0212, -1.6437 1.2902 0.0212, -1.7027 1.2909 0.0205, -1.6437 1.2909 0.0205, -1.7027 1.2916 0.0201, -1.6437 1.2916 0.0201, -1.7027 1.2924 0.0198, -1.6437 1.2924 0.0198, -1.7027 1.2933 0.0197, -1.6437 1.2933 0.0197, -1.7027 1.6043 0.0197, -1.6437 1.6043 0.0197, -1.7027 1.6043 -0.0197, -1.6437 1.6043 -0.0197, -1.5059 1.2933 -0.0197, -1.4468 1.2933 -0.0197, -1.4468 1.2837 -0.0186, -1.5059 1.2837 -0.0186, -1.4468 1.2745 -0.0154, -1.5059 1.2745 -0.0154, -1.4468 1.2663 -0.0102, -1.5059 1.2663 -0.0102, -1.4468 1.2595 -0.0034, -1.5059 1.2595 -0.0034, -1.4468 1.2543 0.0048, -1.5059 1.2543 0.0048, -1.4468 1.2511 0.014, -1.5059 1.2511 0.014, -1.4468 1.25 0.0236, -1.5059 1.25 0.0236, -1.5059 1.25 1.4016, -1.4468 1.25 1.4016, -1.5059 1.2894 1.4016, -1.4468 1.2894 1.4016, -1.5059 1.2894 0.0236, -1.4468 1.2894 0.0236, -1.5059 1.2895 0.0227, -1.4468 1.2895 0.0227, -1.5059 1.2898 0.0219, -1.4468 1.2898 0.0219, -1.5059 1.2902 0.0212, -1.4468 1.2902 0.0212, -1.5059 1.2909 0.0205, -1.4468 1.2909 0.0205, -1.5059 1.2916 0.0201, -1.4468 1.2916 0.0201, -1.5059 1.2924 0.0198, -1.4468 1.2924 0.0198, -1.5059 1.2933 0.0197, -1.4468 1.2933 0.0197, -1.5059 1.6043 0.0197, -1.4468 1.6043 0.0197, -1.5059 1.6043 -0.0197, -1.4468 1.6043 -0.0197, -1.309 1.2933 -0.0197, -1.25 1.2933 -0.0197, -1.25 1.2837 -0.0186, -1.309 1.2837 -0.0186, -1.25 1.2745 -0.0154, -1.309 1.2745 -0.0154, -1.25 1.2663 -0.0102, -1.309 1.2663 -0.0102, -1.25 1.2595 -0.0034, -1.309 1.2595 -0.0034, -1.25 1.2543 0.0048, -1.309 1.2543 0.0048, -1.25 1.2511 0.014, -1.309 1.2511 0.014, -1.25 1.25 0.0236, -1.309 1.25 0.0236, -1.309 1.25 1.4016, -1.25 1.25 1.4016, -1.309 1.2894 1.4016, -1.25 1.2894 1.4016, -1.309 1.2894 0.0236, -1.25 1.2894 0.0236, -1.309 1.2895 0.0227, -1.25 1.2895 0.0227, -1.309 1.2898 0.0219, -1.25 1.2898 0.0219, -1.309 1.2902 0.0212, -1.25 1.2902 0.0212, -1.309 1.2909 0.0205, -1.25 1.2909 0.0205, -1.309 1.2916 0.0201, -1.25 1.2916 0.0201, -1.309 1.2924 0.0198, -1.25 1.2924 0.0198, -1.309 1.2933 0.0197, -1.25 1.2933 0.0197, -1.309 1.6043 0.0197, -1.25 1.6043 0.0197, -1.309 1.6043 -0.0197, -1.25 1.6043 -0.0197, -1.1122 1.2933 -0.0197, -1.0531 1.2933 -0.0197, -1.0531 1.2837 -0.0186, -1.1122 1.2837 -0.0186, -1.0531 1.2745 -0.0154, -1.1122 1.2745 -0.0154, -1.0531 1.2663 -0.0102, -1.1122 1.2663 -0.0102, -1.0531 1.2595 -0.0034, -1.1122 1.2595 -0.0034, -1.0531 1.2543 0.0048, -1.1122 1.2543 0.0048, -1.0531 1.2511 0.014, -1.1122 1.2511 0.014, -1.0531 1.25 0.0236, -1.1122 1.25 0.0236, -1.1122 1.25 1.4016, -1.0531 1.25 1.4016, -1.1122 1.2894 1.4016, -1.0531 1.2894 1.4016, -1.1122 1.2894 0.0236, -1.0531 1.2894 0.0236, -1.1122 1.2895 0.0227, -1.0531 1.2895 0.0227, -1.1122 1.2898 0.0219, -1.0531 1.2898 0.0219, -1.1122 1.2902 0.0212, -1.0531 1.2902 0.0212, -1.1122 1.2909 0.0205, -1.0531 1.2909 0.0205, -1.1122 1.2916 0.0201, -1.0531 1.2916 0.0201, -1.1122 1.2924 0.0198, -1.0531 1.2924 0.0198, -1.1122 1.2933 0.0197, -1.0531 1.2933 0.0197, -1.1122 1.6043 0.0197, -1.0531 1.6043 0.0197, -1.1122 1.6043 -0.0197, -1.0531 1.6043 -0.0197, -0.9153 1.2933 -0.0197, -0.8563 1.2933 -0.0197, -0.8563 1.2837 -0.0186, -0.9153 1.2837 -0.0186, -0.8563 1.2745 -0.0154, -0.9153 1.2745 -0.0154, -0.8563 1.2663 -0.0102, -0.9153 1.2663 -0.0102, -0.8563 1.2595 -0.0034, -0.9153 1.2595 -0.0034, -0.8563 1.2543 0.0048, -0.9153 1.2543 0.0048, -0.8563 1.2511 0.014, -0.9153 1.2511 0.014, -0.8563 1.25 0.0236, -0.9153 1.25 0.0236, -0.9153 1.25 1.4016, -0.8563 1.25 1.4016, -0.9153 1.2894 1.4016, -0.8563 1.2894 1.4016, -0.9153 1.2894 0.0236, -0.8563 1.2894 0.0236, -0.9153 1.2895 0.0227, -0.8563 1.2895 0.0227, -0.9153 1.2898 0.0219, -0.8563 1.2898 0.0219, -0.9153 1.2902 0.0212, -0.8563 1.2902 0.0212, -0.9153 1.2909 0.0205, -0.8563 1.2909 0.0205, -0.9153 1.2916 0.0201, -0.8563 1.2916 0.0201, -0.9153 1.2924 0.0198, -0.8563 1.2924 0.0198, -0.9153 1.2933 0.0197, -0.8563 1.2933 0.0197, -0.9153 1.6043 0.0197, -0.8563 1.6043 0.0197, -0.9153 1.6043 -0.0197, -0.8563 1.6043 -0.0197, -0.7185 1.2933 -0.0197, -0.6594 1.2933 -0.0197, -0.6594 1.2837 -0.0186, -0.7185 1.2837 -0.0186, -0.6594 1.2745 -0.0154, -0.7185 1.2745 -0.0154, -0.6594 1.2663 -0.0102, -0.7185 1.2663 -0.0102, -0.6594 1.2595 -0.0034, -0.7185 1.2595 -0.0034, -0.6594 1.2543 0.0048, -0.7185 1.2543 0.0048, -0.6594 1.2511 0.014, -0.7185 1.2511 0.014, -0.6594 1.25 0.0236, -0.7185 1.25 0.0236, -0.7185 1.25 1.4016, -0.6594 1.25 1.4016, -0.7185 1.2894 1.4016, -0.6594 1.2894 1.4016, -0.7185 1.2894 0.0236, -0.6594 1.2894 0.0236, -0.7185 1.2895 0.0227, -0.6594 1.2895 0.0227, -0.7185 1.2898 0.0219, -0.6594 1.2898 0.0219, -0.7185 1.2902 0.0212, -0.6594 1.2902 0.0212, -0.7185 1.2909 0.0205, -0.6594 1.2909 0.0205, -0.7185 1.2916 0.0201, -0.6594 1.2916 0.0201, -0.7185 1.2924 0.0198, -0.6594 1.2924 0.0198, -0.7185 1.2933 0.0197, -0.6594 1.2933 0.0197, -0.7185 1.6043 0.0197, -0.6594 1.6043 0.0197, -0.7185 1.6043 -0.0197, -0.6594 1.6043 -0.0197, -0.5216 1.2933 -0.0197, -0.4626 1.2933 -0.0197, -0.4626 1.2837 -0.0186, -0.5216 1.2837 -0.0186, -0.4626 1.2745 -0.0154, -0.5216 1.2745 -0.0154, -0.4626 1.2663 -0.0102, -0.5216 1.2663 -0.0102, -0.4626 1.2595 -0.0034, -0.5216 1.2595 -0.0034, -0.4626 1.2543 0.0048, -0.5216 1.2543 0.0048, -0.4626 1.2511 0.014, -0.5216 1.2511 0.014, -0.4626 1.25 0.0236, -0.5216 1.25 0.0236, -0.5216 1.25 1.4016, -0.4626 1.25 1.4016, -0.5216 1.2894 1.4016, -0.4626 1.2894 1.4016, -0.5216 1.2894 0.0236, -0.4626 1.2894 0.0236, -0.5216 1.2895 0.0227, -0.4626 1.2895 0.0227, -0.5216 1.2898 0.0219, -0.4626 1.2898 0.0219, -0.5216 1.2902 0.0212, -0.4626 1.2902 0.0212, -0.5216 1.2909 0.0205, -0.4626 1.2909 0.0205, -0.5216 1.2916 0.0201, -0.4626 1.2916 0.0201, -0.5216 1.2924 0.0198, -0.4626 1.2924 0.0198, -0.5216 1.2933 0.0197, -0.4626 1.2933 0.0197, -0.5216 1.6043 0.0197, -0.4626 1.6043 0.0197, -0.5216 1.6043 -0.0197, -0.4626 1.6043 -0.0197, -0.3248 1.2933 -0.0197, -0.2657 1.2933 -0.0197, -0.2657 1.2837 -0.0186, -0.3248 1.2837 -0.0186, -0.2657 1.2745 -0.0154, -0.3248 1.2745 -0.0154, -0.2657 1.2663 -0.0102, -0.3248 1.2663 -0.0102, -0.2657 1.2595 -0.0034, -0.3248 1.2595 -0.0034, -0.2657 1.2543 0.0048, -0.3248 1.2543 0.0048, -0.2657 1.2511 0.014, -0.3248 1.2511 0.014, -0.2657 1.25 0.0236, -0.3248 1.25 0.0236, -0.3248 1.25 1.4016, -0.2657 1.25 1.4016, -0.3248 1.2894 1.4016, -0.2657 1.2894 1.4016, -0.3248 1.2894 0.0236, -0.2657 1.2894 0.0236, -0.3248 1.2895 0.0227, -0.2657 1.2895 0.0227, -0.3248 1.2898 0.0219, -0.2657 1.2898 0.0219, -0.3248 1.2902 0.0212, -0.2657 1.2902 0.0212, -0.3248 1.2909 0.0205, -0.2657 1.2909 0.0205, -0.3248 1.2916 0.0201, -0.2657 1.2916 0.0201, -0.3248 1.2924 0.0198, -0.2657 1.2924 0.0198, -0.3248 1.2933 0.0197, -0.2657 1.2933 0.0197, -0.3248 1.6043 0.0197, -0.2657 1.6043 0.0197, -0.3248 1.6043 -0.0197, -0.2657 1.6043 -0.0197, -0.1279 1.2933 -0.0197, -0.0689 1.2933 -0.0197, -0.0689 1.2837 -0.0186, -0.1279 1.2837 -0.0186, -0.0689 1.2745 -0.0154, -0.1279 1.2745 -0.0154, -0.0689 1.2663 -0.0102, -0.1279 1.2663 -0.0102, -0.0689 1.2595 -0.0034, -0.1279 1.2595 -0.0034, -0.0689 1.2543 0.0048, -0.1279 1.2543 0.0048, -0.0689 1.2511 0.014, -0.1279 1.2511 0.014, -0.0689 1.25 0.0236, -0.1279 1.25 0.0236, -0.1279 1.25 1.4016, -0.0689 1.25 1.4016, -0.1279 1.2894 1.4016, -0.0689 1.2894 1.4016, -0.1279 1.2894 0.0236, -0.0689 1.2894 0.0236, -0.1279 1.2895 0.0227, -0.0689 1.2895 0.0227, -0.1279 1.2898 0.0219, -0.0689 1.2898 0.0219, -0.1279 1.2902 0.0212, -0.0689 1.2902 0.0212, -0.1279 1.2909 0.0205, -0.0689 1.2909 0.0205, -0.1279 1.2916 0.0201, -0.0689 1.2916 0.0201, -0.1279 1.2924 0.0198, -0.0689 1.2924 0.0198, -0.1279 1.2933 0.0197, -0.0689 1.2933 0.0197, -0.1279 1.6043 0.0197, -0.0689 1.6043 0.0197, -0.1279 1.6043 -0.0197, -0.0689 1.6043 -0.0197, 0.0689 1.2933 -0.0197, 0.128 1.2933 -0.0197, 0.128 1.2837 -0.0186, 0.0689 1.2837 -0.0186, 0.128 1.2745 -0.0154, 0.0689 1.2745 -0.0154, 0.128 1.2663 -0.0102, 0.0689 1.2663 -0.0102, 0.128 1.2595 -0.0034, 0.0689 1.2595 -0.0034, 0.128 1.2543 0.0048, 0.0689 1.2543 0.0048, 0.128 1.2511 0.014, 0.0689 1.2511 0.014, 0.128 1.25 0.0236, 0.0689 1.25 0.0236, 0.0689 1.25 1.4016, 0.128 1.25 1.4016, 0.0689 1.2894 1.4016, 0.128 1.2894 1.4016, 0.0689 1.2894 0.0236, 0.128 1.2894 0.0236, 0.0689 1.2895 0.0227, 0.128 1.2895 0.0227, 0.0689 1.2898 0.0219, 0.128 1.2898 0.0219, 0.0689 1.2902 0.0212, 0.128 1.2902 0.0212, 0.0689 1.2909 0.0205, 0.128 1.2909 0.0205, 0.0689 1.2916 0.0201, 0.128 1.2916 0.0201, 0.0689 1.2924 0.0198, 0.128 1.2924 0.0198, 0.0689 1.2933 0.0197, 0.128 1.2933 0.0197, 0.0689 1.6043 0.0197, 0.128 1.6043 0.0197, 0.0689 1.6043 -0.0197, 0.128 1.6043 -0.0197, 0.2658 1.2933 -0.0197, 0.3248 1.2933 -0.0197, 0.3248 1.2837 -0.0186, 0.2658 1.2837 -0.0186, 0.3248 1.2745 -0.0154, 0.2658 1.2745 -0.0154, 0.3248 1.2663 -0.0102, 0.2658 1.2663 -0.0102, 0.3248 1.2595 -0.0034, 0.2658 1.2595 -0.0034, 0.3248 1.2543 0.0048, 0.2658 1.2543 0.0048, 0.3248 1.2511 0.014, 0.2658 1.2511 0.014, 0.3248 1.25 0.0236, 0.2658 1.25 0.0236, 0.2658 1.25 1.4016, 0.3248 1.25 1.4016, 0.2658 1.2894 1.4016, 0.3248 1.2894 1.4016, 0.2658 1.2894 0.0236, 0.3248 1.2894 0.0236, 0.2658 1.2895 0.0227, 0.3248 1.2895 0.0227, 0.2658 1.2898 0.0219, 0.3248 1.2898 0.0219, 0.2658 1.2902 0.0212, 0.3248 1.2902 0.0212, 0.2658 1.2909 0.0205, 0.3248 1.2909 0.0205, 0.2658 1.2916 0.0201, 0.3248 1.2916 0.0201, 0.2658 1.2924 0.0198, 0.3248 1.2924 0.0198, 0.2658 1.2933 0.0197, 0.3248 1.2933 0.0197, 0.2658 1.6043 0.0197, 0.3248 1.6043 0.0197, 0.2658 1.6043 -0.0197, 0.3248 1.6043 -0.0197, 0.4626 1.2933 -0.0197, 0.5217 1.2933 -0.0197, 0.5217 1.2837 -0.0186, 0.4626 1.2837 -0.0186, 0.5217 1.2745 -0.0154, 0.4626 1.2745 -0.0154, 0.5217 1.2663 -0.0102, 0.4626 1.2663 -0.0102, 0.5217 1.2595 -0.0034, 0.4626 1.2595 -0.0034, 0.5217 1.2543 0.0048, 0.4626 1.2543 0.0048, 0.5217 1.2511 0.014, 0.4626 1.2511 0.014, 0.5217 1.25 0.0236, 0.4626 1.25 0.0236, 0.4626 1.25 1.4016, 0.5217 1.25 1.4016, 0.4626 1.2894 1.4016, 0.5217 1.2894 1.4016, 0.4626 1.2894 0.0236, 0.5217 1.2894 0.0236, 0.4626 1.2895 0.0227, 0.5217 1.2895 0.0227, 0.4626 1.2898 0.0219, 0.5217 1.2898 0.0219, 0.4626 1.2902 0.0212, 0.5217 1.2902 0.0212, 0.4626 1.2909 0.0205, 0.5217 1.2909 0.0205, 0.4626 1.2916 0.0201, 0.5217 1.2916 0.0201, 0.4626 1.2924 0.0198, 0.5217 1.2924 0.0198, 0.4626 1.2933 0.0197, 0.5217 1.2933 0.0197, 0.4626 1.6043 0.0197, 0.5217 1.6043 0.0197, 0.4626 1.6043 -0.0197, 0.5217 1.6043 -0.0197, 0.6595 1.2933 -0.0197, 0.7185 1.2933 -0.0197, 0.7185 1.2837 -0.0186, 0.6595 1.2837 -0.0186, 0.7185 1.2745 -0.0154, 0.6595 1.2745 -0.0154, 0.7185 1.2663 -0.0102, 0.6595 1.2663 -0.0102, 0.7185 1.2595 -0.0034, 0.6595 1.2595 -0.0034, 0.7185 1.2543 0.0048, 0.6595 1.2543 0.0048, 0.7185 1.2511 0.014, 0.6595 1.2511 0.014, 0.7185 1.25 0.0236, 0.6595 1.25 0.0236, 0.6595 1.25 1.4016, 0.7185 1.25 1.4016, 0.6595 1.2894 1.4016, 0.7185 1.2894 1.4016, 0.6595 1.2894 0.0236, 0.7185 1.2894 0.0236, 0.6595 1.2895 0.0227, 0.7185 1.2895 0.0227, 0.6595 1.2898 0.0219, 0.7185 1.2898 0.0219, 0.6595 1.2902 0.0212, 0.7185 1.2902 0.0212, 0.6595 1.2909 0.0205, 0.7185 1.2909 0.0205, 0.6595 1.2916 0.0201, 0.7185 1.2916 0.0201, 0.6595 1.2924 0.0198, 0.7185 1.2924 0.0198, 0.6595 1.2933 0.0197, 0.7185 1.2933 0.0197, 0.6595 1.6043 0.0197, 0.7185 1.6043 0.0197, 0.6595 1.6043 -0.0197, 0.7185 1.6043 -0.0197, 0.8563 1.2933 -0.0197, 0.9154 1.2933 -0.0197, 0.9154 1.2837 -0.0186, 0.8563 1.2837 -0.0186, 0.9154 1.2745 -0.0154, 0.8563 1.2745 -0.0154, 0.9154 1.2663 -0.0102, 0.8563 1.2663 -0.0102, 0.9154 1.2595 -0.0034, 0.8563 1.2595 -0.0034, 0.9154 1.2543 0.0048, 0.8563 1.2543 0.0048, 0.9154 1.2511 0.014, 0.8563 1.2511 0.014, 0.9154 1.25 0.0236, 0.8563 1.25 0.0236, 0.8563 1.25 1.4016, 0.9154 1.25 1.4016, 0.8563 1.2894 1.4016, 0.9154 1.2894 1.4016, 0.8563 1.2894 0.0236, 0.9154 1.2894 0.0236, 0.8563 1.2895 0.0227, 0.9154 1.2895 0.0227, 0.8563 1.2898 0.0219, 0.9154 1.2898 0.0219, 0.8563 1.2902 0.0212, 0.9154 1.2902 0.0212, 0.8563 1.2909 0.0205, 0.9154 1.2909 0.0205, 0.8563 1.2916 0.0201, 0.9154 1.2916 0.0201, 0.8563 1.2924 0.0198, 0.9154 1.2924 0.0198, 0.8563 1.2933 0.0197, 0.9154 1.2933 0.0197, 0.8563 1.6043 0.0197, 0.9154 1.6043 0.0197, 0.8563 1.6043 -0.0197, 0.9154 1.6043 -0.0197, 1.0532 1.2933 -0.0197, 1.1122 1.2933 -0.0197, 1.1122 1.2837 -0.0186, 1.0532 1.2837 -0.0186, 1.1122 1.2745 -0.0154, 1.0532 1.2745 -0.0154, 1.1122 1.2663 -0.0102, 1.0532 1.2663 -0.0102, 1.1122 1.2595 -0.0034, 1.0532 1.2595 -0.0034, 1.1122 1.2543 0.0048, 1.0532 1.2543 0.0048, 1.1122 1.2511 0.014, 1.0532 1.2511 0.014, 1.1122 1.25 0.0236, 1.0532 1.25 0.0236, 1.0532 1.25 1.4016, 1.1122 1.25 1.4016, 1.0532 1.2894 1.4016, 1.1122 1.2894 1.4016, 1.0532 1.2894 0.0236, 1.1122 1.2894 0.0236, 1.0532 1.2895 0.0227, 1.1122 1.2895 0.0227, 1.0532 1.2898 0.0219, 1.1122 1.2898 0.0219, 1.0532 1.2902 0.0212, 1.1122 1.2902 0.0212, 1.0532 1.2909 0.0205, 1.1122 1.2909 0.0205, 1.0532 1.2916 0.0201, 1.1122 1.2916 0.0201, 1.0532 1.2924 0.0198, 1.1122 1.2924 0.0198, 1.0532 1.2933 0.0197, 1.1122 1.2933 0.0197, 1.0532 1.6043 0.0197, 1.1122 1.6043 0.0197, 1.0532 1.6043 -0.0197, 1.1122 1.6043 -0.0197, 1.25 1.2933 -0.0197, 1.3091 1.2933 -0.0197, 1.3091 1.2837 -0.0186, 1.25 1.2837 -0.0186, 1.3091 1.2745 -0.0154, 1.25 1.2745 -0.0154, 1.3091 1.2663 -0.0102, 1.25 1.2663 -0.0102, 1.3091 1.2595 -0.0034, 1.25 1.2595 -0.0034, 1.3091 1.2543 0.0048, 1.25 1.2543 0.0048, 1.3091 1.2511 0.014, 1.25 1.2511 0.014, 1.3091 1.25 0.0236, 1.25 1.25 0.0236, 1.25 1.25 1.4016, 1.3091 1.25 1.4016, 1.25 1.2894 1.4016, 1.3091 1.2894 1.4016, 1.25 1.2894 0.0236, 1.3091 1.2894 0.0236, 1.25 1.2895 0.0227, 1.3091 1.2895 0.0227, 1.25 1.2898 0.0219, 1.3091 1.2898 0.0219, 1.25 1.2902 0.0212, 1.3091 1.2902 0.0212, 1.25 1.2909 0.0205, 1.3091 1.2909 0.0205, 1.25 1.2916 0.0201, 1.3091 1.2916 0.0201, 1.25 1.2924 0.0198, 1.3091 1.2924 0.0198, 1.25 1.2933 0.0197, 1.3091 1.2933 0.0197, 1.25 1.6043 0.0197, 1.3091 1.6043 0.0197, 1.25 1.6043 -0.0197, 1.3091 1.6043 -0.0197, 1.4469 1.2933 -0.0197, 1.5059 1.2933 -0.0197, 1.5059 1.2837 -0.0186, 1.4469 1.2837 -0.0186, 1.5059 1.2745 -0.0154, 1.4469 1.2745 -0.0154, 1.5059 1.2663 -0.0102, 1.4469 1.2663 -0.0102, 1.5059 1.2595 -0.0034, 1.4469 1.2595 -0.0034, 1.5059 1.2543 0.0048, 1.4469 1.2543 0.0048, 1.5059 1.2511 0.014, 1.4469 1.2511 0.014, 1.5059 1.25 0.0236, 1.4469 1.25 0.0236, 1.4469 1.25 1.4016, 1.5059 1.25 1.4016, 1.4469 1.2894 1.4016, 1.5059 1.2894 1.4016, 1.4469 1.2894 0.0236, 1.5059 1.2894 0.0236, 1.4469 1.2895 0.0227, 1.5059 1.2895 0.0227, 1.4469 1.2898 0.0219, 1.5059 1.2898 0.0219, 1.4469 1.2902 0.0212, 1.5059 1.2902 0.0212, 1.4469 1.2909 0.0205, 1.5059 1.2909 0.0205, 1.4469 1.2916 0.0201, 1.5059 1.2916 0.0201, 1.4469 1.2924 0.0198, 1.5059 1.2924 0.0198, 1.4469 1.2933 0.0197, 1.5059 1.2933 0.0197, 1.4469 1.6043 0.0197, 1.5059 1.6043 0.0197, 1.4469 1.6043 -0.0197, 1.5059 1.6043 -0.0197, 1.6437 1.2933 -0.0197, 1.7028 1.2933 -0.0197, 1.7028 1.2837 -0.0186, 1.6437 1.2837 -0.0186, 1.7028 1.2745 -0.0154, 1.6437 1.2745 -0.0154, 1.7028 1.2663 -0.0102, 1.6437 1.2663 -0.0102, 1.7028 1.2595 -0.0034, 1.6437 1.2595 -0.0034, 1.7028 1.2543 0.0048, 1.6437 1.2543 0.0048, 1.7028 1.2511 0.014, 1.6437 1.2511 0.014, 1.7028 1.25 0.0236, 1.6437 1.25 0.0236, 1.6437 1.25 1.4016, 1.7028 1.25 1.4016, 1.6437 1.2894 1.4016, 1.7028 1.2894 1.4016, 1.6437 1.2894 0.0236, 1.7028 1.2894 0.0236, 1.6437 1.2895 0.0227, 1.7028 1.2895 0.0227, 1.6437 1.2898 0.0219, 1.7028 1.2898 0.0219, 1.6437 1.2902 0.0212, 1.7028 1.2902 0.0212, 1.6437 1.2909 0.0205, 1.7028 1.2909 0.0205, 1.6437 1.2916 0.0201, 1.7028 1.2916 0.0201, 1.6437 1.2924 0.0198, 1.7028 1.2924 0.0198, 1.6437 1.2933 0.0197, 1.7028 1.2933 0.0197, 1.6437 1.6043 0.0197, 1.7028 1.6043 0.0197, 1.6437 1.6043 -0.0197, 1.7028 1.6043 -0.0197, 1.8406 1.2933 -0.0197, 1.8996 1.2933 -0.0197, 1.8996 1.2837 -0.0186, 1.8406 1.2837 -0.0186, 1.8996 1.2745 -0.0154, 1.8406 1.2745 -0.0154, 1.8996 1.2663 -0.0102, 1.8406 1.2663 -0.0102, 1.8996 1.2595 -0.0034, 1.8406 1.2595 -0.0034, 1.8996 1.2543 0.0048, 1.8406 1.2543 0.0048, 1.8996 1.2511 0.014, 1.8406 1.2511 0.014, 1.8996 1.25 0.0236, 1.8406 1.25 0.0236, 1.8406 1.25 1.4016, 1.8996 1.25 1.4016, 1.8406 1.2894 1.4016, 1.8996 1.2894 1.4016, 1.8406 1.2894 0.0236, 1.8996 1.2894 0.0236, 1.8406 1.2895 0.0227, 1.8996 1.2895 0.0227, 1.8406 1.2898 0.0219, 1.8996 1.2898 0.0219, 1.8406 1.2902 0.0212, 1.8996 1.2902 0.0212, 1.8406 1.2909 0.0205, 1.8996 1.2909 0.0205, 1.8406 1.2916 0.0201, 1.8996 1.2916 0.0201, 1.8406 1.2924 0.0198, 1.8996 1.2924 0.0198, 1.8406 1.2933 0.0197, 1.8996 1.2933 0.0197, 1.8406 1.6043 0.0197, 1.8996 1.6043 0.0197, 1.8406 1.6043 -0.0197, 1.8996 1.6043 -0.0197, 2.0374 1.2933 -0.0197, 2.0965 1.2933 -0.0197, 2.0965 1.2837 -0.0186, 2.0374 1.2837 -0.0186, 2.0965 1.2745 -0.0154, 2.0374 1.2745 -0.0154, 2.0965 1.2663 -0.0102, 2.0374 1.2663 -0.0102, 2.0965 1.2595 -0.0034, 2.0374 1.2595 -0.0034, 2.0965 1.2543 0.0048, 2.0374 1.2543 0.0048, 2.0965 1.2511 0.014, 2.0374 1.2511 0.014, 2.0965 1.25 0.0236, 2.0374 1.25 0.0236, 2.0374 1.25 1.4016, 2.0965 1.25 1.4016, 2.0374 1.2894 1.4016, 2.0965 1.2894 1.4016, 2.0374 1.2894 0.0236, 2.0965 1.2894 0.0236, 2.0374 1.2895 0.0227, 2.0965 1.2895 0.0227, 2.0374 1.2898 0.0219, 2.0965 1.2898 0.0219, 2.0374 1.2902 0.0212, 2.0965 1.2902 0.0212, 2.0374 1.2909 0.0205, 2.0965 1.2909 0.0205, 2.0374 1.2916 0.0201, 2.0965 1.2916 0.0201, 2.0374 1.2924 0.0198, 2.0965 1.2924 0.0198, 2.0374 1.2933 0.0197, 2.0965 1.2933 0.0197, 2.0374 1.6043 0.0197, 2.0965 1.6043 0.0197, 2.0374 1.6043 -0.0197, 2.0965 1.6043 -0.0197, 2.2343 1.2933 -0.0197, 2.2933 1.2933 -0.0197, 2.2933 1.2837 -0.0186, 2.2343 1.2837 -0.0186, 2.2933 1.2745 -0.0154, 2.2343 1.2745 -0.0154, 2.2933 1.2663 -0.0102, 2.2343 1.2663 -0.0102, 2.2933 1.2595 -0.0034, 2.2343 1.2595 -0.0034, 2.2933 1.2543 0.0048, 2.2343 1.2543 0.0048, 2.2933 1.2511 0.014, 2.2343 1.2511 0.014, 2.2933 1.25 0.0236, 2.2343 1.25 0.0236, 2.2343 1.25 1.4016, 2.2933 1.25 1.4016, 2.2343 1.2894 1.4016, 2.2933 1.2894 1.4016, 2.2343 1.2894 0.0236, 2.2933 1.2894 0.0236, 2.2343 1.2895 0.0227, 2.2933 1.2895 0.0227, 2.2343 1.2898 0.0219, 2.2933 1.2898 0.0219, 2.2343 1.2902 0.0212, 2.2933 1.2902 0.0212, 2.2343 1.2909 0.0205, 2.2933 1.2909 0.0205, 2.2343 1.2916 0.0201, 2.2933 1.2916 0.0201, 2.2343 1.2924 0.0198, 2.2933 1.2924 0.0198, 2.2343 1.2933 0.0197, 2.2933 1.2933 0.0197, 2.2343 1.6043 0.0197, 2.2933 1.6043 0.0197, 2.2343 1.6043 -0.0197, 2.2933 1.6043 -0.0197, 2.4311 1.2933 -0.0197, 2.4902 1.2933 -0.0197, 2.4902 1.2837 -0.0186, 2.4311 1.2837 -0.0186, 2.4902 1.2745 -0.0154, 2.4311 1.2745 -0.0154, 2.4902 1.2663 -0.0102, 2.4311 1.2663 -0.0102, 2.4902 1.2595 -0.0034, 2.4311 1.2595 -0.0034, 2.4902 1.2543 0.0048, 2.4311 1.2543 0.0048, 2.4902 1.2511 0.014, 2.4311 1.2511 0.014, 2.4902 1.25 0.0236, 2.4311 1.25 0.0236, 2.4311 1.25 1.4016, 2.4902 1.25 1.4016, 2.4311 1.2894 1.4016, 2.4902 1.2894 1.4016, 2.4311 1.2894 0.0236, 2.4902 1.2894 0.0236, 2.4311 1.2895 0.0227, 2.4902 1.2895 0.0227, 2.4311 1.2898 0.0219, 2.4902 1.2898 0.0219, 2.4311 1.2902 0.0212, 2.4902 1.2902 0.0212, 2.4311 1.2909 0.0205, 2.4902 1.2909 0.0205, 2.4311 1.2916 0.0201, 2.4902 1.2916 0.0201, 2.4311 1.2924 0.0198, 2.4902 1.2924 0.0198, 2.4311 1.2933 0.0197, 2.4902 1.2933 0.0197, 2.4311 1.6043 0.0197, 2.4902 1.6043 0.0197, 2.4311 1.6043 -0.0197, 2.4902 1.6043 -0.0197, 2.628 1.2933 -0.0197, 2.687 1.2933 -0.0197, 2.687 1.2837 -0.0186, 2.628 1.2837 -0.0186, 2.687 1.2745 -0.0154, 2.628 1.2745 -0.0154, 2.687 1.2663 -0.0102, 2.628 1.2663 -0.0102, 2.687 1.2595 -0.0034, 2.628 1.2595 -0.0034, 2.687 1.2543 0.0048, 2.628 1.2543 0.0048, 2.687 1.2511 0.014, 2.628 1.2511 0.014, 2.687 1.25 0.0236, 2.628 1.25 0.0236, 2.628 1.25 1.4016, 2.687 1.25 1.4016, 2.628 1.2894 1.4016, 2.687 1.2894 1.4016, 2.628 1.2894 0.0236, 2.687 1.2894 0.0236, 2.628 1.2895 0.0227, 2.687 1.2895 0.0227, 2.628 1.2898 0.0219, 2.687 1.2898 0.0219, 2.628 1.2902 0.0212, 2.687 1.2902 0.0212, 2.628 1.2909 0.0205, 2.687 1.2909 0.0205, 2.628 1.2916 0.0201, 2.687 1.2916 0.0201, 2.628 1.2924 0.0198, 2.687 1.2924 0.0198, 2.628 1.2933 0.0197, 2.687 1.2933 0.0197, 2.628 1.6043 0.0197, 2.687 1.6043 0.0197, 2.628 1.6043 -0.0197, 2.687 1.6043 -0.0197, 2.8248 1.2933 -0.0197, 2.8839 1.2933 -0.0197, 2.8839 1.2837 -0.0186, 2.8248 1.2837 -0.0186, 2.8839 1.2745 -0.0154, 2.8248 1.2745 -0.0154, 2.8839 1.2663 -0.0102, 2.8248 1.2663 -0.0102, 2.8839 1.2595 -0.0034, 2.8248 1.2595 -0.0034, 2.8839 1.2543 0.0048, 2.8248 1.2543 0.0048, 2.8839 1.2511 0.014, 2.8248 1.2511 0.014, 2.8839 1.25 0.0236, 2.8248 1.25 0.0236, 2.8248 1.25 1.4016, 2.8839 1.25 1.4016, 2.8248 1.2894 1.4016, 2.8839 1.2894 1.4016, 2.8248 1.2894 0.0236, 2.8839 1.2894 0.0236, 2.8248 1.2895 0.0227, 2.8839 1.2895 0.0227, 2.8248 1.2898 0.0219, 2.8839 1.2898 0.0219, 2.8248 1.2902 0.0212, 2.8839 1.2902 0.0212, 2.8248 1.2909 0.0205, 2.8839 1.2909 0.0205, 2.8248 1.2916 0.0201, 2.8839 1.2916 0.0201, 2.8248 1.2924 0.0198, 2.8839 1.2924 0.0198, 2.8248 1.2933 0.0197, 2.8839 1.2933 0.0197, 2.8248 1.6043 0.0197, 2.8839 1.6043 0.0197, 2.8248 1.6043 -0.0197, 2.8839 1.6043 -0.0197, 3.0217 1.2933 -0.0197, 3.0807 1.2933 -0.0197, 3.0807 1.2837 -0.0186, 3.0217 1.2837 -0.0186, 3.0807 1.2745 -0.0154, 3.0217 1.2745 -0.0154, 3.0807 1.2663 -0.0102, 3.0217 1.2663 -0.0102, 3.0807 1.2595 -0.0034, 3.0217 1.2595 -0.0034, 3.0807 1.2543 0.0048, 3.0217 1.2543 0.0048, 3.0807 1.2511 0.014, 3.0217 1.2511 0.014, 3.0807 1.25 0.0236, 3.0217 1.25 0.0236, 3.0217 1.25 1.4016, 3.0807 1.25 1.4016, 3.0217 1.2894 1.4016, 3.0807 1.2894 1.4016, 3.0217 1.2894 0.0236, 3.0807 1.2894 0.0236, 3.0217 1.2895 0.0227, 3.0807 1.2895 0.0227, 3.0217 1.2898 0.0219, 3.0807 1.2898 0.0219, 3.0217 1.2902 0.0212, 3.0807 1.2902 0.0212, 3.0217 1.2909 0.0205, 3.0807 1.2909 0.0205, 3.0217 1.2916 0.0201, 3.0807 1.2916 0.0201, 3.0217 1.2924 0.0198, 3.0807 1.2924 0.0198, 3.0217 1.2933 0.0197, 3.0807 1.2933 0.0197, 3.0217 1.6043 0.0197, 3.0807 1.6043 0.0197, 3.0217 1.6043 -0.0197, 3.0807 1.6043 -0.0197, 3.2185 1.2933 -0.0197, 3.2776 1.2933 -0.0197, 3.2776 1.2837 -0.0186, 3.2185 1.2837 -0.0186, 3.2776 1.2745 -0.0154, 3.2185 1.2745 -0.0154, 3.2776 1.2663 -0.0102, 3.2185 1.2663 -0.0102, 3.2776 1.2595 -0.0034, 3.2185 1.2595 -0.0034, 3.2776 1.2543 0.0048, 3.2185 1.2543 0.0048, 3.2776 1.2511 0.014, 3.2185 1.2511 0.014, 3.2776 1.25 0.0236, 3.2185 1.25 0.0236, 3.2185 1.25 1.4016, 3.2776 1.25 1.4016, 3.2185 1.2894 1.4016, 3.2776 1.2894 1.4016, 3.2185 1.2894 0.0236, 3.2776 1.2894 0.0236, 3.2185 1.2895 0.0227, 3.2776 1.2895 0.0227, 3.2185 1.2898 0.0219, 3.2776 1.2898 0.0219, 3.2185 1.2902 0.0212, 3.2776 1.2902 0.0212, 3.2185 1.2909 0.0205, 3.2776 1.2909 0.0205, 3.2185 1.2916 0.0201, 3.2776 1.2916 0.0201, 3.2185 1.2924 0.0198, 3.2776 1.2924 0.0198, 3.2185 1.2933 0.0197, 3.2776 1.2933 0.0197, 3.2185 1.6043 0.0197, 3.2776 1.6043 0.0197, 3.2185 1.6043 -0.0197, 3.2776 1.6043 -0.0197, 3.4154 1.2933 -0.0197, 3.4744 1.2933 -0.0197, 3.4744 1.2837 -0.0186, 3.4154 1.2837 -0.0186, 3.4744 1.2745 -0.0154, 3.4154 1.2745 -0.0154, 3.4744 1.2663 -0.0102, 3.4154 1.2663 -0.0102, 3.4744 1.2595 -0.0034, 3.4154 1.2595 -0.0034, 3.4744 1.2543 0.0048, 3.4154 1.2543 0.0048, 3.4744 1.2511 0.014, 3.4154 1.2511 0.014, 3.4744 1.25 0.0236, 3.4154 1.25 0.0236, 3.4154 1.25 1.4016, 3.4744 1.25 1.4016, 3.4154 1.2894 1.4016, 3.4744 1.2894 1.4016, 3.4154 1.2894 0.0236, 3.4744 1.2894 0.0236, 3.4154 1.2895 0.0227, 3.4744 1.2895 0.0227, 3.4154 1.2898 0.0219, 3.4744 1.2898 0.0219, 3.4154 1.2902 0.0212, 3.4744 1.2902 0.0212, 3.4154 1.2909 0.0205, 3.4744 1.2909 0.0205, 3.4154 1.2916 0.0201, 3.4744 1.2916 0.0201, 3.4154 1.2924 0.0198, 3.4744 1.2924 0.0198, 3.4154 1.2933 0.0197, 3.4744 1.2933 0.0197, 3.4154 1.6043 0.0197, 3.4744 1.6043 0.0197, 3.4154 1.6043 -0.0197, 3.4744 1.6043 -0.0197, 3.6122 1.2933 -0.0197, 3.6713 1.2933 -0.0197, 3.6713 1.2837 -0.0186, 3.6122 1.2837 -0.0186, 3.6713 1.2745 -0.0154, 3.6122 1.2745 -0.0154, 3.6713 1.2663 -0.0102, 3.6122 1.2663 -0.0102, 3.6713 1.2595 -0.0034, 3.6122 1.2595 -0.0034, 3.6713 1.2543 0.0048, 3.6122 1.2543 0.0048, 3.6713 1.2511 0.014, 3.6122 1.2511 0.014, 3.6713 1.25 0.0236, 3.6122 1.25 0.0236, 3.6122 1.25 1.4016, 3.6713 1.25 1.4016, 3.6122 1.2894 1.4016, 3.6713 1.2894 1.4016, 3.6122 1.2894 0.0236, 3.6713 1.2894 0.0236, 3.6122 1.2895 0.0227, 3.6713 1.2895 0.0227, 3.6122 1.2898 0.0219, 3.6713 1.2898 0.0219, 3.6122 1.2902 0.0212, 3.6713 1.2902 0.0212, 3.6122 1.2909 0.0205, 3.6713 1.2909 0.0205, 3.6122 1.2916 0.0201, 3.6713 1.2916 0.0201, 3.6122 1.2924 0.0198, 3.6713 1.2924 0.0198, 3.6122 1.2933 0.0197, 3.6713 1.2933 0.0197, 3.6122 1.6043 0.0197, 3.6713 1.6043 0.0197, 3.6122 1.6043 -0.0197, 3.6713 1.6043 -0.0197, -3.0807 1.2933 -0.0197, -3.0216 1.2933 -0.0197, -3.0216 1.2837 -0.0186, -3.0807 1.2837 -0.0186, -3.0216 1.2745 -0.0154, -3.0807 1.2745 -0.0154, -3.0216 1.2663 -0.0102, -3.0807 1.2663 -0.0102, -3.0216 1.2595 -0.0034, -3.0807 1.2595 -0.0034, -3.0216 1.2543 0.0048, -3.0807 1.2543 0.0048, -3.0216 1.2511 0.014, -3.0807 1.2511 0.014, -3.0216 1.25 0.0236, -3.0807 1.25 0.0236, -3.0807 1.25 1.4016, -3.0216 1.25 1.4016, -3.0807 1.2894 1.4016, -3.0216 1.2894 1.4016, -3.0807 1.2894 0.0236, -3.0216 1.2894 0.0236, -3.0807 1.2895 0.0227, -3.0216 1.2895 0.0227, -3.0807 1.2898 0.0219, -3.0216 1.2898 0.0219, -3.0807 1.2902 0.0212, -3.0216 1.2902 0.0212, -3.0807 1.2909 0.0205, -3.0216 1.2909 0.0205, -3.0807 1.2916 0.0201, -3.0216 1.2916 0.0201, -3.0807 1.2924 0.0198, -3.0216 1.2924 0.0198, -3.0807 1.2933 0.0197, -3.0216 1.2933 0.0197, -3.0807 1.6043 0.0197, -3.0216 1.6043 0.0197, -3.0807 1.6043 -0.0197, -3.0216 1.6043 -0.0197
            ]
        }
        coordIndex [
            0,1,2,-1,0,2,3,-1,3,2,4,-1,3,4,5,-1,5,4,6,-1,5,6,7,-1,7,6,8,-1,7,8,9,-1,9,8,10,-1,9,10,11,-1,11,10,12,-1,11,12,13,-1,13,12,14,-1,13,14,15,-1,16,15,17,-1,17,15,14,-1,18,16,19,-1,19,16,17,-1,20,18,21,-1,21,18,19,-1,20,21,22,-1,22,21,23,-1,22,23,24,-1,24,23,25,-1,24,25,26,-1,26,25,27,-1,26,27,28,-1,28,27,29,-1,28,29,30,-1,30,29,31,-1,30,31,32,-1,32,31,33,-1,32,33,34,-1,34,33,35,-1,36,34,37,-1,37,34,35,-1,38,36,39,-1,39,36,37,-1,0,38,1,-1,1,38,39,-1,36,38,34,-1,34,38,0,-1,34,0,32,-1,32,0,3,-1,32,3,30,-1,30,3,5,-1,30,5,28,-1,28,5,7,-1,28,7,26,-1,26,7,9,-1,26,9,24,-1,24,9,11,-1,24,11,22,-1,22,11,13,-1,22,13,20,-1,20,13,15,-1,20,15,18,-1,18,15,16,-1,19,17,21,-1,21,17,14,-1,21,14,23,-1,23,14,12,-1,23,12,25,-1,25,12,10,-1,25,10,27,-1,27,10,8,-1,27,8,29,-1,29,8,6,-1,29,6,31,-1,31,6,4,-1,31,4,33,-1,33,4,2,-1,33,2,35,-1,35,2,1,-1,35,1,37,-1,37,1,39,-1,40,41,42,-1,40,42,43,-1,43,42,44,-1,43,44,45,-1,45,44,46,-1,45,46,47,-1,47,46,48,-1,47,48,49,-1,49,48,50,-1,49,50,51,-1,51,50,52,-1,51,52,53,-1,53,52,54,-1,53,54,55,-1,56,55,57,-1,57,55,54,-1,58,56,59,-1,59,56,57,-1,60,58,61,-1,61,58,59,-1,60,61,62,-1,62,61,63,-1,62,63,64,-1,64,63,65,-1,64,65,66,-1,66,65,67,-1,66,67,68,-1,68,67,69,-1,68,69,70,-1,70,69,71,-1,70,71,72,-1,72,71,73,-1,72,73,74,-1,74,73,75,-1,76,74,77,-1,77,74,75,-1,78,76,79,-1,79,76,77,-1,40,78,41,-1,41,78,79,-1,76,78,74,-1,74,78,40,-1,74,40,72,-1,72,40,43,-1,72,43,70,-1,70,43,45,-1,70,45,68,-1,68,45,47,-1,68,47,66,-1,66,47,49,-1,66,49,64,-1,64,49,51,-1,64,51,62,-1,62,51,53,-1,62,53,60,-1,60,53,55,-1,60,55,58,-1,58,55,56,-1,59,57,61,-1,61,57,54,-1,61,54,63,-1,63,54,52,-1,63,52,65,-1,65,52,50,-1,65,50,67,-1,67,50,48,-1,67,48,69,-1,69,48,46,-1,69,46,71,-1,71,46,44,-1,71,44,73,-1,73,44,42,-1,73,42,75,-1,75,42,41,-1,75,41,77,-1,77,41,79,-1,80,81,82,-1,80,82,83,-1,83,82,84,-1,83,84,85,-1,85,84,86,-1,85,86,87,-1,87,86,88,-1,87,88,89,-1,89,88,90,-1,89,90,91,-1,91,90,92,-1,91,92,93,-1,93,92,94,-1,93,94,95,-1,96,95,97,-1,97,95,94,-1,98,96,99,-1,99,96,97,-1,100,98,101,-1,101,98,99,-1,100,101,102,-1,102,101,103,-1,102,103,104,-1,104,103,105,-1,104,105,106,-1,106,105,107,-1,106,107,108,-1,108,107,109,-1,108,109,110,-1,110,109,111,-1,110,111,112,-1,112,111,113,-1,112,113,114,-1,114,113,115,-1,116,114,117,-1,117,114,115,-1,118,116,119,-1,119,116,117,-1,80,118,81,-1,81,118,119,-1,116,118,114,-1,114,118,80,-1,114,80,112,-1,112,80,83,-1,112,83,110,-1,110,83,85,-1,110,85,108,-1,108,85,87,-1,108,87,106,-1,106,87,89,-1,106,89,104,-1,104,89,91,-1,104,91,102,-1,102,91,93,-1,102,93,100,-1,100,93,95,-1,100,95,98,-1,98,95,96,-1,99,97,101,-1,101,97,94,-1,101,94,103,-1,103,94,92,-1,103,92,105,-1,105,92,90,-1,105,90,107,-1,107,90,88,-1,107,88,109,-1,109,88,86,-1,109,86,111,-1,111,86,84,-1,111,84,113,-1,113,84,82,-1,113,82,115,-1,115,82,81,-1,115,81,117,-1,117,81,119,-1,120,121,122,-1,120,122,123,-1,123,122,124,-1,123,124,125,-1,125,124,126,-1,125,126,127,-1,127,126,128,-1,127,128,129,-1,129,128,130,-1,129,130,131,-1,131,130,132,-1,131,132,133,-1,133,132,134,-1,133,134,135,-1,136,135,137,-1,137,135,134,-1,138,136,139,-1,139,136,137,-1,140,138,141,-1,141,138,139,-1,140,141,142,-1,142,141,143,-1,142,143,144,-1,144,143,145,-1,144,145,146,-1,146,145,147,-1,146,147,148,-1,148,147,149,-1,148,149,150,-1,150,149,151,-1,150,151,152,-1,152,151,153,-1,152,153,154,-1,154,153,155,-1,156,154,157,-1,157,154,155,-1,158,156,159,-1,159,156,157,-1,120,158,121,-1,121,158,159,-1,156,158,154,-1,154,158,120,-1,154,120,152,-1,152,120,123,-1,152,123,150,-1,150,123,125,-1,150,125,148,-1,148,125,127,-1,148,127,146,-1,146,127,129,-1,146,129,144,-1,144,129,131,-1,144,131,142,-1,142,131,133,-1,142,133,140,-1,140,133,135,-1,140,135,138,-1,138,135,136,-1,139,137,141,-1,141,137,134,-1,141,134,143,-1,143,134,132,-1,143,132,145,-1,145,132,130,-1,145,130,147,-1,147,130,128,-1,147,128,149,-1,149,128,126,-1,149,126,151,-1,151,126,124,-1,151,124,153,-1,153,124,122,-1,153,122,155,-1,155,122,121,-1,155,121,157,-1,157,121,159,-1,160,161,162,-1,160,162,163,-1,163,162,164,-1,163,164,165,-1,165,164,166,-1,165,166,167,-1,167,166,168,-1,167,168,169,-1,169,168,170,-1,169,170,171,-1,171,170,172,-1,171,172,173,-1,173,172,174,-1,173,174,175,-1,176,175,177,-1,177,175,174,-1,178,176,179,-1,179,176,177,-1,180,178,181,-1,181,178,179,-1,180,181,182,-1,182,181,183,-1,182,183,184,-1,184,183,185,-1,184,185,186,-1,186,185,187,-1,186,187,188,-1,188,187,189,-1,188,189,190,-1,190,189,191,-1,190,191,192,-1,192,191,193,-1,192,193,194,-1,194,193,195,-1,196,194,197,-1,197,194,195,-1,198,196,199,-1,199,196,197,-1,160,198,161,-1,161,198,199,-1,196,198,194,-1,194,198,160,-1,194,160,192,-1,192,160,163,-1,192,163,190,-1,190,163,165,-1,190,165,188,-1,188,165,167,-1,188,167,186,-1,186,167,169,-1,186,169,184,-1,184,169,171,-1,184,171,182,-1,182,171,173,-1,182,173,180,-1,180,173,175,-1,180,175,178,-1,178,175,176,-1,179,177,181,-1,181,177,174,-1,181,174,183,-1,183,174,172,-1,183,172,185,-1,185,172,170,-1,185,170,187,-1,187,170,168,-1,187,168,189,-1,189,168,166,-1,189,166,191,-1,191,166,164,-1,191,164,193,-1,193,164,162,-1,193,162,195,-1,195,162,161,-1,195,161,197,-1,197,161,199,-1,200,201,202,-1,200,202,203,-1,203,202,204,-1,203,204,205,-1,205,204,206,-1,205,206,207,-1,207,206,208,-1,207,208,209,-1,209,208,210,-1,209,210,211,-1,211,210,212,-1,211,212,213,-1,213,212,214,-1,213,214,215,-1,216,215,217,-1,217,215,214,-1,218,216,219,-1,219,216,217,-1,220,218,221,-1,221,218,219,-1,220,221,222,-1,222,221,223,-1,222,223,224,-1,224,223,225,-1,224,225,226,-1,226,225,227,-1,226,227,228,-1,228,227,229,-1,228,229,230,-1,230,229,231,-1,230,231,232,-1,232,231,233,-1,232,233,234,-1,234,233,235,-1,236,234,237,-1,237,234,235,-1,238,236,239,-1,239,236,237,-1,200,238,201,-1,201,238,239,-1,236,238,234,-1,234,238,200,-1,234,200,232,-1,232,200,203,-1,232,203,230,-1,230,203,205,-1,230,205,228,-1,228,205,207,-1,228,207,226,-1,226,207,209,-1,226,209,224,-1,224,209,211,-1,224,211,222,-1,222,211,213,-1,222,213,220,-1,220,213,215,-1,220,215,218,-1,218,215,216,-1,219,217,221,-1,221,217,214,-1,221,214,223,-1,223,214,212,-1,223,212,225,-1,225,212,210,-1,225,210,227,-1,227,210,208,-1,227,208,229,-1,229,208,206,-1,229,206,231,-1,231,206,204,-1,231,204,233,-1,233,204,202,-1,233,202,235,-1,235,202,201,-1,235,201,237,-1,237,201,239,-1,240,241,242,-1,240,242,243,-1,243,242,244,-1,243,244,245,-1,245,244,246,-1,245,246,247,-1,247,246,248,-1,247,248,249,-1,249,248,250,-1,249,250,251,-1,251,250,252,-1,251,252,253,-1,253,252,254,-1,253,254,255,-1,256,255,257,-1,257,255,254,-1,258,256,259,-1,259,256,257,-1,260,258,261,-1,261,258,259,-1,260,261,262,-1,262,261,263,-1,262,263,264,-1,264,263,265,-1,264,265,266,-1,266,265,267,-1,266,267,268,-1,268,267,269,-1,268,269,270,-1,270,269,271,-1,270,271,272,-1,272,271,273,-1,272,273,274,-1,274,273,275,-1,276,274,277,-1,277,274,275,-1,278,276,279,-1,279,276,277,-1,240,278,241,-1,241,278,279,-1,276,278,274,-1,274,278,240,-1,274,240,272,-1,272,240,243,-1,272,243,270,-1,270,243,245,-1,270,245,268,-1,268,245,247,-1,268,247,266,-1,266,247,249,-1,266,249,264,-1,264,249,251,-1,264,251,262,-1,262,251,253,-1,262,253,260,-1,260,253,255,-1,260,255,258,-1,258,255,256,-1,259,257,261,-1,261,257,254,-1,261,254,263,-1,263,254,252,-1,263,252,265,-1,265,252,250,-1,265,250,267,-1,267,250,248,-1,267,248,269,-1,269,248,246,-1,269,246,271,-1,271,246,244,-1,271,244,273,-1,273,244,242,-1,273,242,275,-1,275,242,241,-1,275,241,277,-1,277,241,279,-1,280,281,282,-1,280,282,283,-1,283,282,284,-1,283,284,285,-1,285,284,286,-1,285,286,287,-1,287,286,288,-1,287,288,289,-1,289,288,290,-1,289,290,291,-1,291,290,292,-1,291,292,293,-1,293,292,294,-1,293,294,295,-1,296,295,297,-1,297,295,294,-1,298,296,299,-1,299,296,297,-1,300,298,301,-1,301,298,299,-1,300,301,302,-1,302,301,303,-1,302,303,304,-1,304,303,305,-1,304,305,306,-1,306,305,307,-1,306,307,308,-1,308,307,309,-1,308,309,310,-1,310,309,311,-1,310,311,312,-1,312,311,313,-1,312,313,314,-1,314,313,315,-1,316,314,317,-1,317,314,315,-1,318,316,319,-1,319,316,317,-1,280,318,281,-1,281,318,319,-1,316,318,314,-1,314,318,280,-1,314,280,312,-1,312,280,283,-1,312,283,310,-1,310,283,285,-1,310,285,308,-1,308,285,287,-1,308,287,306,-1,306,287,289,-1,306,289,304,-1,304,289,291,-1,304,291,302,-1,302,291,293,-1,302,293,300,-1,300,293,295,-1,300,295,298,-1,298,295,296,-1,299,297,301,-1,301,297,294,-1,301,294,303,-1,303,294,292,-1,303,292,305,-1,305,292,290,-1,305,290,307,-1,307,290,288,-1,307,288,309,-1,309,288,286,-1,309,286,311,-1,311,286,284,-1,311,284,313,-1,313,284,282,-1,313,282,315,-1,315,282,281,-1,315,281,317,-1,317,281,319,-1,320,321,322,-1,320,322,323,-1,323,322,324,-1,323,324,325,-1,325,324,326,-1,325,326,327,-1,327,326,328,-1,327,328,329,-1,329,328,330,-1,329,330,331,-1,331,330,332,-1,331,332,333,-1,333,332,334,-1,333,334,335,-1,336,335,337,-1,337,335,334,-1,338,336,339,-1,339,336,337,-1,340,338,341,-1,341,338,339,-1,340,341,342,-1,342,341,343,-1,342,343,344,-1,344,343,345,-1,344,345,346,-1,346,345,347,-1,346,347,348,-1,348,347,349,-1,348,349,350,-1,350,349,351,-1,350,351,352,-1,352,351,353,-1,352,353,354,-1,354,353,355,-1,356,354,357,-1,357,354,355,-1,358,356,359,-1,359,356,357,-1,320,358,321,-1,321,358,359,-1,356,358,354,-1,354,358,320,-1,354,320,352,-1,352,320,323,-1,352,323,350,-1,350,323,325,-1,350,325,348,-1,348,325,327,-1,348,327,346,-1,346,327,329,-1,346,329,344,-1,344,329,331,-1,344,331,342,-1,342,331,333,-1,342,333,340,-1,340,333,335,-1,340,335,338,-1,338,335,336,-1,339,337,341,-1,341,337,334,-1,341,334,343,-1,343,334,332,-1,343,332,345,-1,345,332,330,-1,345,330,347,-1,347,330,328,-1,347,328,349,-1,349,328,326,-1,349,326,351,-1,351,326,324,-1,351,324,353,-1,353,324,322,-1,353,322,355,-1,355,322,321,-1,355,321,357,-1,357,321,359,-1,360,361,362,-1,360,362,363,-1,363,362,364,-1,363,364,365,-1,365,364,366,-1,365,366,367,-1,367,366,368,-1,367,368,369,-1,369,368,370,-1,369,370,371,-1,371,370,372,-1,371,372,373,-1,373,372,374,-1,373,374,375,-1,376,375,377,-1,377,375,374,-1,378,376,379,-1,379,376,377,-1,380,378,381,-1,381,378,379,-1,380,381,382,-1,382,381,383,-1,382,383,384,-1,384,383,385,-1,384,385,386,-1,386,385,387,-1,386,387,388,-1,388,387,389,-1,388,389,390,-1,390,389,391,-1,390,391,392,-1,392,391,393,-1,392,393,394,-1,394,393,395,-1,396,394,397,-1,397,394,395,-1,398,396,399,-1,399,396,397,-1,360,398,361,-1,361,398,399,-1,396,398,394,-1,394,398,360,-1,394,360,392,-1,392,360,363,-1,392,363,390,-1,390,363,365,-1,390,365,388,-1,388,365,367,-1,388,367,386,-1,386,367,369,-1,386,369,384,-1,384,369,371,-1,384,371,382,-1,382,371,373,-1,382,373,380,-1,380,373,375,-1,380,375,378,-1,378,375,376,-1,379,377,381,-1,381,377,374,-1,381,374,383,-1,383,374,372,-1,383,372,385,-1,385,372,370,-1,385,370,387,-1,387,370,368,-1,387,368,389,-1,389,368,366,-1,389,366,391,-1,391,366,364,-1,391,364,393,-1,393,364,362,-1,393,362,395,-1,395,362,361,-1,395,361,397,-1,397,361,399,-1,400,401,402,-1,400,402,403,-1,403,402,404,-1,403,404,405,-1,405,404,406,-1,405,406,407,-1,407,406,408,-1,407,408,409,-1,409,408,410,-1,409,410,411,-1,411,410,412,-1,411,412,413,-1,413,412,414,-1,413,414,415,-1,416,415,417,-1,417,415,414,-1,418,416,419,-1,419,416,417,-1,420,418,421,-1,421,418,419,-1,420,421,422,-1,422,421,423,-1,422,423,424,-1,424,423,425,-1,424,425,426,-1,426,425,427,-1,426,427,428,-1,428,427,429,-1,428,429,430,-1,430,429,431,-1,430,431,432,-1,432,431,433,-1,432,433,434,-1,434,433,435,-1,436,434,437,-1,437,434,435,-1,438,436,439,-1,439,436,437,-1,400,438,401,-1,401,438,439,-1,436,438,434,-1,434,438,400,-1,434,400,432,-1,432,400,403,-1,432,403,430,-1,430,403,405,-1,430,405,428,-1,428,405,407,-1,428,407,426,-1,426,407,409,-1,426,409,424,-1,424,409,411,-1,424,411,422,-1,422,411,413,-1,422,413,420,-1,420,413,415,-1,420,415,418,-1,418,415,416,-1,419,417,421,-1,421,417,414,-1,421,414,423,-1,423,414,412,-1,423,412,425,-1,425,412,410,-1,425,410,427,-1,427,410,408,-1,427,408,429,-1,429,408,406,-1,429,406,431,-1,431,406,404,-1,431,404,433,-1,433,404,402,-1,433,402,435,-1,435,402,401,-1,435,401,437,-1,437,401,439,-1,440,441,442,-1,440,442,443,-1,443,442,444,-1,443,444,445,-1,445,444,446,-1,445,446,447,-1,447,446,448,-1,447,448,449,-1,449,448,450,-1,449,450,451,-1,451,450,452,-1,451,452,453,-1,453,452,454,-1,453,454,455,-1,456,455,457,-1,457,455,454,-1,458,456,459,-1,459,456,457,-1,460,458,461,-1,461,458,459,-1,460,461,462,-1,462,461,463,-1,462,463,464,-1,464,463,465,-1,464,465,466,-1,466,465,467,-1,466,467,468,-1,468,467,469,-1,468,469,470,-1,470,469,471,-1,470,471,472,-1,472,471,473,-1,472,473,474,-1,474,473,475,-1,476,474,477,-1,477,474,475,-1,478,476,479,-1,479,476,477,-1,440,478,441,-1,441,478,479,-1,476,478,474,-1,474,478,440,-1,474,440,472,-1,472,440,443,-1,472,443,470,-1,470,443,445,-1,470,445,468,-1,468,445,447,-1,468,447,466,-1,466,447,449,-1,466,449,464,-1,464,449,451,-1,464,451,462,-1,462,451,453,-1,462,453,460,-1,460,453,455,-1,460,455,458,-1,458,455,456,-1,459,457,461,-1,461,457,454,-1,461,454,463,-1,463,454,452,-1,463,452,465,-1,465,452,450,-1,465,450,467,-1,467,450,448,-1,467,448,469,-1,469,448,446,-1,469,446,471,-1,471,446,444,-1,471,444,473,-1,473,444,442,-1,473,442,475,-1,475,442,441,-1,475,441,477,-1,477,441,479,-1,480,481,482,-1,480,482,483,-1,483,482,484,-1,483,484,485,-1,485,484,486,-1,485,486,487,-1,487,486,488,-1,487,488,489,-1,489,488,490,-1,489,490,491,-1,491,490,492,-1,491,492,493,-1,493,492,494,-1,493,494,495,-1,496,495,497,-1,497,495,494,-1,498,496,499,-1,499,496,497,-1,500,498,501,-1,501,498,499,-1,500,501,502,-1,502,501,503,-1,502,503,504,-1,504,503,505,-1,504,505,506,-1,506,505,507,-1,506,507,508,-1,508,507,509,-1,508,509,510,-1,510,509,511,-1,510,511,512,-1,512,511,513,-1,512,513,514,-1,514,513,515,-1,516,514,517,-1,517,514,515,-1,518,516,519,-1,519,516,517,-1,480,518,481,-1,481,518,519,-1,516,518,514,-1,514,518,480,-1,514,480,512,-1,512,480,483,-1,512,483,510,-1,510,483,485,-1,510,485,508,-1,508,485,487,-1,508,487,506,-1,506,487,489,-1,506,489,504,-1,504,489,491,-1,504,491,502,-1,502,491,493,-1,502,493,500,-1,500,493,495,-1,500,495,498,-1,498,495,496,-1,499,497,501,-1,501,497,494,-1,501,494,503,-1,503,494,492,-1,503,492,505,-1,505,492,490,-1,505,490,507,-1,507,490,488,-1,507,488,509,-1,509,488,486,-1,509,486,511,-1,511,486,484,-1,511,484,513,-1,513,484,482,-1,513,482,515,-1,515,482,481,-1,515,481,517,-1,517,481,519,-1,520,521,522,-1,520,522,523,-1,523,522,524,-1,523,524,525,-1,525,524,526,-1,525,526,527,-1,527,526,528,-1,527,528,529,-1,529,528,530,-1,529,530,531,-1,531,530,532,-1,531,532,533,-1,533,532,534,-1,533,534,535,-1,536,535,537,-1,537,535,534,-1,538,536,539,-1,539,536,537,-1,540,538,541,-1,541,538,539,-1,540,541,542,-1,542,541,543,-1,542,543,544,-1,544,543,545,-1,544,545,546,-1,546,545,547,-1,546,547,548,-1,548,547,549,-1,548,549,550,-1,550,549,551,-1,550,551,552,-1,552,551,553,-1,552,553,554,-1,554,553,555,-1,556,554,557,-1,557,554,555,-1,558,556,559,-1,559,556,557,-1,520,558,521,-1,521,558,559,-1,556,558,554,-1,554,558,520,-1,554,520,552,-1,552,520,523,-1,552,523,550,-1,550,523,525,-1,550,525,548,-1,548,525,527,-1,548,527,546,-1,546,527,529,-1,546,529,544,-1,544,529,531,-1,544,531,542,-1,542,531,533,-1,542,533,540,-1,540,533,535,-1,540,535,538,-1,538,535,536,-1,539,537,541,-1,541,537,534,-1,541,534,543,-1,543,534,532,-1,543,532,545,-1,545,532,530,-1,545,530,547,-1,547,530,528,-1,547,528,549,-1,549,528,526,-1,549,526,551,-1,551,526,524,-1,551,524,553,-1,553,524,522,-1,553,522,555,-1,555,522,521,-1,555,521,557,-1,557,521,559,-1,560,561,562,-1,560,562,563,-1,563,562,564,-1,563,564,565,-1,565,564,566,-1,565,566,567,-1,567,566,568,-1,567,568,569,-1,569,568,570,-1,569,570,571,-1,571,570,572,-1,571,572,573,-1,573,572,574,-1,573,574,575,-1,576,575,577,-1,577,575,574,-1,578,576,579,-1,579,576,577,-1,580,578,581,-1,581,578,579,-1,580,581,582,-1,582,581,583,-1,582,583,584,-1,584,583,585,-1,584,585,586,-1,586,585,587,-1,586,587,588,-1,588,587,589,-1,588,589,590,-1,590,589,591,-1,590,591,592,-1,592,591,593,-1,592,593,594,-1,594,593,595,-1,596,594,597,-1,597,594,595,-1,598,596,599,-1,599,596,597,-1,560,598,561,-1,561,598,599,-1,596,598,594,-1,594,598,560,-1,594,560,592,-1,592,560,563,-1,592,563,590,-1,590,563,565,-1,590,565,588,-1,588,565,567,-1,588,567,586,-1,586,567,569,-1,586,569,584,-1,584,569,571,-1,584,571,582,-1,582,571,573,-1,582,573,580,-1,580,573,575,-1,580,575,578,-1,578,575,576,-1,579,577,581,-1,581,577,574,-1,581,574,583,-1,583,574,572,-1,583,572,585,-1,585,572,570,-1,585,570,587,-1,587,570,568,-1,587,568,589,-1,589,568,566,-1,589,566,591,-1,591,566,564,-1,591,564,593,-1,593,564,562,-1,593,562,595,-1,595,562,561,-1,595,561,597,-1,597,561,599,-1,600,601,602,-1,600,602,603,-1,603,602,604,-1,603,604,605,-1,605,604,606,-1,605,606,607,-1,607,606,608,-1,607,608,609,-1,609,608,610,-1,609,610,611,-1,611,610,612,-1,611,612,613,-1,613,612,614,-1,613,614,615,-1,616,615,617,-1,617,615,614,-1,618,616,619,-1,619,616,617,-1,620,618,621,-1,621,618,619,-1,620,621,622,-1,622,621,623,-1,622,623,624,-1,624,623,625,-1,624,625,626,-1,626,625,627,-1,626,627,628,-1,628,627,629,-1,628,629,630,-1,630,629,631,-1,630,631,632,-1,632,631,633,-1,632,633,634,-1,634,633,635,-1,636,634,637,-1,637,634,635,-1,638,636,639,-1,639,636,637,-1,600,638,601,-1,601,638,639,-1,636,638,634,-1,634,638,600,-1,634,600,632,-1,632,600,603,-1,632,603,630,-1,630,603,605,-1,630,605,628,-1,628,605,607,-1,628,607,626,-1,626,607,609,-1,626,609,624,-1,624,609,611,-1,624,611,622,-1,622,611,613,-1,622,613,620,-1,620,613,615,-1,620,615,618,-1,618,615,616,-1,619,617,621,-1,621,617,614,-1,621,614,623,-1,623,614,612,-1,623,612,625,-1,625,612,610,-1,625,610,627,-1,627,610,608,-1,627,608,629,-1,629,608,606,-1,629,606,631,-1,631,606,604,-1,631,604,633,-1,633,604,602,-1,633,602,635,-1,635,602,601,-1,635,601,637,-1,637,601,639,-1,640,641,642,-1,640,642,643,-1,643,642,644,-1,643,644,645,-1,645,644,646,-1,645,646,647,-1,647,646,648,-1,647,648,649,-1,649,648,650,-1,649,650,651,-1,651,650,652,-1,651,652,653,-1,653,652,654,-1,653,654,655,-1,656,655,657,-1,657,655,654,-1,658,656,659,-1,659,656,657,-1,660,658,661,-1,661,658,659,-1,660,661,662,-1,662,661,663,-1,662,663,664,-1,664,663,665,-1,664,665,666,-1,666,665,667,-1,666,667,668,-1,668,667,669,-1,668,669,670,-1,670,669,671,-1,670,671,672,-1,672,671,673,-1,672,673,674,-1,674,673,675,-1,676,674,677,-1,677,674,675,-1,678,676,679,-1,679,676,677,-1,640,678,641,-1,641,678,679,-1,676,678,674,-1,674,678,640,-1,674,640,672,-1,672,640,643,-1,672,643,670,-1,670,643,645,-1,670,645,668,-1,668,645,647,-1,668,647,666,-1,666,647,649,-1,666,649,664,-1,664,649,651,-1,664,651,662,-1,662,651,653,-1,662,653,660,-1,660,653,655,-1,660,655,658,-1,658,655,656,-1,659,657,661,-1,661,657,654,-1,661,654,663,-1,663,654,652,-1,663,652,665,-1,665,652,650,-1,665,650,667,-1,667,650,648,-1,667,648,669,-1,669,648,646,-1,669,646,671,-1,671,646,644,-1,671,644,673,-1,673,644,642,-1,673,642,675,-1,675,642,641,-1,675,641,677,-1,677,641,679,-1,680,681,682,-1,680,682,683,-1,683,682,684,-1,683,684,685,-1,685,684,686,-1,685,686,687,-1,687,686,688,-1,687,688,689,-1,689,688,690,-1,689,690,691,-1,691,690,692,-1,691,692,693,-1,693,692,694,-1,693,694,695,-1,696,695,697,-1,697,695,694,-1,698,696,699,-1,699,696,697,-1,700,698,701,-1,701,698,699,-1,700,701,702,-1,702,701,703,-1,702,703,704,-1,704,703,705,-1,704,705,706,-1,706,705,707,-1,706,707,708,-1,708,707,709,-1,708,709,710,-1,710,709,711,-1,710,711,712,-1,712,711,713,-1,712,713,714,-1,714,713,715,-1,716,714,717,-1,717,714,715,-1,718,716,719,-1,719,716,717,-1,680,718,681,-1,681,718,719,-1,716,718,714,-1,714,718,680,-1,714,680,712,-1,712,680,683,-1,712,683,710,-1,710,683,685,-1,710,685,708,-1,708,685,687,-1,708,687,706,-1,706,687,689,-1,706,689,704,-1,704,689,691,-1,704,691,702,-1,702,691,693,-1,702,693,700,-1,700,693,695,-1,700,695,698,-1,698,695,696,-1,699,697,701,-1,701,697,694,-1,701,694,703,-1,703,694,692,-1,703,692,705,-1,705,692,690,-1,705,690,707,-1,707,690,688,-1,707,688,709,-1,709,688,686,-1,709,686,711,-1,711,686,684,-1,711,684,713,-1,713,684,682,-1,713,682,715,-1,715,682,681,-1,715,681,717,-1,717,681,719,-1,720,721,722,-1,720,722,723,-1,723,722,724,-1,723,724,725,-1,725,724,726,-1,725,726,727,-1,727,726,728,-1,727,728,729,-1,729,728,730,-1,729,730,731,-1,731,730,732,-1,731,732,733,-1,733,732,734,-1,733,734,735,-1,736,735,737,-1,737,735,734,-1,738,736,739,-1,739,736,737,-1,740,738,741,-1,741,738,739,-1,740,741,742,-1,742,741,743,-1,742,743,744,-1,744,743,745,-1,744,745,746,-1,746,745,747,-1,746,747,748,-1,748,747,749,-1,748,749,750,-1,750,749,751,-1,750,751,752,-1,752,751,753,-1,752,753,754,-1,754,753,755,-1,756,754,757,-1,757,754,755,-1,758,756,759,-1,759,756,757,-1,720,758,721,-1,721,758,759,-1,756,758,754,-1,754,758,720,-1,754,720,752,-1,752,720,723,-1,752,723,750,-1,750,723,725,-1,750,725,748,-1,748,725,727,-1,748,727,746,-1,746,727,729,-1,746,729,744,-1,744,729,731,-1,744,731,742,-1,742,731,733,-1,742,733,740,-1,740,733,735,-1,740,735,738,-1,738,735,736,-1,739,737,741,-1,741,737,734,-1,741,734,743,-1,743,734,732,-1,743,732,745,-1,745,732,730,-1,745,730,747,-1,747,730,728,-1,747,728,749,-1,749,728,726,-1,749,726,751,-1,751,726,724,-1,751,724,753,-1,753,724,722,-1,753,722,755,-1,755,722,721,-1,755,721,757,-1,757,721,759,-1,760,761,762,-1,760,762,763,-1,763,762,764,-1,763,764,765,-1,765,764,766,-1,765,766,767,-1,767,766,768,-1,767,768,769,-1,769,768,770,-1,769,770,771,-1,771,770,772,-1,771,772,773,-1,773,772,774,-1,773,774,775,-1,776,775,777,-1,777,775,774,-1,778,776,779,-1,779,776,777,-1,780,778,781,-1,781,778,779,-1,780,781,782,-1,782,781,783,-1,782,783,784,-1,784,783,785,-1,784,785,786,-1,786,785,787,-1,786,787,788,-1,788,787,789,-1,788,789,790,-1,790,789,791,-1,790,791,792,-1,792,791,793,-1,792,793,794,-1,794,793,795,-1,796,794,797,-1,797,794,795,-1,798,796,799,-1,799,796,797,-1,760,798,761,-1,761,798,799,-1,796,798,794,-1,794,798,760,-1,794,760,792,-1,792,760,763,-1,792,763,790,-1,790,763,765,-1,790,765,788,-1,788,765,767,-1,788,767,786,-1,786,767,769,-1,786,769,784,-1,784,769,771,-1,784,771,782,-1,782,771,773,-1,782,773,780,-1,780,773,775,-1,780,775,778,-1,778,775,776,-1,779,777,781,-1,781,777,774,-1,781,774,783,-1,783,774,772,-1,783,772,785,-1,785,772,770,-1,785,770,787,-1,787,770,768,-1,787,768,789,-1,789,768,766,-1,789,766,791,-1,791,766,764,-1,791,764,793,-1,793,764,762,-1,793,762,795,-1,795,762,761,-1,795,761,797,-1,797,761,799,-1,800,801,802,-1,800,802,803,-1,803,802,804,-1,803,804,805,-1,805,804,806,-1,805,806,807,-1,807,806,808,-1,807,808,809,-1,809,808,810,-1,809,810,811,-1,811,810,812,-1,811,812,813,-1,813,812,814,-1,813,814,815,-1,816,815,817,-1,817,815,814,-1,818,816,819,-1,819,816,817,-1,820,818,821,-1,821,818,819,-1,820,821,822,-1,822,821,823,-1,822,823,824,-1,824,823,825,-1,824,825,826,-1,826,825,827,-1,826,827,828,-1,828,827,829,-1,828,829,830,-1,830,829,831,-1,830,831,832,-1,832,831,833,-1,832,833,834,-1,834,833,835,-1,836,834,837,-1,837,834,835,-1,838,836,839,-1,839,836,837,-1,800,838,801,-1,801,838,839,-1,836,838,834,-1,834,838,800,-1,834,800,832,-1,832,800,803,-1,832,803,830,-1,830,803,805,-1,830,805,828,-1,828,805,807,-1,828,807,826,-1,826,807,809,-1,826,809,824,-1,824,809,811,-1,824,811,822,-1,822,811,813,-1,822,813,820,-1,820,813,815,-1,820,815,818,-1,818,815,816,-1,819,817,821,-1,821,817,814,-1,821,814,823,-1,823,814,812,-1,823,812,825,-1,825,812,810,-1,825,810,827,-1,827,810,808,-1,827,808,829,-1,829,808,806,-1,829,806,831,-1,831,806,804,-1,831,804,833,-1,833,804,802,-1,833,802,835,-1,835,802,801,-1,835,801,837,-1,837,801,839,-1,840,841,842,-1,840,842,843,-1,843,842,844,-1,843,844,845,-1,845,844,846,-1,845,846,847,-1,847,846,848,-1,847,848,849,-1,849,848,850,-1,849,850,851,-1,851,850,852,-1,851,852,853,-1,853,852,854,-1,853,854,855,-1,856,855,857,-1,857,855,854,-1,858,856,859,-1,859,856,857,-1,860,858,861,-1,861,858,859,-1,860,861,862,-1,862,861,863,-1,862,863,864,-1,864,863,865,-1,864,865,866,-1,866,865,867,-1,866,867,868,-1,868,867,869,-1,868,869,870,-1,870,869,871,-1,870,871,872,-1,872,871,873,-1,872,873,874,-1,874,873,875,-1,876,874,877,-1,877,874,875,-1,878,876,879,-1,879,876,877,-1,840,878,841,-1,841,878,879,-1,876,878,874,-1,874,878,840,-1,874,840,872,-1,872,840,843,-1,872,843,870,-1,870,843,845,-1,870,845,868,-1,868,845,847,-1,868,847,866,-1,866,847,849,-1,866,849,864,-1,864,849,851,-1,864,851,862,-1,862,851,853,-1,862,853,860,-1,860,853,855,-1,860,855,858,-1,858,855,856,-1,859,857,861,-1,861,857,854,-1,861,854,863,-1,863,854,852,-1,863,852,865,-1,865,852,850,-1,865,850,867,-1,867,850,848,-1,867,848,869,-1,869,848,846,-1,869,846,871,-1,871,846,844,-1,871,844,873,-1,873,844,842,-1,873,842,875,-1,875,842,841,-1,875,841,877,-1,877,841,879,-1,880,881,882,-1,880,882,883,-1,883,882,884,-1,883,884,885,-1,885,884,886,-1,885,886,887,-1,887,886,888,-1,887,888,889,-1,889,888,890,-1,889,890,891,-1,891,890,892,-1,891,892,893,-1,893,892,894,-1,893,894,895,-1,896,895,897,-1,897,895,894,-1,898,896,899,-1,899,896,897,-1,900,898,901,-1,901,898,899,-1,900,901,902,-1,902,901,903,-1,902,903,904,-1,904,903,905,-1,904,905,906,-1,906,905,907,-1,906,907,908,-1,908,907,909,-1,908,909,910,-1,910,909,911,-1,910,911,912,-1,912,911,913,-1,912,913,914,-1,914,913,915,-1,916,914,917,-1,917,914,915,-1,918,916,919,-1,919,916,917,-1,880,918,881,-1,881,918,919,-1,916,918,914,-1,914,918,880,-1,914,880,912,-1,912,880,883,-1,912,883,910,-1,910,883,885,-1,910,885,908,-1,908,885,887,-1,908,887,906,-1,906,887,889,-1,906,889,904,-1,904,889,891,-1,904,891,902,-1,902,891,893,-1,902,893,900,-1,900,893,895,-1,900,895,898,-1,898,895,896,-1,899,897,901,-1,901,897,894,-1,901,894,903,-1,903,894,892,-1,903,892,905,-1,905,892,890,-1,905,890,907,-1,907,890,888,-1,907,888,909,-1,909,888,886,-1,909,886,911,-1,911,886,884,-1,911,884,913,-1,913,884,882,-1,913,882,915,-1,915,882,881,-1,915,881,917,-1,917,881,919,-1,920,921,922,-1,920,922,923,-1,923,922,924,-1,923,924,925,-1,925,924,926,-1,925,926,927,-1,927,926,928,-1,927,928,929,-1,929,928,930,-1,929,930,931,-1,931,930,932,-1,931,932,933,-1,933,932,934,-1,933,934,935,-1,936,935,937,-1,937,935,934,-1,938,936,939,-1,939,936,937,-1,940,938,941,-1,941,938,939,-1,940,941,942,-1,942,941,943,-1,942,943,944,-1,944,943,945,-1,944,945,946,-1,946,945,947,-1,946,947,948,-1,948,947,949,-1,948,949,950,-1,950,949,951,-1,950,951,952,-1,952,951,953,-1,952,953,954,-1,954,953,955,-1,956,954,957,-1,957,954,955,-1,958,956,959,-1,959,956,957,-1,920,958,921,-1,921,958,959,-1,956,958,954,-1,954,958,920,-1,954,920,952,-1,952,920,923,-1,952,923,950,-1,950,923,925,-1,950,925,948,-1,948,925,927,-1,948,927,946,-1,946,927,929,-1,946,929,944,-1,944,929,931,-1,944,931,942,-1,942,931,933,-1,942,933,940,-1,940,933,935,-1,940,935,938,-1,938,935,936,-1,939,937,941,-1,941,937,934,-1,941,934,943,-1,943,934,932,-1,943,932,945,-1,945,932,930,-1,945,930,947,-1,947,930,928,-1,947,928,949,-1,949,928,926,-1,949,926,951,-1,951,926,924,-1,951,924,953,-1,953,924,922,-1,953,922,955,-1,955,922,921,-1,955,921,957,-1,957,921,959,-1,960,961,962,-1,960,962,963,-1,963,962,964,-1,963,964,965,-1,965,964,966,-1,965,966,967,-1,967,966,968,-1,967,968,969,-1,969,968,970,-1,969,970,971,-1,971,970,972,-1,971,972,973,-1,973,972,974,-1,973,974,975,-1,976,975,977,-1,977,975,974,-1,978,976,979,-1,979,976,977,-1,980,978,981,-1,981,978,979,-1,980,981,982,-1,982,981,983,-1,982,983,984,-1,984,983,985,-1,984,985,986,-1,986,985,987,-1,986,987,988,-1,988,987,989,-1,988,989,990,-1,990,989,991,-1,990,991,992,-1,992,991,993,-1,992,993,994,-1,994,993,995,-1,996,994,997,-1,997,994,995,-1,998,996,999,-1,999,996,997,-1,960,998,961,-1,961,998,999,-1,996,998,994,-1,994,998,960,-1,994,960,992,-1,992,960,963,-1,992,963,990,-1,990,963,965,-1,990,965,988,-1,988,965,967,-1,988,967,986,-1,986,967,969,-1,986,969,984,-1,984,969,971,-1,984,971,982,-1,982,971,973,-1,982,973,980,-1,980,973,975,-1,980,975,978,-1,978,975,976,-1,979,977,981,-1,981,977,974,-1,981,974,983,-1,983,974,972,-1,983,972,985,-1,985,972,970,-1,985,970,987,-1,987,970,968,-1,987,968,989,-1,989,968,966,-1,989,966,991,-1,991,966,964,-1,991,964,993,-1,993,964,962,-1,993,962,995,-1,995,962,961,-1,995,961,997,-1,997,961,999,-1,1000,1001,1002,-1,1000,1002,1003,-1,1003,1002,1004,-1,1003,1004,1005,-1,1005,1004,1006,-1,1005,1006,1007,-1,1007,1006,1008,-1,1007,1008,1009,-1,1009,1008,1010,-1,1009,1010,1011,-1,1011,1010,1012,-1,1011,1012,1013,-1,1013,1012,1014,-1,1013,1014,1015,-1,1016,1015,1017,-1,1017,1015,1014,-1,1018,1016,1019,-1,1019,1016,1017,-1,1020,1018,1021,-1,1021,1018,1019,-1,1020,1021,1022,-1,1022,1021,1023,-1,1022,1023,1024,-1,1024,1023,1025,-1,1024,1025,1026,-1,1026,1025,1027,-1,1026,1027,1028,-1,1028,1027,1029,-1,1028,1029,1030,-1,1030,1029,1031,-1,1030,1031,1032,-1,1032,1031,1033,-1,1032,1033,1034,-1,1034,1033,1035,-1,1036,1034,1037,-1,1037,1034,1035,-1,1038,1036,1039,-1,1039,1036,1037,-1,1000,1038,1001,-1,1001,1038,1039,-1,1036,1038,1034,-1,1034,1038,1000,-1,1034,1000,1032,-1,1032,1000,1003,-1,1032,1003,1030,-1,1030,1003,1005,-1,1030,1005,1028,-1,1028,1005,1007,-1,1028,1007,1026,-1,1026,1007,1009,-1,1026,1009,1024,-1,1024,1009,1011,-1,1024,1011,1022,-1,1022,1011,1013,-1,1022,1013,1020,-1,1020,1013,1015,-1,1020,1015,1018,-1,1018,1015,1016,-1,1019,1017,1021,-1,1021,1017,1014,-1,1021,1014,1023,-1,1023,1014,1012,-1,1023,1012,1025,-1,1025,1012,1010,-1,1025,1010,1027,-1,1027,1010,1008,-1,1027,1008,1029,-1,1029,1008,1006,-1,1029,1006,1031,-1,1031,1006,1004,-1,1031,1004,1033,-1,1033,1004,1002,-1,1033,1002,1035,-1,1035,1002,1001,-1,1035,1001,1037,-1,1037,1001,1039,-1,1040,1041,1042,-1,1040,1042,1043,-1,1043,1042,1044,-1,1043,1044,1045,-1,1045,1044,1046,-1,1045,1046,1047,-1,1047,1046,1048,-1,1047,1048,1049,-1,1049,1048,1050,-1,1049,1050,1051,-1,1051,1050,1052,-1,1051,1052,1053,-1,1053,1052,1054,-1,1053,1054,1055,-1,1056,1055,1057,-1,1057,1055,1054,-1,1058,1056,1059,-1,1059,1056,1057,-1,1060,1058,1061,-1,1061,1058,1059,-1,1060,1061,1062,-1,1062,1061,1063,-1,1062,1063,1064,-1,1064,1063,1065,-1,1064,1065,1066,-1,1066,1065,1067,-1,1066,1067,1068,-1,1068,1067,1069,-1,1068,1069,1070,-1,1070,1069,1071,-1,1070,1071,1072,-1,1072,1071,1073,-1,1072,1073,1074,-1,1074,1073,1075,-1,1076,1074,1077,-1,1077,1074,1075,-1,1078,1076,1079,-1,1079,1076,1077,-1,1040,1078,1041,-1,1041,1078,1079,-1,1076,1078,1074,-1,1074,1078,1040,-1,1074,1040,1072,-1,1072,1040,1043,-1,1072,1043,1070,-1,1070,1043,1045,-1,1070,1045,1068,-1,1068,1045,1047,-1,1068,1047,1066,-1,1066,1047,1049,-1,1066,1049,1064,-1,1064,1049,1051,-1,1064,1051,1062,-1,1062,1051,1053,-1,1062,1053,1060,-1,1060,1053,1055,-1,1060,1055,1058,-1,1058,1055,1056,-1,1059,1057,1061,-1,1061,1057,1054,-1,1061,1054,1063,-1,1063,1054,1052,-1,1063,1052,1065,-1,1065,1052,1050,-1,1065,1050,1067,-1,1067,1050,1048,-1,1067,1048,1069,-1,1069,1048,1046,-1,1069,1046,1071,-1,1071,1046,1044,-1,1071,1044,1073,-1,1073,1044,1042,-1,1073,1042,1075,-1,1075,1042,1041,-1,1075,1041,1077,-1,1077,1041,1079,-1,1080,1081,1082,-1,1080,1082,1083,-1,1083,1082,1084,-1,1083,1084,1085,-1,1085,1084,1086,-1,1085,1086,1087,-1,1087,1086,1088,-1,1087,1088,1089,-1,1089,1088,1090,-1,1089,1090,1091,-1,1091,1090,1092,-1,1091,1092,1093,-1,1093,1092,1094,-1,1093,1094,1095,-1,1096,1095,1097,-1,1097,1095,1094,-1,1098,1096,1099,-1,1099,1096,1097,-1,1100,1098,1101,-1,1101,1098,1099,-1,1100,1101,1102,-1,1102,1101,1103,-1,1102,1103,1104,-1,1104,1103,1105,-1,1104,1105,1106,-1,1106,1105,1107,-1,1106,1107,1108,-1,1108,1107,1109,-1,1108,1109,1110,-1,1110,1109,1111,-1,1110,1111,1112,-1,1112,1111,1113,-1,1112,1113,1114,-1,1114,1113,1115,-1,1116,1114,1117,-1,1117,1114,1115,-1,1118,1116,1119,-1,1119,1116,1117,-1,1080,1118,1081,-1,1081,1118,1119,-1,1116,1118,1114,-1,1114,1118,1080,-1,1114,1080,1112,-1,1112,1080,1083,-1,1112,1083,1110,-1,1110,1083,1085,-1,1110,1085,1108,-1,1108,1085,1087,-1,1108,1087,1106,-1,1106,1087,1089,-1,1106,1089,1104,-1,1104,1089,1091,-1,1104,1091,1102,-1,1102,1091,1093,-1,1102,1093,1100,-1,1100,1093,1095,-1,1100,1095,1098,-1,1098,1095,1096,-1,1099,1097,1101,-1,1101,1097,1094,-1,1101,1094,1103,-1,1103,1094,1092,-1,1103,1092,1105,-1,1105,1092,1090,-1,1105,1090,1107,-1,1107,1090,1088,-1,1107,1088,1109,-1,1109,1088,1086,-1,1109,1086,1111,-1,1111,1086,1084,-1,1111,1084,1113,-1,1113,1084,1082,-1,1113,1082,1115,-1,1115,1082,1081,-1,1115,1081,1117,-1,1117,1081,1119,-1,1120,1121,1122,-1,1120,1122,1123,-1,1123,1122,1124,-1,1123,1124,1125,-1,1125,1124,1126,-1,1125,1126,1127,-1,1127,1126,1128,-1,1127,1128,1129,-1,1129,1128,1130,-1,1129,1130,1131,-1,1131,1130,1132,-1,1131,1132,1133,-1,1133,1132,1134,-1,1133,1134,1135,-1,1136,1135,1137,-1,1137,1135,1134,-1,1138,1136,1139,-1,1139,1136,1137,-1,1140,1138,1141,-1,1141,1138,1139,-1,1140,1141,1142,-1,1142,1141,1143,-1,1142,1143,1144,-1,1144,1143,1145,-1,1144,1145,1146,-1,1146,1145,1147,-1,1146,1147,1148,-1,1148,1147,1149,-1,1148,1149,1150,-1,1150,1149,1151,-1,1150,1151,1152,-1,1152,1151,1153,-1,1152,1153,1154,-1,1154,1153,1155,-1,1156,1154,1157,-1,1157,1154,1155,-1,1158,1156,1159,-1,1159,1156,1157,-1,1120,1158,1121,-1,1121,1158,1159,-1,1156,1158,1154,-1,1154,1158,1120,-1,1154,1120,1152,-1,1152,1120,1123,-1,1152,1123,1150,-1,1150,1123,1125,-1,1150,1125,1148,-1,1148,1125,1127,-1,1148,1127,1146,-1,1146,1127,1129,-1,1146,1129,1144,-1,1144,1129,1131,-1,1144,1131,1142,-1,1142,1131,1133,-1,1142,1133,1140,-1,1140,1133,1135,-1,1140,1135,1138,-1,1138,1135,1136,-1,1139,1137,1141,-1,1141,1137,1134,-1,1141,1134,1143,-1,1143,1134,1132,-1,1143,1132,1145,-1,1145,1132,1130,-1,1145,1130,1147,-1,1147,1130,1128,-1,1147,1128,1149,-1,1149,1128,1126,-1,1149,1126,1151,-1,1151,1126,1124,-1,1151,1124,1153,-1,1153,1124,1122,-1,1153,1122,1155,-1,1155,1122,1121,-1,1155,1121,1157,-1,1157,1121,1159,-1,1160,1161,1162,-1,1160,1162,1163,-1,1163,1162,1164,-1,1163,1164,1165,-1,1165,1164,1166,-1,1165,1166,1167,-1,1167,1166,1168,-1,1167,1168,1169,-1,1169,1168,1170,-1,1169,1170,1171,-1,1171,1170,1172,-1,1171,1172,1173,-1,1173,1172,1174,-1,1173,1174,1175,-1,1176,1175,1177,-1,1177,1175,1174,-1,1178,1176,1179,-1,1179,1176,1177,-1,1180,1178,1181,-1,1181,1178,1179,-1,1180,1181,1182,-1,1182,1181,1183,-1,1182,1183,1184,-1,1184,1183,1185,-1,1184,1185,1186,-1,1186,1185,1187,-1,1186,1187,1188,-1,1188,1187,1189,-1,1188,1189,1190,-1,1190,1189,1191,-1,1190,1191,1192,-1,1192,1191,1193,-1,1192,1193,1194,-1,1194,1193,1195,-1,1196,1194,1197,-1,1197,1194,1195,-1,1198,1196,1199,-1,1199,1196,1197,-1,1160,1198,1161,-1,1161,1198,1199,-1,1196,1198,1194,-1,1194,1198,1160,-1,1194,1160,1192,-1,1192,1160,1163,-1,1192,1163,1190,-1,1190,1163,1165,-1,1190,1165,1188,-1,1188,1165,1167,-1,1188,1167,1186,-1,1186,1167,1169,-1,1186,1169,1184,-1,1184,1169,1171,-1,1184,1171,1182,-1,1182,1171,1173,-1,1182,1173,1180,-1,1180,1173,1175,-1,1180,1175,1178,-1,1178,1175,1176,-1,1179,1177,1181,-1,1181,1177,1174,-1,1181,1174,1183,-1,1183,1174,1172,-1,1183,1172,1185,-1,1185,1172,1170,-1,1185,1170,1187,-1,1187,1170,1168,-1,1187,1168,1189,-1,1189,1168,1166,-1,1189,1166,1191,-1,1191,1166,1164,-1,1191,1164,1193,-1,1193,1164,1162,-1,1193,1162,1195,-1,1195,1162,1161,-1,1195,1161,1197,-1,1197,1161,1199,-1,1200,1201,1202,-1,1200,1202,1203,-1,1203,1202,1204,-1,1203,1204,1205,-1,1205,1204,1206,-1,1205,1206,1207,-1,1207,1206,1208,-1,1207,1208,1209,-1,1209,1208,1210,-1,1209,1210,1211,-1,1211,1210,1212,-1,1211,1212,1213,-1,1213,1212,1214,-1,1213,1214,1215,-1,1216,1215,1217,-1,1217,1215,1214,-1,1218,1216,1219,-1,1219,1216,1217,-1,1220,1218,1221,-1,1221,1218,1219,-1,1220,1221,1222,-1,1222,1221,1223,-1,1222,1223,1224,-1,1224,1223,1225,-1,1224,1225,1226,-1,1226,1225,1227,-1,1226,1227,1228,-1,1228,1227,1229,-1,1228,1229,1230,-1,1230,1229,1231,-1,1230,1231,1232,-1,1232,1231,1233,-1,1232,1233,1234,-1,1234,1233,1235,-1,1236,1234,1237,-1,1237,1234,1235,-1,1238,1236,1239,-1,1239,1236,1237,-1,1200,1238,1201,-1,1201,1238,1239,-1,1236,1238,1234,-1,1234,1238,1200,-1,1234,1200,1232,-1,1232,1200,1203,-1,1232,1203,1230,-1,1230,1203,1205,-1,1230,1205,1228,-1,1228,1205,1207,-1,1228,1207,1226,-1,1226,1207,1209,-1,1226,1209,1224,-1,1224,1209,1211,-1,1224,1211,1222,-1,1222,1211,1213,-1,1222,1213,1220,-1,1220,1213,1215,-1,1220,1215,1218,-1,1218,1215,1216,-1,1219,1217,1221,-1,1221,1217,1214,-1,1221,1214,1223,-1,1223,1214,1212,-1,1223,1212,1225,-1,1225,1212,1210,-1,1225,1210,1227,-1,1227,1210,1208,-1,1227,1208,1229,-1,1229,1208,1206,-1,1229,1206,1231,-1,1231,1206,1204,-1,1231,1204,1233,-1,1233,1204,1202,-1,1233,1202,1235,-1,1235,1202,1201,-1,1235,1201,1237,-1,1237,1201,1239,-1,1240,1241,1242,-1,1240,1242,1243,-1,1243,1242,1244,-1,1243,1244,1245,-1,1245,1244,1246,-1,1245,1246,1247,-1,1247,1246,1248,-1,1247,1248,1249,-1,1249,1248,1250,-1,1249,1250,1251,-1,1251,1250,1252,-1,1251,1252,1253,-1,1253,1252,1254,-1,1253,1254,1255,-1,1256,1255,1257,-1,1257,1255,1254,-1,1258,1256,1259,-1,1259,1256,1257,-1,1260,1258,1261,-1,1261,1258,1259,-1,1260,1261,1262,-1,1262,1261,1263,-1,1262,1263,1264,-1,1264,1263,1265,-1,1264,1265,1266,-1,1266,1265,1267,-1,1266,1267,1268,-1,1268,1267,1269,-1,1268,1269,1270,-1,1270,1269,1271,-1,1270,1271,1272,-1,1272,1271,1273,-1,1272,1273,1274,-1,1274,1273,1275,-1,1276,1274,1277,-1,1277,1274,1275,-1,1278,1276,1279,-1,1279,1276,1277,-1,1240,1278,1241,-1,1241,1278,1279,-1,1276,1278,1274,-1,1274,1278,1240,-1,1274,1240,1272,-1,1272,1240,1243,-1,1272,1243,1270,-1,1270,1243,1245,-1,1270,1245,1268,-1,1268,1245,1247,-1,1268,1247,1266,-1,1266,1247,1249,-1,1266,1249,1264,-1,1264,1249,1251,-1,1264,1251,1262,-1,1262,1251,1253,-1,1262,1253,1260,-1,1260,1253,1255,-1,1260,1255,1258,-1,1258,1255,1256,-1,1259,1257,1261,-1,1261,1257,1254,-1,1261,1254,1263,-1,1263,1254,1252,-1,1263,1252,1265,-1,1265,1252,1250,-1,1265,1250,1267,-1,1267,1250,1248,-1,1267,1248,1269,-1,1269,1248,1246,-1,1269,1246,1271,-1,1271,1246,1244,-1,1271,1244,1273,-1,1273,1244,1242,-1,1273,1242,1275,-1,1275,1242,1241,-1,1275,1241,1277,-1,1277,1241,1279,-1,
        ]
    }
}
Shape{
    appearance Appearance {
        material  Material 	{
            diffuseColor 1.0 1.0 1.0
            specularColor 0.5019607843137255 0.5019607843137255 0.5019607843137255
            ambientIntensity 1.0
            transparency 0.0
            shininess 0.5
        }
    }
    geometry IndexedFaceSet {
        ccw TRUE
        solid FALSE
        coord DEF co Coordinate {
            point [
                -4.1142 1.565 0.0197, -4.1142 1.124 0.0197, -4.0354 1.565 0.0197, -4.0354 1.124 0.0197, -4.1142 1.565 -0.0197, -4.0354 1.565 -0.0197, -4.1142 1.124 -0.0197, -4.0354 1.124 -0.0197, -4.0354 1.1041 -0.0173, -4.1142 1.1041 -0.0173, -4.0354 1.0855 -0.0102, -4.1142 1.0855 -0.0102, -4.0354 1.069 0.0012, -4.1142 1.069 0.0012, -4.1142 0.7617 0.2744, -4.0354 0.7617 0.2744, -4.1142 0.7453 0.2858, -4.0354 0.7453 0.2858, -4.1142 0.7266 0.2929, -4.0354 0.7266 0.2929, -4.1142 0.7068 0.2953, -4.0354 0.7068 0.2953, -4.1142 0.4232 0.2953, -4.0354 0.4232 0.2953, -4.1142 0.4232 0.3346, -4.0354 0.4232 0.3346, -4.1142 0.7068 0.3346, -4.0354 0.7068 0.3346, -4.0354 0.7288 0.3326, -4.1142 0.7288 0.3326, -4.0354 0.7501 0.3267, -4.1142 0.7501 0.3267, -4.0354 0.77 0.317, -4.1142 0.77 0.317, -4.0354 0.7878 0.3038, -4.1142 0.7878 0.3038, -4.1142 1.0952 0.0306, -4.0354 1.0952 0.0306, -4.1142 1.1038 0.0247, -4.0354 1.1038 0.0247, -4.1142 1.1136 0.0209, -4.0354 1.1136 0.0209, 4.1142 1.124 0.0197, 4.1142 1.565 0.0197, 4.0354 1.124 0.0197, 4.0354 1.565 0.0197, 4.1142 1.565 -0.0197, 4.0354 1.565 -0.0197, 4.1142 1.124 -0.0197, 4.0354 1.124 -0.0197, 4.1142 1.069 0.0012, 4.0354 1.069 0.0012, 4.0354 1.0855 -0.0102, 4.1142 1.0855 -0.0102, 4.0354 1.1041 -0.0173, 4.1142 1.1041 -0.0173, 4.1142 0.7617 0.2744, 4.0354 0.7617 0.2744, 4.1142 0.7068 0.2953, 4.0354 0.7068 0.2953, 4.1142 0.7266 0.2929, 4.0354 0.7266 0.2929, 4.1142 0.7453 0.2858, 4.0354 0.7453 0.2858, 4.1142 0.4232 0.2953, 4.0354 0.4232 0.2953, 4.1142 0.4232 0.3346, 4.0354 0.4232 0.3346, 4.1142 0.7068 0.3346, 4.0354 0.7068 0.3346, 4.1142 0.7878 0.3038, 4.0354 0.7878 0.3038, 4.0354 0.77 0.317, 4.1142 0.77 0.317, 4.0354 0.7501 0.3267, 4.1142 0.7501 0.3267, 4.0354 0.7288 0.3326, 4.1142 0.7288 0.3326, 4.1142 1.0952 0.0306, 4.0354 1.0952 0.0306, 4.1142 1.1136 0.0209, 4.0354 1.1136 0.0209, 4.1142 1.1038 0.0247, 4.0354 1.1038 0.0247
            ]
        }
        coordIndex [
            0,1,2,-1,2,1,3,-1,4,0,5,-1,5,0,2,-1,6,4,7,-1,7,4,5,-1,6,7,8,-1,6,8,9,-1,9,8,10,-1,9,10,11,-1,11,10,12,-1,11,12,13,-1,14,13,15,-1,15,13,12,-1,14,15,16,-1,16,15,17,-1,16,17,18,-1,18,17,19,-1,18,19,20,-1,20,19,21,-1,22,20,23,-1,23,20,21,-1,24,22,25,-1,25,22,23,-1,26,24,27,-1,27,24,25,-1,26,27,28,-1,26,28,29,-1,29,28,30,-1,29,30,31,-1,31,30,32,-1,31,32,33,-1,33,32,34,-1,33,34,35,-1,36,35,37,-1,37,35,34,-1,36,37,38,-1,38,37,39,-1,38,39,40,-1,40,39,41,-1,40,41,1,-1,1,41,3,-1,22,24,20,-1,20,24,26,-1,20,26,18,-1,0,4,1,-1,1,4,6,-1,1,6,40,-1,40,6,9,-1,40,9,38,-1,38,9,11,-1,38,11,36,-1,36,11,13,-1,36,13,35,-1,35,13,14,-1,35,14,33,-1,33,14,16,-1,33,16,31,-1,31,16,18,-1,31,18,29,-1,29,18,26,-1,17,30,19,-1,19,30,28,-1,19,28,21,-1,21,28,27,-1,21,27,23,-1,23,27,25,-1,5,2,7,-1,7,2,3,-1,7,3,8,-1,8,3,41,-1,8,41,10,-1,10,41,39,-1,10,39,12,-1,12,39,37,-1,12,37,15,-1,15,37,34,-1,15,34,17,-1,17,34,32,-1,17,32,30,-1,42,43,44,-1,44,43,45,-1,43,46,45,-1,45,46,47,-1,46,48,47,-1,47,48,49,-1,50,51,52,-1,50,52,53,-1,53,52,54,-1,53,54,55,-1,55,54,49,-1,55,49,48,-1,50,56,51,-1,51,56,57,-1,58,59,60,-1,60,59,61,-1,60,61,62,-1,62,61,63,-1,62,63,56,-1,56,63,57,-1,58,64,59,-1,59,64,65,-1,64,66,65,-1,65,66,67,-1,66,68,67,-1,67,68,69,-1,70,71,72,-1,70,72,73,-1,73,72,74,-1,73,74,75,-1,75,74,76,-1,75,76,77,-1,77,76,69,-1,77,69,68,-1,70,78,71,-1,71,78,79,-1,42,44,80,-1,80,44,81,-1,80,81,82,-1,82,81,83,-1,82,83,78,-1,78,83,79,-1,62,75,60,-1,60,75,77,-1,60,77,58,-1,58,77,68,-1,58,68,64,-1,64,68,66,-1,46,43,48,-1,48,43,42,-1,48,42,55,-1,55,42,80,-1,55,80,53,-1,53,80,82,-1,53,82,50,-1,50,82,78,-1,50,78,56,-1,56,78,70,-1,56,70,62,-1,62,70,73,-1,62,73,75,-1,65,67,59,-1,59,67,69,-1,59,69,61,-1,45,47,44,-1,44,47,49,-1,44,49,81,-1,81,49,54,-1,81,54,83,-1,83,54,52,-1,83,52,79,-1,79,52,51,-1,79,51,71,-1,71,51,57,-1,71,57,72,-1,72,57,63,-1,72,63,74,-1,74,63,61,-1,74,61,76,-1,76,61,69,-1,
        ]
    }
}
Shape{
    appearance Appearance {
        material  Material 	{
            diffuseColor 1.0 1.0 0.0
            specularColor 0.5019607843137255 0.5019607843137255 0.0
            ambientIntensity 0.886
            transparency 0.0
            shininess 0.5
        }
    }
    geometry IndexedFaceSet {
        ccw TRUE
        solid FALSE
        coord DEF co Coordinate {
            point [
                -3.0807 1.2933 -0.0197, -3.0216 1.2933 -0.0197, -3.0216 1.2837 -0.0186, -3.0807 1.2837 -0.0186, -3.0216 1.2745 -0.0154, -3.0807 1.2745 -0.0154, -3.0216 1.2663 -0.0102, -3.0807 1.2663 -0.0102, -3.0216 1.2595 -0.0034, -3.0807 1.2595 -0.0034, -3.0216 1.2543 0.0048, -3.0807 1.2543 0.0048, -3.0216 1.2511 0.014, -3.0807 1.2511 0.014, -3.0216 1.25 0.0236, -3.0807 1.25 0.0236, -3.0807 1.25 1.4016, -3.0216 1.25 1.4016, -3.0807 1.2894 1.4016, -3.0216 1.2894 1.4016, -3.0807 1.2894 0.0236, -3.0216 1.2894 0.0236, -3.0807 1.2895 0.0227, -3.0216 1.2895 0.0227, -3.0807 1.2898 0.0219, -3.0216 1.2898 0.0219, -3.0807 1.2902 0.0212, -3.0216 1.2902 0.0212, -3.0807 1.2909 0.0205, -3.0216 1.2909 0.0205, -3.0807 1.2916 0.0201, -3.0216 1.2916 0.0201, -3.0807 1.2924 0.0198, -3.0216 1.2924 0.0198, -3.0807 1.2933 0.0197, -3.0216 1.2933 0.0197, -3.0807 1.6043 0.0197, -3.0216 1.6043 0.0197, -3.0807 1.6043 -0.0197, -3.0216 1.6043 -0.0197, -2.8838 1.2933 -0.0197, -2.8248 1.2933 -0.0197, -2.8248 1.2837 -0.0186, -2.8838 1.2837 -0.0186, -2.8248 1.2745 -0.0154, -2.8838 1.2745 -0.0154, -2.8248 1.2663 -0.0102, -2.8838 1.2663 -0.0102, -2.8248 1.2595 -0.0034, -2.8838 1.2595 -0.0034, -2.8248 1.2543 0.0048, -2.8838 1.2543 0.0048, -2.8248 1.2511 0.014, -2.8838 1.2511 0.014, -2.8248 1.25 0.0236, -2.8838 1.25 0.0236, -2.8838 1.25 1.4016, -2.8248 1.25 1.4016, -2.8838 1.2894 1.4016, -2.8248 1.2894 1.4016, -2.8838 1.2894 0.0236, -2.8248 1.2894 0.0236, -2.8838 1.2895 0.0227, -2.8248 1.2895 0.0227, -2.8838 1.2898 0.0219, -2.8248 1.2898 0.0219, -2.8838 1.2902 0.0212, -2.8248 1.2902 0.0212, -2.8838 1.2909 0.0205, -2.8248 1.2909 0.0205, -2.8838 1.2916 0.0201, -2.8248 1.2916 0.0201, -2.8838 1.2924 0.0198, -2.8248 1.2924 0.0198, -2.8838 1.2933 0.0197, -2.8248 1.2933 0.0197, -2.8838 1.6043 0.0197, -2.8248 1.6043 0.0197, -2.8838 1.6043 -0.0197, -2.8248 1.6043 -0.0197, -2.687 1.2933 -0.0197, -2.6279 1.2933 -0.0197, -2.6279 1.2837 -0.0186, -2.687 1.2837 -0.0186, -2.6279 1.2745 -0.0154, -2.687 1.2745 -0.0154, -2.6279 1.2663 -0.0102, -2.687 1.2663 -0.0102, -2.6279 1.2595 -0.0034, -2.687 1.2595 -0.0034, -2.6279 1.2543 0.0048, -2.687 1.2543 0.0048, -2.6279 1.2511 0.014, -2.687 1.2511 0.014, -2.6279 1.25 0.0236, -2.687 1.25 0.0236, -2.687 1.25 1.4016, -2.6279 1.25 1.4016, -2.687 1.2894 1.4016, -2.6279 1.2894 1.4016, -2.687 1.2894 0.0236, -2.6279 1.2894 0.0236, -2.687 1.2895 0.0227, -2.6279 1.2895 0.0227, -2.687 1.2898 0.0219, -2.6279 1.2898 0.0219, -2.687 1.2902 0.0212, -2.6279 1.2902 0.0212, -2.687 1.2909 0.0205, -2.6279 1.2909 0.0205, -2.687 1.2916 0.0201, -2.6279 1.2916 0.0201, -2.687 1.2924 0.0198, -2.6279 1.2924 0.0198, -2.687 1.2933 0.0197, -2.6279 1.2933 0.0197, -2.687 1.6043 0.0197, -2.6279 1.6043 0.0197, -2.687 1.6043 -0.0197, -2.6279 1.6043 -0.0197, -3.5728 -1.6043 -0.0197, -3.5728 -1.2933 -0.0197, -3.5138 -1.6043 -0.0197, -3.5138 -1.2933 -0.0197, -3.5728 -1.6043 0.0197, -3.5138 -1.6043 0.0197, -3.5728 -1.2933 0.0197, -3.5138 -1.2933 0.0197, -3.5728 -1.2924 0.0198, -3.5138 -1.2924 0.0198, -3.5728 -1.2916 0.0201, -3.5138 -1.2916 0.0201, -3.5728 -1.2908 0.0205, -3.5138 -1.2908 0.0205, -3.5728 -1.2902 0.0212, -3.5138 -1.2902 0.0212, -3.5728 -1.2897 0.0219, -3.5138 -1.2897 0.0219, -3.5728 -1.2895 0.0227, -3.5138 -1.2895 0.0227, -3.5728 -1.2894 0.0236, -3.5138 -1.2894 0.0236, -3.5728 -1.2894 0.9528, -3.5138 -1.2894 0.9528, -3.5138 -1.25 0.9528, -3.5138 -1.25 0.0236, -3.5728 -1.25 0.9528, -3.5728 -1.25 0.0236, -3.5138 -1.2511 0.014, -3.5728 -1.2511 0.014, -3.5138 -1.2543 0.0048, -3.5728 -1.2543 0.0048, -3.5138 -1.2594 -0.0034, -3.5728 -1.2594 -0.0034, -3.5138 -1.2663 -0.0102, -3.5728 -1.2663 -0.0102, -3.5138 -1.2745 -0.0154, -3.5728 -1.2745 -0.0154, -3.5138 -1.2837 -0.0186, -3.5728 -1.2837 -0.0186, -3.376 -1.6043 -0.0197, -3.376 -1.2933 -0.0197, -3.3169 -1.6043 -0.0197, -3.3169 -1.2933 -0.0197, -3.376 -1.6043 0.0197, -3.3169 -1.6043 0.0197, -3.376 -1.2933 0.0197, -3.3169 -1.2933 0.0197, -3.376 -1.2924 0.0198, -3.3169 -1.2924 0.0198, -3.376 -1.2916 0.0201, -3.3169 -1.2916 0.0201, -3.376 -1.2908 0.0205, -3.3169 -1.2908 0.0205, -3.376 -1.2902 0.0212, -3.3169 -1.2902 0.0212, -3.376 -1.2897 0.0219, -3.3169 -1.2897 0.0219, -3.376 -1.2895 0.0227, -3.3169 -1.2895 0.0227, -3.376 -1.2894 0.0236, -3.3169 -1.2894 0.0236, -3.376 -1.2894 0.9528, -3.3169 -1.2894 0.9528, -3.3169 -1.25 0.9528, -3.3169 -1.25 0.0236, -3.376 -1.25 0.9528, -3.376 -1.25 0.0236, -3.3169 -1.2511 0.014, -3.376 -1.2511 0.014, -3.3169 -1.2543 0.0048, -3.376 -1.2543 0.0048, -3.3169 -1.2594 -0.0034, -3.376 -1.2594 -0.0034, -3.3169 -1.2663 -0.0102, -3.376 -1.2663 -0.0102, -3.3169 -1.2745 -0.0154, -3.376 -1.2745 -0.0154, -3.3169 -1.2837 -0.0186, -3.376 -1.2837 -0.0186, -3.1791 -1.6043 -0.0197, -3.1791 -1.2933 -0.0197, -3.1201 -1.6043 -0.0197, -3.1201 -1.2933 -0.0197, -3.1791 -1.6043 0.0197, -3.1201 -1.6043 0.0197, -3.1791 -1.2933 0.0197, -3.1201 -1.2933 0.0197, -3.1791 -1.2924 0.0198, -3.1201 -1.2924 0.0198, -3.1791 -1.2916 0.0201, -3.1201 -1.2916 0.0201, -3.1791 -1.2908 0.0205, -3.1201 -1.2908 0.0205, -3.1791 -1.2902 0.0212, -3.1201 -1.2902 0.0212, -3.1791 -1.2897 0.0219, -3.1201 -1.2897 0.0219, -3.1791 -1.2895 0.0227, -3.1201 -1.2895 0.0227, -3.1791 -1.2894 0.0236, -3.1201 -1.2894 0.0236, -3.1791 -1.2894 0.9528, -3.1201 -1.2894 0.9528, -3.1201 -1.25 0.9528, -3.1201 -1.25 0.0236, -3.1791 -1.25 0.9528, -3.1791 -1.25 0.0236, -3.1201 -1.2511 0.014, -3.1791 -1.2511 0.014, -3.1201 -1.2543 0.0048, -3.1791 -1.2543 0.0048, -3.1201 -1.2594 -0.0034, -3.1791 -1.2594 -0.0034, -3.1201 -1.2663 -0.0102, -3.1791 -1.2663 -0.0102, -3.1201 -1.2745 -0.0154, -3.1791 -1.2745 -0.0154, -3.1201 -1.2837 -0.0186, -3.1791 -1.2837 -0.0186, -1.8012 -1.6043 -0.0197, -1.8012 -1.2933 -0.0197, -1.7421 -1.6043 -0.0197, -1.7421 -1.2933 -0.0197, -1.8012 -1.6043 0.0197, -1.7421 -1.6043 0.0197, -1.8012 -1.2933 0.0197, -1.7421 -1.2933 0.0197, -1.8012 -1.2924 0.0198, -1.7421 -1.2924 0.0198, -1.8012 -1.2916 0.0201, -1.7421 -1.2916 0.0201, -1.8012 -1.2908 0.0205, -1.7421 -1.2908 0.0205, -1.8012 -1.2902 0.0212, -1.7421 -1.2902 0.0212, -1.8012 -1.2897 0.0219, -1.7421 -1.2897 0.0219, -1.8012 -1.2895 0.0227, -1.7421 -1.2895 0.0227, -1.8012 -1.2894 0.0236, -1.7421 -1.2894 0.0236, -1.8012 -1.2894 0.9528, -1.7421 -1.2894 0.9528, -1.7421 -1.25 0.9528, -1.7421 -1.25 0.0236, -1.8012 -1.25 0.9528, -1.8012 -1.25 0.0236, -1.7421 -1.2511 0.014, -1.8012 -1.2511 0.014, -1.7421 -1.2543 0.0048, -1.8012 -1.2543 0.0048, -1.7421 -1.2594 -0.0034, -1.8012 -1.2594 -0.0034, -1.7421 -1.2663 -0.0102, -1.8012 -1.2663 -0.0102, -1.7421 -1.2745 -0.0154, -1.8012 -1.2745 -0.0154, -1.7421 -1.2837 -0.0186, -1.8012 -1.2837 -0.0186, -1.6043 -1.6043 -0.0197, -1.6043 -1.2933 -0.0197, -1.5453 -1.6043 -0.0197, -1.5453 -1.2933 -0.0197, -1.6043 -1.6043 0.0197, -1.5453 -1.6043 0.0197, -1.6043 -1.2933 0.0197, -1.5453 -1.2933 0.0197, -1.6043 -1.2924 0.0198, -1.5453 -1.2924 0.0198, -1.6043 -1.2916 0.0201, -1.5453 -1.2916 0.0201, -1.6043 -1.2908 0.0205, -1.5453 -1.2908 0.0205, -1.6043 -1.2902 0.0212, -1.5453 -1.2902 0.0212, -1.6043 -1.2897 0.0219, -1.5453 -1.2897 0.0219, -1.6043 -1.2895 0.0227, -1.5453 -1.2895 0.0227, -1.6043 -1.2894 0.0236, -1.5453 -1.2894 0.0236, -1.6043 -1.2894 0.9528, -1.5453 -1.2894 0.9528, -1.5453 -1.25 0.9528, -1.5453 -1.25 0.0236, -1.6043 -1.25 0.9528, -1.6043 -1.25 0.0236, -1.5453 -1.2511 0.014, -1.6043 -1.2511 0.014, -1.5453 -1.2543 0.0048, -1.6043 -1.2543 0.0048, -1.5453 -1.2594 -0.0034, -1.6043 -1.2594 -0.0034, -1.5453 -1.2663 -0.0102, -1.6043 -1.2663 -0.0102, -1.5453 -1.2745 -0.0154, -1.6043 -1.2745 -0.0154, -1.5453 -1.2837 -0.0186, -1.6043 -1.2837 -0.0186, -1.4075 -1.6043 -0.0197, -1.4075 -1.2933 -0.0197, -1.3484 -1.6043 -0.0197, -1.3484 -1.2933 -0.0197, -1.4075 -1.6043 0.0197, -1.3484 -1.6043 0.0197, -1.4075 -1.2933 0.0197, -1.3484 -1.2933 0.0197, -1.4075 -1.2924 0.0198, -1.3484 -1.2924 0.0198, -1.4075 -1.2916 0.0201, -1.3484 -1.2916 0.0201, -1.4075 -1.2908 0.0205, -1.3484 -1.2908 0.0205, -1.4075 -1.2902 0.0212, -1.3484 -1.2902 0.0212, -1.4075 -1.2897 0.0219, -1.3484 -1.2897 0.0219, -1.4075 -1.2895 0.0227, -1.3484 -1.2895 0.0227, -1.4075 -1.2894 0.0236, -1.3484 -1.2894 0.0236, -1.4075 -1.2894 0.9528, -1.3484 -1.2894 0.9528, -1.3484 -1.25 0.9528, -1.3484 -1.25 0.0236, -1.4075 -1.25 0.9528, -1.4075 -1.25 0.0236, -1.3484 -1.2511 0.014, -1.4075 -1.2511 0.014, -1.3484 -1.2543 0.0048, -1.4075 -1.2543 0.0048, -1.3484 -1.2594 -0.0034, -1.4075 -1.2594 -0.0034, -1.3484 -1.2663 -0.0102, -1.4075 -1.2663 -0.0102, -1.3484 -1.2745 -0.0154, -1.4075 -1.2745 -0.0154, -1.3484 -1.2837 -0.0186, -1.4075 -1.2837 -0.0186, -1.2106 -1.6043 -0.0197, -1.2106 -1.2933 -0.0197, -1.1516 -1.6043 -0.0197, -1.1516 -1.2933 -0.0197, -1.2106 -1.6043 0.0197, -1.1516 -1.6043 0.0197, -1.2106 -1.2933 0.0197, -1.1516 -1.2933 0.0197, -1.2106 -1.2924 0.0198, -1.1516 -1.2924 0.0198, -1.2106 -1.2916 0.0201, -1.1516 -1.2916 0.0201, -1.2106 -1.2908 0.0205, -1.1516 -1.2908 0.0205, -1.2106 -1.2902 0.0212, -1.1516 -1.2902 0.0212, -1.2106 -1.2897 0.0219, -1.1516 -1.2897 0.0219, -1.2106 -1.2895 0.0227, -1.1516 -1.2895 0.0227, -1.2106 -1.2894 0.0236, -1.1516 -1.2894 0.0236, -1.2106 -1.2894 0.9528, -1.1516 -1.2894 0.9528, -1.1516 -1.25 0.9528, -1.1516 -1.25 0.0236, -1.2106 -1.25 0.9528, -1.2106 -1.25 0.0236, -1.1516 -1.2511 0.014, -1.2106 -1.2511 0.014, -1.1516 -1.2543 0.0048, -1.2106 -1.2543 0.0048, -1.1516 -1.2594 -0.0034, -1.2106 -1.2594 -0.0034, -1.1516 -1.2663 -0.0102, -1.2106 -1.2663 -0.0102, -1.1516 -1.2745 -0.0154, -1.2106 -1.2745 -0.0154, -1.1516 -1.2837 -0.0186, -1.2106 -1.2837 -0.0186, -1.0138 -1.6043 -0.0197, -1.0138 -1.2933 -0.0197, -0.9547 -1.6043 -0.0197, -0.9547 -1.2933 -0.0197, -1.0138 -1.6043 0.0197, -0.9547 -1.6043 0.0197, -1.0138 -1.2933 0.0197, -0.9547 -1.2933 0.0197, -1.0138 -1.2924 0.0198, -0.9547 -1.2924 0.0198, -1.0138 -1.2916 0.0201, -0.9547 -1.2916 0.0201, -1.0138 -1.2908 0.0205, -0.9547 -1.2908 0.0205, -1.0138 -1.2902 0.0212, -0.9547 -1.2902 0.0212, -1.0138 -1.2897 0.0219, -0.9547 -1.2897 0.0219, -1.0138 -1.2895 0.0227, -0.9547 -1.2895 0.0227, -1.0138 -1.2894 0.0236, -0.9547 -1.2894 0.0236, -1.0138 -1.2894 0.9528, -0.9547 -1.2894 0.9528, -0.9547 -1.25 0.9528, -0.9547 -1.25 0.0236, -1.0138 -1.25 0.9528, -1.0138 -1.25 0.0236, -0.9547 -1.2511 0.014, -1.0138 -1.2511 0.014, -0.9547 -1.2543 0.0048, -1.0138 -1.2543 0.0048, -0.9547 -1.2594 -0.0034, -1.0138 -1.2594 -0.0034, -0.9547 -1.2663 -0.0102, -1.0138 -1.2663 -0.0102, -0.9547 -1.2745 -0.0154, -1.0138 -1.2745 -0.0154, -0.9547 -1.2837 -0.0186, -1.0138 -1.2837 -0.0186, -0.8169 -1.6043 -0.0197, -0.8169 -1.2933 -0.0197, -0.7579 -1.6043 -0.0197, -0.7579 -1.2933 -0.0197, -0.8169 -1.6043 0.0197, -0.7579 -1.6043 0.0197, -0.8169 -1.2933 0.0197, -0.7579 -1.2933 0.0197, -0.8169 -1.2924 0.0198, -0.7579 -1.2924 0.0198, -0.8169 -1.2916 0.0201, -0.7579 -1.2916 0.0201, -0.8169 -1.2908 0.0205, -0.7579 -1.2908 0.0205, -0.8169 -1.2902 0.0212, -0.7579 -1.2902 0.0212, -0.8169 -1.2897 0.0219, -0.7579 -1.2897 0.0219, -0.8169 -1.2895 0.0227, -0.7579 -1.2895 0.0227, -0.8169 -1.2894 0.0236, -0.7579 -1.2894 0.0236, -0.8169 -1.2894 0.9528, -0.7579 -1.2894 0.9528, -0.7579 -1.25 0.9528, -0.7579 -1.25 0.0236, -0.8169 -1.25 0.9528, -0.8169 -1.25 0.0236, -0.7579 -1.2511 0.014, -0.8169 -1.2511 0.014, -0.7579 -1.2543 0.0048, -0.8169 -1.2543 0.0048, -0.7579 -1.2594 -0.0034, -0.8169 -1.2594 -0.0034, -0.7579 -1.2663 -0.0102, -0.8169 -1.2663 -0.0102, -0.7579 -1.2745 -0.0154, -0.8169 -1.2745 -0.0154, -0.7579 -1.2837 -0.0186, -0.8169 -1.2837 -0.0186, -0.6201 -1.6043 -0.0197, -0.6201 -1.2933 -0.0197, -0.561 -1.6043 -0.0197, -0.561 -1.2933 -0.0197, -0.6201 -1.6043 0.0197, -0.561 -1.6043 0.0197, -0.6201 -1.2933 0.0197, -0.561 -1.2933 0.0197, -0.6201 -1.2924 0.0198, -0.561 -1.2924 0.0198, -0.6201 -1.2916 0.0201, -0.561 -1.2916 0.0201, -0.6201 -1.2908 0.0205, -0.561 -1.2908 0.0205, -0.6201 -1.2902 0.0212, -0.561 -1.2902 0.0212, -0.6201 -1.2897 0.0219, -0.561 -1.2897 0.0219, -0.6201 -1.2895 0.0227, -0.561 -1.2895 0.0227, -0.6201 -1.2894 0.0236, -0.561 -1.2894 0.0236, -0.6201 -1.2894 0.9528, -0.561 -1.2894 0.9528, -0.561 -1.25 0.9528, -0.561 -1.25 0.0236, -0.6201 -1.25 0.9528, -0.6201 -1.25 0.0236, -0.561 -1.2511 0.014, -0.6201 -1.2511 0.014, -0.561 -1.2543 0.0048, -0.6201 -1.2543 0.0048, -0.561 -1.2594 -0.0034, -0.6201 -1.2594 -0.0034, -0.561 -1.2663 -0.0102, -0.6201 -1.2663 -0.0102, -0.561 -1.2745 -0.0154, -0.6201 -1.2745 -0.0154, -0.561 -1.2837 -0.0186, -0.6201 -1.2837 -0.0186, -0.4232 -1.6043 -0.0197, -0.4232 -1.2933 -0.0197, -0.3642 -1.6043 -0.0197, -0.3642 -1.2933 -0.0197, -0.4232 -1.6043 0.0197, -0.3642 -1.6043 0.0197, -0.4232 -1.2933 0.0197, -0.3642 -1.2933 0.0197, -0.4232 -1.2924 0.0198, -0.3642 -1.2924 0.0198, -0.4232 -1.2916 0.0201, -0.3642 -1.2916 0.0201, -0.4232 -1.2908 0.0205, -0.3642 -1.2908 0.0205, -0.4232 -1.2902 0.0212, -0.3642 -1.2902 0.0212, -0.4232 -1.2897 0.0219, -0.3642 -1.2897 0.0219, -0.4232 -1.2895 0.0227, -0.3642 -1.2895 0.0227, -0.4232 -1.2894 0.0236, -0.3642 -1.2894 0.0236, -0.4232 -1.2894 0.9528, -0.3642 -1.2894 0.9528, -0.3642 -1.25 0.9528, -0.3642 -1.25 0.0236, -0.4232 -1.25 0.9528, -0.4232 -1.25 0.0236, -0.3642 -1.2511 0.014, -0.4232 -1.2511 0.014, -0.3642 -1.2543 0.0048, -0.4232 -1.2543 0.0048, -0.3642 -1.2594 -0.0034, -0.4232 -1.2594 -0.0034, -0.3642 -1.2663 -0.0102, -0.4232 -1.2663 -0.0102, -0.3642 -1.2745 -0.0154, -0.4232 -1.2745 -0.0154, -0.3642 -1.2837 -0.0186, -0.4232 -1.2837 -0.0186, -0.2264 -1.6043 -0.0197, -0.2264 -1.2933 -0.0197, -0.1673 -1.6043 -0.0197, -0.1673 -1.2933 -0.0197, -0.2264 -1.6043 0.0197, -0.1673 -1.6043 0.0197, -0.2264 -1.2933 0.0197, -0.1673 -1.2933 0.0197, -0.2264 -1.2924 0.0198, -0.1673 -1.2924 0.0198, -0.2264 -1.2916 0.0201, -0.1673 -1.2916 0.0201, -0.2264 -1.2908 0.0205, -0.1673 -1.2908 0.0205, -0.2264 -1.2902 0.0212, -0.1673 -1.2902 0.0212, -0.2264 -1.2897 0.0219, -0.1673 -1.2897 0.0219, -0.2264 -1.2895 0.0227, -0.1673 -1.2895 0.0227, -0.2264 -1.2894 0.0236, -0.1673 -1.2894 0.0236, -0.2264 -1.2894 0.9528, -0.1673 -1.2894 0.9528, -0.1673 -1.25 0.9528, -0.1673 -1.25 0.0236, -0.2264 -1.25 0.9528, -0.2264 -1.25 0.0236, -0.1673 -1.2511 0.014, -0.2264 -1.2511 0.014, -0.1673 -1.2543 0.0048, -0.2264 -1.2543 0.0048, -0.1673 -1.2594 -0.0034, -0.2264 -1.2594 -0.0034, -0.1673 -1.2663 -0.0102, -0.2264 -1.2663 -0.0102, -0.1673 -1.2745 -0.0154, -0.2264 -1.2745 -0.0154, -0.1673 -1.2837 -0.0186, -0.2264 -1.2837 -0.0186, -0.0295 -1.6043 -0.0197, -0.0295 -1.2933 -0.0197, 0.0295 -1.6043 -0.0197, 0.0295 -1.2933 -0.0197, -0.0295 -1.6043 0.0197, 0.0295 -1.6043 0.0197, -0.0295 -1.2933 0.0197, 0.0295 -1.2933 0.0197, -0.0295 -1.2924 0.0198, 0.0295 -1.2924 0.0198, -0.0295 -1.2916 0.0201, 0.0295 -1.2916 0.0201, -0.0295 -1.2908 0.0205, 0.0295 -1.2908 0.0205, -0.0295 -1.2902 0.0212, 0.0295 -1.2902 0.0212, -0.0295 -1.2897 0.0219, 0.0295 -1.2897 0.0219, -0.0295 -1.2895 0.0227, 0.0295 -1.2895 0.0227, -0.0295 -1.2894 0.0236, 0.0295 -1.2894 0.0236, -0.0295 -1.2894 0.9528, 0.0295 -1.2894 0.9528, 0.0295 -1.25 0.9528, 0.0295 -1.25 0.0236, -0.0295 -1.25 0.9528, -0.0295 -1.25 0.0236, 0.0295 -1.2511 0.014, -0.0295 -1.2511 0.014, 0.0295 -1.2543 0.0048, -0.0295 -1.2543 0.0048, 0.0295 -1.2594 -0.0034, -0.0295 -1.2594 -0.0034, 0.0295 -1.2663 -0.0102, -0.0295 -1.2663 -0.0102, 0.0295 -1.2745 -0.0154, -0.0295 -1.2745 -0.0154, 0.0295 -1.2837 -0.0186, -0.0295 -1.2837 -0.0186, 0.1673 -1.6043 -0.0197, 0.1673 -1.2933 -0.0197, 0.2264 -1.6043 -0.0197, 0.2264 -1.2933 -0.0197, 0.1673 -1.6043 0.0197, 0.2264 -1.6043 0.0197, 0.1673 -1.2933 0.0197, 0.2264 -1.2933 0.0197, 0.1673 -1.2924 0.0198, 0.2264 -1.2924 0.0198, 0.1673 -1.2916 0.0201, 0.2264 -1.2916 0.0201, 0.1673 -1.2908 0.0205, 0.2264 -1.2908 0.0205, 0.1673 -1.2902 0.0212, 0.2264 -1.2902 0.0212, 0.1673 -1.2897 0.0219, 0.2264 -1.2897 0.0219, 0.1673 -1.2895 0.0227, 0.2264 -1.2895 0.0227, 0.1673 -1.2894 0.0236, 0.2264 -1.2894 0.0236, 0.1673 -1.2894 0.9528, 0.2264 -1.2894 0.9528, 0.2264 -1.25 0.9528, 0.2264 -1.25 0.0236, 0.1673 -1.25 0.9528, 0.1673 -1.25 0.0236, 0.2264 -1.2511 0.014, 0.1673 -1.2511 0.014, 0.2264 -1.2543 0.0048, 0.1673 -1.2543 0.0048, 0.2264 -1.2594 -0.0034, 0.1673 -1.2594 -0.0034, 0.2264 -1.2663 -0.0102, 0.1673 -1.2663 -0.0102, 0.2264 -1.2745 -0.0154, 0.1673 -1.2745 -0.0154, 0.2264 -1.2837 -0.0186, 0.1673 -1.2837 -0.0186, 0.3642 -1.6043 -0.0197, 0.3642 -1.2933 -0.0197, 0.4232 -1.6043 -0.0197, 0.4232 -1.2933 -0.0197, 0.3642 -1.6043 0.0197, 0.4232 -1.6043 0.0197, 0.3642 -1.2933 0.0197, 0.4232 -1.2933 0.0197, 0.3642 -1.2924 0.0198, 0.4232 -1.2924 0.0198, 0.3642 -1.2916 0.0201, 0.4232 -1.2916 0.0201, 0.3642 -1.2908 0.0205, 0.4232 -1.2908 0.0205, 0.3642 -1.2902 0.0212, 0.4232 -1.2902 0.0212, 0.3642 -1.2897 0.0219, 0.4232 -1.2897 0.0219, 0.3642 -1.2895 0.0227, 0.4232 -1.2895 0.0227, 0.3642 -1.2894 0.0236, 0.4232 -1.2894 0.0236, 0.3642 -1.2894 0.9528, 0.4232 -1.2894 0.9528, 0.4232 -1.25 0.9528, 0.4232 -1.25 0.0236, 0.3642 -1.25 0.9528, 0.3642 -1.25 0.0236, 0.4232 -1.2511 0.014, 0.3642 -1.2511 0.014, 0.4232 -1.2543 0.0048, 0.3642 -1.2543 0.0048, 0.4232 -1.2594 -0.0034, 0.3642 -1.2594 -0.0034, 0.4232 -1.2663 -0.0102, 0.3642 -1.2663 -0.0102, 0.4232 -1.2745 -0.0154, 0.3642 -1.2745 -0.0154, 0.4232 -1.2837 -0.0186, 0.3642 -1.2837 -0.0186, 0.561 -1.6043 -0.0197, 0.561 -1.2933 -0.0197, 0.6201 -1.6043 -0.0197, 0.6201 -1.2933 -0.0197, 0.561 -1.6043 0.0197, 0.6201 -1.6043 0.0197, 0.561 -1.2933 0.0197, 0.6201 -1.2933 0.0197, 0.561 -1.2924 0.0198, 0.6201 -1.2924 0.0198, 0.561 -1.2916 0.0201, 0.6201 -1.2916 0.0201, 0.561 -1.2908 0.0205, 0.6201 -1.2908 0.0205, 0.561 -1.2902 0.0212, 0.6201 -1.2902 0.0212, 0.561 -1.2897 0.0219, 0.6201 -1.2897 0.0219, 0.561 -1.2895 0.0227, 0.6201 -1.2895 0.0227, 0.561 -1.2894 0.0236, 0.6201 -1.2894 0.0236, 0.561 -1.2894 0.9528, 0.6201 -1.2894 0.9528, 0.6201 -1.25 0.9528, 0.6201 -1.25 0.0236, 0.561 -1.25 0.9528, 0.561 -1.25 0.0236, 0.6201 -1.2511 0.014, 0.561 -1.2511 0.014, 0.6201 -1.2543 0.0048, 0.561 -1.2543 0.0048, 0.6201 -1.2594 -0.0034, 0.561 -1.2594 -0.0034, 0.6201 -1.2663 -0.0102, 0.561 -1.2663 -0.0102, 0.6201 -1.2745 -0.0154, 0.561 -1.2745 -0.0154, 0.6201 -1.2837 -0.0186, 0.561 -1.2837 -0.0186, 0.7579 -1.6043 -0.0197, 0.7579 -1.2933 -0.0197, 0.8169 -1.6043 -0.0197, 0.8169 -1.2933 -0.0197, 0.7579 -1.6043 0.0197, 0.8169 -1.6043 0.0197, 0.7579 -1.2933 0.0197, 0.8169 -1.2933 0.0197, 0.7579 -1.2924 0.0198, 0.8169 -1.2924 0.0198, 0.7579 -1.2916 0.0201, 0.8169 -1.2916 0.0201, 0.7579 -1.2908 0.0205, 0.8169 -1.2908 0.0205, 0.7579 -1.2902 0.0212, 0.8169 -1.2902 0.0212, 0.7579 -1.2897 0.0219, 0.8169 -1.2897 0.0219, 0.7579 -1.2895 0.0227, 0.8169 -1.2895 0.0227, 0.7579 -1.2894 0.0236, 0.8169 -1.2894 0.0236, 0.7579 -1.2894 0.9528, 0.8169 -1.2894 0.9528, 0.8169 -1.25 0.9528, 0.8169 -1.25 0.0236, 0.7579 -1.25 0.9528, 0.7579 -1.25 0.0236, 0.8169 -1.2511 0.014, 0.7579 -1.2511 0.014, 0.8169 -1.2543 0.0048, 0.7579 -1.2543 0.0048, 0.8169 -1.2594 -0.0034, 0.7579 -1.2594 -0.0034, 0.8169 -1.2663 -0.0102, 0.7579 -1.2663 -0.0102, 0.8169 -1.2745 -0.0154, 0.7579 -1.2745 -0.0154, 0.8169 -1.2837 -0.0186, 0.7579 -1.2837 -0.0186, 0.9547 -1.6043 -0.0197, 0.9547 -1.2933 -0.0197, 1.0138 -1.6043 -0.0197, 1.0138 -1.2933 -0.0197, 0.9547 -1.6043 0.0197, 1.0138 -1.6043 0.0197, 0.9547 -1.2933 0.0197, 1.0138 -1.2933 0.0197, 0.9547 -1.2924 0.0198, 1.0138 -1.2924 0.0198, 0.9547 -1.2916 0.0201, 1.0138 -1.2916 0.0201, 0.9547 -1.2908 0.0205, 1.0138 -1.2908 0.0205, 0.9547 -1.2902 0.0212, 1.0138 -1.2902 0.0212, 0.9547 -1.2897 0.0219, 1.0138 -1.2897 0.0219, 0.9547 -1.2895 0.0227, 1.0138 -1.2895 0.0227, 0.9547 -1.2894 0.0236, 1.0138 -1.2894 0.0236, 0.9547 -1.2894 0.9528, 1.0138 -1.2894 0.9528, 1.0138 -1.25 0.9528, 1.0138 -1.25 0.0236, 0.9547 -1.25 0.9528, 0.9547 -1.25 0.0236, 1.0138 -1.2511 0.014, 0.9547 -1.2511 0.014, 1.0138 -1.2543 0.0048, 0.9547 -1.2543 0.0048, 1.0138 -1.2594 -0.0034, 0.9547 -1.2594 -0.0034, 1.0138 -1.2663 -0.0102, 0.9547 -1.2663 -0.0102, 1.0138 -1.2745 -0.0154, 0.9547 -1.2745 -0.0154, 1.0138 -1.2837 -0.0186, 0.9547 -1.2837 -0.0186, 1.1516 -1.6043 -0.0197, 1.1516 -1.2933 -0.0197, 1.2106 -1.6043 -0.0197, 1.2106 -1.2933 -0.0197, 1.1516 -1.6043 0.0197, 1.2106 -1.6043 0.0197, 1.1516 -1.2933 0.0197, 1.2106 -1.2933 0.0197, 1.1516 -1.2924 0.0198, 1.2106 -1.2924 0.0198, 1.1516 -1.2916 0.0201, 1.2106 -1.2916 0.0201, 1.1516 -1.2908 0.0205, 1.2106 -1.2908 0.0205, 1.1516 -1.2902 0.0212, 1.2106 -1.2902 0.0212, 1.1516 -1.2897 0.0219, 1.2106 -1.2897 0.0219, 1.1516 -1.2895 0.0227, 1.2106 -1.2895 0.0227, 1.1516 -1.2894 0.0236, 1.2106 -1.2894 0.0236, 1.1516 -1.2894 0.9528, 1.2106 -1.2894 0.9528, 1.2106 -1.25 0.9528, 1.2106 -1.25 0.0236, 1.1516 -1.25 0.9528, 1.1516 -1.25 0.0236, 1.2106 -1.2511 0.014, 1.1516 -1.2511 0.014, 1.2106 -1.2543 0.0048, 1.1516 -1.2543 0.0048, 1.2106 -1.2594 -0.0034, 1.1516 -1.2594 -0.0034, 1.2106 -1.2663 -0.0102, 1.1516 -1.2663 -0.0102, 1.2106 -1.2745 -0.0154, 1.1516 -1.2745 -0.0154, 1.2106 -1.2837 -0.0186, 1.1516 -1.2837 -0.0186, 1.3484 -1.6043 -0.0197, 1.3484 -1.2933 -0.0197, 1.4075 -1.6043 -0.0197, 1.4075 -1.2933 -0.0197, 1.3484 -1.6043 0.0197, 1.4075 -1.6043 0.0197, 1.3484 -1.2933 0.0197, 1.4075 -1.2933 0.0197, 1.3484 -1.2924 0.0198, 1.4075 -1.2924 0.0198, 1.3484 -1.2916 0.0201, 1.4075 -1.2916 0.0201, 1.3484 -1.2908 0.0205, 1.4075 -1.2908 0.0205, 1.3484 -1.2902 0.0212, 1.4075 -1.2902 0.0212, 1.3484 -1.2897 0.0219, 1.4075 -1.2897 0.0219, 1.3484 -1.2895 0.0227, 1.4075 -1.2895 0.0227, 1.3484 -1.2894 0.0236, 1.4075 -1.2894 0.0236, 1.3484 -1.2894 0.9528, 1.4075 -1.2894 0.9528, 1.4075 -1.25 0.9528, 1.4075 -1.25 0.0236, 1.3484 -1.25 0.9528, 1.3484 -1.25 0.0236, 1.4075 -1.2511 0.014, 1.3484 -1.2511 0.014, 1.4075 -1.2543 0.0048, 1.3484 -1.2543 0.0048, 1.4075 -1.2594 -0.0034, 1.3484 -1.2594 -0.0034, 1.4075 -1.2663 -0.0102, 1.3484 -1.2663 -0.0102, 1.4075 -1.2745 -0.0154, 1.3484 -1.2745 -0.0154, 1.4075 -1.2837 -0.0186, 1.3484 -1.2837 -0.0186, 1.5453 -1.6043 -0.0197, 1.5453 -1.2933 -0.0197, 1.6043 -1.6043 -0.0197, 1.6043 -1.2933 -0.0197, 1.5453 -1.6043 0.0197, 1.6043 -1.6043 0.0197, 1.5453 -1.2933 0.0197, 1.6043 -1.2933 0.0197, 1.5453 -1.2924 0.0198, 1.6043 -1.2924 0.0198, 1.5453 -1.2916 0.0201, 1.6043 -1.2916 0.0201, 1.5453 -1.2908 0.0205, 1.6043 -1.2908 0.0205, 1.5453 -1.2902 0.0212, 1.6043 -1.2902 0.0212, 1.5453 -1.2897 0.0219, 1.6043 -1.2897 0.0219, 1.5453 -1.2895 0.0227, 1.6043 -1.2895 0.0227, 1.5453 -1.2894 0.0236, 1.6043 -1.2894 0.0236, 1.5453 -1.2894 0.9528, 1.6043 -1.2894 0.9528, 1.6043 -1.25 0.9528, 1.6043 -1.25 0.0236, 1.5453 -1.25 0.9528, 1.5453 -1.25 0.0236, 1.6043 -1.2511 0.014, 1.5453 -1.2511 0.014, 1.6043 -1.2543 0.0048, 1.5453 -1.2543 0.0048, 1.6043 -1.2594 -0.0034, 1.5453 -1.2594 -0.0034, 1.6043 -1.2663 -0.0102, 1.5453 -1.2663 -0.0102, 1.6043 -1.2745 -0.0154, 1.5453 -1.2745 -0.0154, 1.6043 -1.2837 -0.0186, 1.5453 -1.2837 -0.0186, 1.7421 -1.6043 -0.0197, 1.7421 -1.2933 -0.0197, 1.8012 -1.6043 -0.0197, 1.8012 -1.2933 -0.0197, 1.7421 -1.6043 0.0197, 1.8012 -1.6043 0.0197, 1.7421 -1.2933 0.0197, 1.8012 -1.2933 0.0197, 1.7421 -1.2924 0.0198, 1.8012 -1.2924 0.0198, 1.7421 -1.2916 0.0201, 1.8012 -1.2916 0.0201, 1.7421 -1.2908 0.0205, 1.8012 -1.2908 0.0205, 1.7421 -1.2902 0.0212, 1.8012 -1.2902 0.0212, 1.7421 -1.2897 0.0219, 1.8012 -1.2897 0.0219, 1.7421 -1.2895 0.0227, 1.8012 -1.2895 0.0227, 1.7421 -1.2894 0.0236, 1.8012 -1.2894 0.0236, 1.7421 -1.2894 0.9528, 1.8012 -1.2894 0.9528, 1.8012 -1.25 0.9528, 1.8012 -1.25 0.0236, 1.7421 -1.25 0.9528, 1.7421 -1.25 0.0236, 1.8012 -1.2511 0.014, 1.7421 -1.2511 0.014, 1.8012 -1.2543 0.0048, 1.7421 -1.2543 0.0048, 1.8012 -1.2594 -0.0034, 1.7421 -1.2594 -0.0034, 1.8012 -1.2663 -0.0102, 1.7421 -1.2663 -0.0102, 1.8012 -1.2745 -0.0154, 1.7421 -1.2745 -0.0154, 1.8012 -1.2837 -0.0186, 1.7421 -1.2837 -0.0186, 1.939 -1.6043 -0.0197, 1.939 -1.2933 -0.0197, 1.998 -1.6043 -0.0197, 1.998 -1.2933 -0.0197, 1.939 -1.6043 0.0197, 1.998 -1.6043 0.0197, 1.939 -1.2933 0.0197, 1.998 -1.2933 0.0197, 1.939 -1.2924 0.0198, 1.998 -1.2924 0.0198, 1.939 -1.2916 0.0201, 1.998 -1.2916 0.0201, 1.939 -1.2908 0.0205, 1.998 -1.2908 0.0205, 1.939 -1.2902 0.0212, 1.998 -1.2902 0.0212, 1.939 -1.2897 0.0219, 1.998 -1.2897 0.0219, 1.939 -1.2895 0.0227, 1.998 -1.2895 0.0227, 1.939 -1.2894 0.0236, 1.998 -1.2894 0.0236, 1.939 -1.2894 0.9528, 1.998 -1.2894 0.9528, 1.998 -1.25 0.9528, 1.998 -1.25 0.0236, 1.939 -1.25 0.9528, 1.939 -1.25 0.0236, 1.998 -1.2511 0.014, 1.939 -1.2511 0.014, 1.998 -1.2543 0.0048, 1.939 -1.2543 0.0048, 1.998 -1.2594 -0.0034, 1.939 -1.2594 -0.0034, 1.998 -1.2663 -0.0102, 1.939 -1.2663 -0.0102, 1.998 -1.2745 -0.0154, 1.939 -1.2745 -0.0154, 1.998 -1.2837 -0.0186, 1.939 -1.2837 -0.0186, 2.1358 -1.6043 -0.0197, 2.1358 -1.2933 -0.0197, 2.1949 -1.6043 -0.0197, 2.1949 -1.2933 -0.0197, 2.1358 -1.6043 0.0197, 2.1949 -1.6043 0.0197, 2.1358 -1.2933 0.0197, 2.1949 -1.2933 0.0197, 2.1358 -1.2924 0.0198, 2.1949 -1.2924 0.0198, 2.1358 -1.2916 0.0201, 2.1949 -1.2916 0.0201, 2.1358 -1.2908 0.0205, 2.1949 -1.2908 0.0205, 2.1358 -1.2902 0.0212, 2.1949 -1.2902 0.0212, 2.1358 -1.2897 0.0219, 2.1949 -1.2897 0.0219, 2.1358 -1.2895 0.0227, 2.1949 -1.2895 0.0227, 2.1358 -1.2894 0.0236, 2.1949 -1.2894 0.0236, 2.1358 -1.2894 0.9528, 2.1949 -1.2894 0.9528, 2.1949 -1.25 0.9528, 2.1949 -1.25 0.0236, 2.1358 -1.25 0.9528, 2.1358 -1.25 0.0236, 2.1949 -1.2511 0.014, 2.1358 -1.2511 0.014, 2.1949 -1.2543 0.0048, 2.1358 -1.2543 0.0048, 2.1949 -1.2594 -0.0034, 2.1358 -1.2594 -0.0034, 2.1949 -1.2663 -0.0102, 2.1358 -1.2663 -0.0102, 2.1949 -1.2745 -0.0154, 2.1358 -1.2745 -0.0154, 2.1949 -1.2837 -0.0186, 2.1358 -1.2837 -0.0186, 2.3327 -1.6043 -0.0197, 2.3327 -1.2933 -0.0197, 2.3917 -1.6043 -0.0197, 2.3917 -1.2933 -0.0197, 2.3327 -1.6043 0.0197, 2.3917 -1.6043 0.0197, 2.3327 -1.2933 0.0197, 2.3917 -1.2933 0.0197, 2.3327 -1.2924 0.0198, 2.3917 -1.2924 0.0198, 2.3327 -1.2916 0.0201, 2.3917 -1.2916 0.0201, 2.3327 -1.2908 0.0205, 2.3917 -1.2908 0.0205, 2.3327 -1.2902 0.0212, 2.3917 -1.2902 0.0212, 2.3327 -1.2897 0.0219, 2.3917 -1.2897 0.0219, 2.3327 -1.2895 0.0227, 2.3917 -1.2895 0.0227, 2.3327 -1.2894 0.0236, 2.3917 -1.2894 0.0236, 2.3327 -1.2894 0.9528, 2.3917 -1.2894 0.9528, 2.3917 -1.25 0.9528, 2.3917 -1.25 0.0236, 2.3327 -1.25 0.9528, 2.3327 -1.25 0.0236, 2.3917 -1.2511 0.014, 2.3327 -1.2511 0.014, 2.3917 -1.2543 0.0048, 2.3327 -1.2543 0.0048, 2.3917 -1.2594 -0.0034, 2.3327 -1.2594 -0.0034, 2.3917 -1.2663 -0.0102, 2.3327 -1.2663 -0.0102, 2.3917 -1.2745 -0.0154, 2.3327 -1.2745 -0.0154, 2.3917 -1.2837 -0.0186, 2.3327 -1.2837 -0.0186, 2.5295 -1.6043 -0.0197, 2.5295 -1.2933 -0.0197, 2.5886 -1.6043 -0.0197, 2.5886 -1.2933 -0.0197, 2.5295 -1.6043 0.0197, 2.5886 -1.6043 0.0197, 2.5295 -1.2933 0.0197, 2.5886 -1.2933 0.0197, 2.5295 -1.2924 0.0198, 2.5886 -1.2924 0.0198, 2.5295 -1.2916 0.0201, 2.5886 -1.2916 0.0201, 2.5295 -1.2908 0.0205, 2.5886 -1.2908 0.0205, 2.5295 -1.2902 0.0212, 2.5886 -1.2902 0.0212, 2.5295 -1.2897 0.0219, 2.5886 -1.2897 0.0219, 2.5295 -1.2895 0.0227, 2.5886 -1.2895 0.0227, 2.5295 -1.2894 0.0236, 2.5886 -1.2894 0.0236, 2.5295 -1.2894 0.9528, 2.5886 -1.2894 0.9528, 2.5886 -1.25 0.9528, 2.5886 -1.25 0.0236, 2.5295 -1.25 0.9528, 2.5295 -1.25 0.0236, 2.5886 -1.2511 0.014, 2.5295 -1.2511 0.014, 2.5886 -1.2543 0.0048, 2.5295 -1.2543 0.0048, 2.5886 -1.2594 -0.0034, 2.5295 -1.2594 -0.0034, 2.5886 -1.2663 -0.0102, 2.5295 -1.2663 -0.0102, 2.5886 -1.2745 -0.0154, 2.5295 -1.2745 -0.0154, 2.5886 -1.2837 -0.0186, 2.5295 -1.2837 -0.0186, 2.7264 -1.6043 -0.0197, 2.7264 -1.2933 -0.0197, 2.7854 -1.6043 -0.0197, 2.7854 -1.2933 -0.0197, 2.7264 -1.6043 0.0197, 2.7854 -1.6043 0.0197, 2.7264 -1.2933 0.0197, 2.7854 -1.2933 0.0197, 2.7264 -1.2924 0.0198, 2.7854 -1.2924 0.0198, 2.7264 -1.2916 0.0201, 2.7854 -1.2916 0.0201, 2.7264 -1.2908 0.0205, 2.7854 -1.2908 0.0205, 2.7264 -1.2902 0.0212, 2.7854 -1.2902 0.0212, 2.7264 -1.2897 0.0219, 2.7854 -1.2897 0.0219, 2.7264 -1.2895 0.0227, 2.7854 -1.2895 0.0227, 2.7264 -1.2894 0.0236, 2.7854 -1.2894 0.0236, 2.7264 -1.2894 0.9528, 2.7854 -1.2894 0.9528, 2.7854 -1.25 0.9528, 2.7854 -1.25 0.0236, 2.7264 -1.25 0.9528, 2.7264 -1.25 0.0236, 2.7854 -1.2511 0.014, 2.7264 -1.2511 0.014, 2.7854 -1.2543 0.0048, 2.7264 -1.2543 0.0048, 2.7854 -1.2594 -0.0034, 2.7264 -1.2594 -0.0034, 2.7854 -1.2663 -0.0102, 2.7264 -1.2663 -0.0102, 2.7854 -1.2745 -0.0154, 2.7264 -1.2745 -0.0154, 2.7854 -1.2837 -0.0186, 2.7264 -1.2837 -0.0186, 2.9232 -1.6043 -0.0197, 2.9232 -1.2933 -0.0197, 2.9823 -1.6043 -0.0197, 2.9823 -1.2933 -0.0197, 2.9232 -1.6043 0.0197, 2.9823 -1.6043 0.0197, 2.9232 -1.2933 0.0197, 2.9823 -1.2933 0.0197, 2.9232 -1.2924 0.0198, 2.9823 -1.2924 0.0198, 2.9232 -1.2916 0.0201, 2.9823 -1.2916 0.0201, 2.9232 -1.2908 0.0205, 2.9823 -1.2908 0.0205, 2.9232 -1.2902 0.0212, 2.9823 -1.2902 0.0212, 2.9232 -1.2897 0.0219, 2.9823 -1.2897 0.0219, 2.9232 -1.2895 0.0227, 2.9823 -1.2895 0.0227, 2.9232 -1.2894 0.0236, 2.9823 -1.2894 0.0236, 2.9232 -1.2894 0.9528, 2.9823 -1.2894 0.9528, 2.9823 -1.25 0.9528, 2.9823 -1.25 0.0236, 2.9232 -1.25 0.9528, 2.9232 -1.25 0.0236, 2.9823 -1.2511 0.014, 2.9232 -1.2511 0.014, 2.9823 -1.2543 0.0048, 2.9232 -1.2543 0.0048, 2.9823 -1.2594 -0.0034, 2.9232 -1.2594 -0.0034, 2.9823 -1.2663 -0.0102, 2.9232 -1.2663 -0.0102, 2.9823 -1.2745 -0.0154, 2.9232 -1.2745 -0.0154, 2.9823 -1.2837 -0.0186, 2.9232 -1.2837 -0.0186, 3.1201 -1.6043 -0.0197, 3.1201 -1.2933 -0.0197, 3.1791 -1.6043 -0.0197, 3.1791 -1.2933 -0.0197, 3.1201 -1.6043 0.0197, 3.1791 -1.6043 0.0197, 3.1201 -1.2933 0.0197, 3.1791 -1.2933 0.0197, 3.1201 -1.2924 0.0198, 3.1791 -1.2924 0.0198, 3.1201 -1.2916 0.0201, 3.1791 -1.2916 0.0201, 3.1201 -1.2908 0.0205, 3.1791 -1.2908 0.0205, 3.1201 -1.2902 0.0212, 3.1791 -1.2902 0.0212, 3.1201 -1.2897 0.0219, 3.1791 -1.2897 0.0219, 3.1201 -1.2895 0.0227, 3.1791 -1.2895 0.0227, 3.1201 -1.2894 0.0236, 3.1791 -1.2894 0.0236, 3.1201 -1.2894 0.9528, 3.1791 -1.2894 0.9528, 3.1791 -1.25 0.9528, 3.1791 -1.25 0.0236, 3.1201 -1.25 0.9528, 3.1201 -1.25 0.0236, 3.1791 -1.2511 0.014, 3.1201 -1.2511 0.014, 3.1791 -1.2543 0.0048, 3.1201 -1.2543 0.0048, 3.1791 -1.2594 -0.0034, 3.1201 -1.2594 -0.0034, 3.1791 -1.2663 -0.0102, 3.1201 -1.2663 -0.0102, 3.1791 -1.2745 -0.0154, 3.1201 -1.2745 -0.0154, 3.1791 -1.2837 -0.0186, 3.1201 -1.2837 -0.0186, 3.3169 -1.6043 -0.0197, 3.3169 -1.2933 -0.0197, 3.376 -1.6043 -0.0197, 3.376 -1.2933 -0.0197, 3.3169 -1.6043 0.0197, 3.376 -1.6043 0.0197, 3.3169 -1.2933 0.0197, 3.376 -1.2933 0.0197, 3.3169 -1.2924 0.0198, 3.376 -1.2924 0.0198, 3.3169 -1.2916 0.0201, 3.376 -1.2916 0.0201, 3.3169 -1.2908 0.0205, 3.376 -1.2908 0.0205, 3.3169 -1.2902 0.0212, 3.376 -1.2902 0.0212, 3.3169 -1.2897 0.0219, 3.376 -1.2897 0.0219, 3.3169 -1.2895 0.0227, 3.376 -1.2895 0.0227, 3.3169 -1.2894 0.0236, 3.376 -1.2894 0.0236, 3.3169 -1.2894 0.9528, 3.376 -1.2894 0.9528, 3.376 -1.25 0.9528, 3.376 -1.25 0.0236, 3.3169 -1.25 0.9528, 3.3169 -1.25 0.0236, 3.376 -1.2511 0.014, 3.3169 -1.2511 0.014, 3.376 -1.2543 0.0048, 3.3169 -1.2543 0.0048, 3.376 -1.2594 -0.0034, 3.3169 -1.2594 -0.0034, 3.376 -1.2663 -0.0102, 3.3169 -1.2663 -0.0102, 3.376 -1.2745 -0.0154, 3.3169 -1.2745 -0.0154, 3.376 -1.2837 -0.0186, 3.3169 -1.2837 -0.0186, 3.5138 -1.6043 -0.0197, 3.5138 -1.2933 -0.0197, 3.5728 -1.6043 -0.0197, 3.5728 -1.2933 -0.0197, 3.5138 -1.6043 0.0197, 3.5728 -1.6043 0.0197, 3.5138 -1.2933 0.0197, 3.5728 -1.2933 0.0197, 3.5138 -1.2924 0.0198, 3.5728 -1.2924 0.0198, 3.5138 -1.2916 0.0201, 3.5728 -1.2916 0.0201, 3.5138 -1.2908 0.0205, 3.5728 -1.2908 0.0205, 3.5138 -1.2902 0.0212, 3.5728 -1.2902 0.0212, 3.5138 -1.2897 0.0219, 3.5728 -1.2897 0.0219, 3.5138 -1.2895 0.0227, 3.5728 -1.2895 0.0227, 3.5138 -1.2894 0.0236, 3.5728 -1.2894 0.0236, 3.5138 -1.2894 0.9528, 3.5728 -1.2894 0.9528, 3.5728 -1.25 0.9528, 3.5728 -1.25 0.0236, 3.5138 -1.25 0.9528, 3.5138 -1.25 0.0236, 3.5728 -1.2511 0.014, 3.5138 -1.2511 0.014, 3.5728 -1.2543 0.0048, 3.5138 -1.2543 0.0048, 3.5728 -1.2594 -0.0034, 3.5138 -1.2594 -0.0034, 3.5728 -1.2663 -0.0102, 3.5138 -1.2663 -0.0102, 3.5728 -1.2745 -0.0154, 3.5138 -1.2745 -0.0154, 3.5728 -1.2837 -0.0186, 3.5138 -1.2837 -0.0186, -2.9823 -1.6043 -0.0197, -2.9823 -1.2933 -0.0197, -2.9232 -1.6043 -0.0197, -2.9232 -1.2933 -0.0197, -2.9823 -1.6043 0.0197, -2.9232 -1.6043 0.0197, -2.9823 -1.2933 0.0197, -2.9232 -1.2933 0.0197, -2.9823 -1.2924 0.0198, -2.9232 -1.2924 0.0198, -2.9823 -1.2916 0.0201, -2.9232 -1.2916 0.0201, -2.9823 -1.2908 0.0205, -2.9232 -1.2908 0.0205, -2.9823 -1.2902 0.0212, -2.9232 -1.2902 0.0212, -2.9823 -1.2897 0.0219, -2.9232 -1.2897 0.0219, -2.9823 -1.2895 0.0227, -2.9232 -1.2895 0.0227, -2.9823 -1.2894 0.0236, -2.9232 -1.2894 0.0236, -2.9823 -1.2894 0.9528, -2.9232 -1.2894 0.9528, -2.9232 -1.25 0.9528, -2.9232 -1.25 0.0236, -2.9823 -1.25 0.9528, -2.9823 -1.25 0.0236, -2.9232 -1.2511 0.014, -2.9823 -1.2511 0.014, -2.9232 -1.2543 0.0048, -2.9823 -1.2543 0.0048, -2.9232 -1.2594 -0.0034, -2.9823 -1.2594 -0.0034, -2.9232 -1.2663 -0.0102, -2.9823 -1.2663 -0.0102, -2.9232 -1.2745 -0.0154, -2.9823 -1.2745 -0.0154, -2.9232 -1.2837 -0.0186, -2.9823 -1.2837 -0.0186, -2.7854 -1.6043 -0.0197, -2.7854 -1.2933 -0.0197, -2.7264 -1.6043 -0.0197, -2.7264 -1.2933 -0.0197, -2.7854 -1.6043 0.0197, -2.7264 -1.6043 0.0197, -2.7854 -1.2933 0.0197, -2.7264 -1.2933 0.0197, -2.7854 -1.2924 0.0198, -2.7264 -1.2924 0.0198, -2.7854 -1.2916 0.0201, -2.7264 -1.2916 0.0201, -2.7854 -1.2908 0.0205, -2.7264 -1.2908 0.0205, -2.7854 -1.2902 0.0212, -2.7264 -1.2902 0.0212, -2.7854 -1.2897 0.0219, -2.7264 -1.2897 0.0219, -2.7854 -1.2895 0.0227, -2.7264 -1.2895 0.0227, -2.7854 -1.2894 0.0236, -2.7264 -1.2894 0.0236, -2.7854 -1.2894 0.9528, -2.7264 -1.2894 0.9528, -2.7264 -1.25 0.9528, -2.7264 -1.25 0.0236, -2.7854 -1.25 0.9528, -2.7854 -1.25 0.0236, -2.7264 -1.2511 0.014, -2.7854 -1.2511 0.014, -2.7264 -1.2543 0.0048, -2.7854 -1.2543 0.0048, -2.7264 -1.2594 -0.0034, -2.7854 -1.2594 -0.0034, -2.7264 -1.2663 -0.0102, -2.7854 -1.2663 -0.0102, -2.7264 -1.2745 -0.0154, -2.7854 -1.2745 -0.0154, -2.7264 -1.2837 -0.0186, -2.7854 -1.2837 -0.0186
            ]
        }
        coordIndex [
            0,1,2,-1,0,2,3,-1,3,2,4,-1,3,4,5,-1,5,4,6,-1,5,6,7,-1,7,6,8,-1,7,8,9,-1,9,8,10,-1,9,10,11,-1,11,10,12,-1,11,12,13,-1,13,12,14,-1,13,14,15,-1,16,15,17,-1,17,15,14,-1,18,16,19,-1,19,16,17,-1,20,18,21,-1,21,18,19,-1,20,21,22,-1,22,21,23,-1,22,23,24,-1,24,23,25,-1,24,25,26,-1,26,25,27,-1,26,27,28,-1,28,27,29,-1,28,29,30,-1,30,29,31,-1,30,31,32,-1,32,31,33,-1,32,33,34,-1,34,33,35,-1,36,34,37,-1,37,34,35,-1,38,36,39,-1,39,36,37,-1,0,38,1,-1,1,38,39,-1,36,38,34,-1,34,38,0,-1,34,0,32,-1,32,0,3,-1,32,3,30,-1,30,3,5,-1,30,5,28,-1,28,5,7,-1,28,7,26,-1,26,7,9,-1,26,9,24,-1,24,9,11,-1,24,11,22,-1,22,11,13,-1,22,13,20,-1,20,13,15,-1,20,15,18,-1,18,15,16,-1,19,17,21,-1,21,17,14,-1,21,14,23,-1,23,14,12,-1,23,12,25,-1,25,12,10,-1,25,10,27,-1,27,10,8,-1,27,8,29,-1,29,8,6,-1,29,6,31,-1,31,6,4,-1,31,4,33,-1,33,4,2,-1,33,2,35,-1,35,2,1,-1,35,1,37,-1,37,1,39,-1,40,41,42,-1,40,42,43,-1,43,42,44,-1,43,44,45,-1,45,44,46,-1,45,46,47,-1,47,46,48,-1,47,48,49,-1,49,48,50,-1,49,50,51,-1,51,50,52,-1,51,52,53,-1,53,52,54,-1,53,54,55,-1,56,55,57,-1,57,55,54,-1,58,56,59,-1,59,56,57,-1,60,58,61,-1,61,58,59,-1,60,61,62,-1,62,61,63,-1,62,63,64,-1,64,63,65,-1,64,65,66,-1,66,65,67,-1,66,67,68,-1,68,67,69,-1,68,69,70,-1,70,69,71,-1,70,71,72,-1,72,71,73,-1,72,73,74,-1,74,73,75,-1,76,74,77,-1,77,74,75,-1,78,76,79,-1,79,76,77,-1,40,78,41,-1,41,78,79,-1,76,78,74,-1,74,78,40,-1,74,40,72,-1,72,40,43,-1,72,43,70,-1,70,43,45,-1,70,45,68,-1,68,45,47,-1,68,47,66,-1,66,47,49,-1,66,49,64,-1,64,49,51,-1,64,51,62,-1,62,51,53,-1,62,53,60,-1,60,53,55,-1,60,55,58,-1,58,55,56,-1,59,57,61,-1,61,57,54,-1,61,54,63,-1,63,54,52,-1,63,52,65,-1,65,52,50,-1,65,50,67,-1,67,50,48,-1,67,48,69,-1,69,48,46,-1,69,46,71,-1,71,46,44,-1,71,44,73,-1,73,44,42,-1,73,42,75,-1,75,42,41,-1,75,41,77,-1,77,41,79,-1,80,81,82,-1,80,82,83,-1,83,82,84,-1,83,84,85,-1,85,84,86,-1,85,86,87,-1,87,86,88,-1,87,88,89,-1,89,88,90,-1,89,90,91,-1,91,90,92,-1,91,92,93,-1,93,92,94,-1,93,94,95,-1,96,95,97,-1,97,95,94,-1,98,96,99,-1,99,96,97,-1,100,98,101,-1,101,98,99,-1,100,101,102,-1,102,101,103,-1,102,103,104,-1,104,103,105,-1,104,105,106,-1,106,105,107,-1,106,107,108,-1,108,107,109,-1,108,109,110,-1,110,109,111,-1,110,111,112,-1,112,111,113,-1,112,113,114,-1,114,113,115,-1,116,114,117,-1,117,114,115,-1,118,116,119,-1,119,116,117,-1,80,118,81,-1,81,118,119,-1,116,118,114,-1,114,118,80,-1,114,80,112,-1,112,80,83,-1,112,83,110,-1,110,83,85,-1,110,85,108,-1,108,85,87,-1,108,87,106,-1,106,87,89,-1,106,89,104,-1,104,89,91,-1,104,91,102,-1,102,91,93,-1,102,93,100,-1,100,93,95,-1,100,95,98,-1,98,95,96,-1,99,97,101,-1,101,97,94,-1,101,94,103,-1,103,94,92,-1,103,92,105,-1,105,92,90,-1,105,90,107,-1,107,90,88,-1,107,88,109,-1,109,88,86,-1,109,86,111,-1,111,86,84,-1,111,84,113,-1,113,84,82,-1,113,82,115,-1,115,82,81,-1,115,81,117,-1,117,81,119,-1,120,121,122,-1,122,121,123,-1,124,120,125,-1,125,120,122,-1,126,124,127,-1,127,124,125,-1,126,127,128,-1,128,127,129,-1,128,129,130,-1,130,129,131,-1,130,131,132,-1,132,131,133,-1,132,133,134,-1,134,133,135,-1,134,135,136,-1,136,135,137,-1,136,137,138,-1,138,137,139,-1,138,139,140,-1,140,139,141,-1,140,141,142,-1,142,141,143,-1,144,145,146,-1,146,145,147,-1,147,145,148,-1,147,148,149,-1,149,148,150,-1,149,150,151,-1,151,150,152,-1,151,152,153,-1,153,152,154,-1,153,154,155,-1,155,154,156,-1,155,156,157,-1,157,156,158,-1,157,158,159,-1,159,158,123,-1,159,123,121,-1,142,146,140,-1,140,146,147,-1,140,147,138,-1,138,147,149,-1,138,149,136,-1,136,149,151,-1,136,151,134,-1,134,151,153,-1,134,153,132,-1,132,153,155,-1,132,155,130,-1,130,155,157,-1,130,157,128,-1,128,157,159,-1,128,159,126,-1,126,159,121,-1,126,121,124,-1,124,121,120,-1,125,122,127,-1,127,122,123,-1,127,123,129,-1,129,123,158,-1,129,158,131,-1,131,158,156,-1,131,156,133,-1,133,156,154,-1,133,154,135,-1,135,154,152,-1,135,152,137,-1,137,152,150,-1,137,150,139,-1,139,150,148,-1,139,148,141,-1,141,148,145,-1,141,145,143,-1,143,145,144,-1,143,144,142,-1,142,144,146,-1,160,161,162,-1,162,161,163,-1,164,160,165,-1,165,160,162,-1,166,164,167,-1,167,164,165,-1,166,167,168,-1,168,167,169,-1,168,169,170,-1,170,169,171,-1,170,171,172,-1,172,171,173,-1,172,173,174,-1,174,173,175,-1,174,175,176,-1,176,175,177,-1,176,177,178,-1,178,177,179,-1,178,179,180,-1,180,179,181,-1,180,181,182,-1,182,181,183,-1,184,185,186,-1,186,185,187,-1,187,185,188,-1,187,188,189,-1,189,188,190,-1,189,190,191,-1,191,190,192,-1,191,192,193,-1,193,192,194,-1,193,194,195,-1,195,194,196,-1,195,196,197,-1,197,196,198,-1,197,198,199,-1,199,198,163,-1,199,163,161,-1,182,186,180,-1,180,186,187,-1,180,187,178,-1,178,187,189,-1,178,189,176,-1,176,189,191,-1,176,191,174,-1,174,191,193,-1,174,193,172,-1,172,193,195,-1,172,195,170,-1,170,195,197,-1,170,197,168,-1,168,197,199,-1,168,199,166,-1,166,199,161,-1,166,161,164,-1,164,161,160,-1,165,162,167,-1,167,162,163,-1,167,163,169,-1,169,163,198,-1,169,198,171,-1,171,198,196,-1,171,196,173,-1,173,196,194,-1,173,194,175,-1,175,194,192,-1,175,192,177,-1,177,192,190,-1,177,190,179,-1,179,190,188,-1,179,188,181,-1,181,188,185,-1,181,185,183,-1,183,185,184,-1,183,184,182,-1,182,184,186,-1,200,201,202,-1,202,201,203,-1,204,200,205,-1,205,200,202,-1,206,204,207,-1,207,204,205,-1,206,207,208,-1,208,207,209,-1,208,209,210,-1,210,209,211,-1,210,211,212,-1,212,211,213,-1,212,213,214,-1,214,213,215,-1,214,215,216,-1,216,215,217,-1,216,217,218,-1,218,217,219,-1,218,219,220,-1,220,219,221,-1,220,221,222,-1,222,221,223,-1,224,225,226,-1,226,225,227,-1,227,225,228,-1,227,228,229,-1,229,228,230,-1,229,230,231,-1,231,230,232,-1,231,232,233,-1,233,232,234,-1,233,234,235,-1,235,234,236,-1,235,236,237,-1,237,236,238,-1,237,238,239,-1,239,238,203,-1,239,203,201,-1,222,226,220,-1,220,226,227,-1,220,227,218,-1,218,227,229,-1,218,229,216,-1,216,229,231,-1,216,231,214,-1,214,231,233,-1,214,233,212,-1,212,233,235,-1,212,235,210,-1,210,235,237,-1,210,237,208,-1,208,237,239,-1,208,239,206,-1,206,239,201,-1,206,201,204,-1,204,201,200,-1,205,202,207,-1,207,202,203,-1,207,203,209,-1,209,203,238,-1,209,238,211,-1,211,238,236,-1,211,236,213,-1,213,236,234,-1,213,234,215,-1,215,234,232,-1,215,232,217,-1,217,232,230,-1,217,230,219,-1,219,230,228,-1,219,228,221,-1,221,228,225,-1,221,225,223,-1,223,225,224,-1,223,224,222,-1,222,224,226,-1,240,241,242,-1,242,241,243,-1,244,240,245,-1,245,240,242,-1,246,244,247,-1,247,244,245,-1,246,247,248,-1,248,247,249,-1,248,249,250,-1,250,249,251,-1,250,251,252,-1,252,251,253,-1,252,253,254,-1,254,253,255,-1,254,255,256,-1,256,255,257,-1,256,257,258,-1,258,257,259,-1,258,259,260,-1,260,259,261,-1,260,261,262,-1,262,261,263,-1,264,265,266,-1,266,265,267,-1,267,265,268,-1,267,268,269,-1,269,268,270,-1,269,270,271,-1,271,270,272,-1,271,272,273,-1,273,272,274,-1,273,274,275,-1,275,274,276,-1,275,276,277,-1,277,276,278,-1,277,278,279,-1,279,278,243,-1,279,243,241,-1,262,266,260,-1,260,266,267,-1,260,267,258,-1,258,267,269,-1,258,269,256,-1,256,269,271,-1,256,271,254,-1,254,271,273,-1,254,273,252,-1,252,273,275,-1,252,275,250,-1,250,275,277,-1,250,277,248,-1,248,277,279,-1,248,279,246,-1,246,279,241,-1,246,241,244,-1,244,241,240,-1,245,242,247,-1,247,242,243,-1,247,243,249,-1,249,243,278,-1,249,278,251,-1,251,278,276,-1,251,276,253,-1,253,276,274,-1,253,274,255,-1,255,274,272,-1,255,272,257,-1,257,272,270,-1,257,270,259,-1,259,270,268,-1,259,268,261,-1,261,268,265,-1,261,265,263,-1,263,265,264,-1,263,264,262,-1,262,264,266,-1,280,281,282,-1,282,281,283,-1,284,280,285,-1,285,280,282,-1,286,284,287,-1,287,284,285,-1,286,287,288,-1,288,287,289,-1,288,289,290,-1,290,289,291,-1,290,291,292,-1,292,291,293,-1,292,293,294,-1,294,293,295,-1,294,295,296,-1,296,295,297,-1,296,297,298,-1,298,297,299,-1,298,299,300,-1,300,299,301,-1,300,301,302,-1,302,301,303,-1,304,305,306,-1,306,305,307,-1,307,305,308,-1,307,308,309,-1,309,308,310,-1,309,310,311,-1,311,310,312,-1,311,312,313,-1,313,312,314,-1,313,314,315,-1,315,314,316,-1,315,316,317,-1,317,316,318,-1,317,318,319,-1,319,318,283,-1,319,283,281,-1,302,306,300,-1,300,306,307,-1,300,307,298,-1,298,307,309,-1,298,309,296,-1,296,309,311,-1,296,311,294,-1,294,311,313,-1,294,313,292,-1,292,313,315,-1,292,315,290,-1,290,315,317,-1,290,317,288,-1,288,317,319,-1,288,319,286,-1,286,319,281,-1,286,281,284,-1,284,281,280,-1,285,282,287,-1,287,282,283,-1,287,283,289,-1,289,283,318,-1,289,318,291,-1,291,318,316,-1,291,316,293,-1,293,316,314,-1,293,314,295,-1,295,314,312,-1,295,312,297,-1,297,312,310,-1,297,310,299,-1,299,310,308,-1,299,308,301,-1,301,308,305,-1,301,305,303,-1,303,305,304,-1,303,304,302,-1,302,304,306,-1,320,321,322,-1,322,321,323,-1,324,320,325,-1,325,320,322,-1,326,324,327,-1,327,324,325,-1,326,327,328,-1,328,327,329,-1,328,329,330,-1,330,329,331,-1,330,331,332,-1,332,331,333,-1,332,333,334,-1,334,333,335,-1,334,335,336,-1,336,335,337,-1,336,337,338,-1,338,337,339,-1,338,339,340,-1,340,339,341,-1,340,341,342,-1,342,341,343,-1,344,345,346,-1,346,345,347,-1,347,345,348,-1,347,348,349,-1,349,348,350,-1,349,350,351,-1,351,350,352,-1,351,352,353,-1,353,352,354,-1,353,354,355,-1,355,354,356,-1,355,356,357,-1,357,356,358,-1,357,358,359,-1,359,358,323,-1,359,323,321,-1,342,346,340,-1,340,346,347,-1,340,347,338,-1,338,347,349,-1,338,349,336,-1,336,349,351,-1,336,351,334,-1,334,351,353,-1,334,353,332,-1,332,353,355,-1,332,355,330,-1,330,355,357,-1,330,357,328,-1,328,357,359,-1,328,359,326,-1,326,359,321,-1,326,321,324,-1,324,321,320,-1,325,322,327,-1,327,322,323,-1,327,323,329,-1,329,323,358,-1,329,358,331,-1,331,358,356,-1,331,356,333,-1,333,356,354,-1,333,354,335,-1,335,354,352,-1,335,352,337,-1,337,352,350,-1,337,350,339,-1,339,350,348,-1,339,348,341,-1,341,348,345,-1,341,345,343,-1,343,345,344,-1,343,344,342,-1,342,344,346,-1,360,361,362,-1,362,361,363,-1,364,360,365,-1,365,360,362,-1,366,364,367,-1,367,364,365,-1,366,367,368,-1,368,367,369,-1,368,369,370,-1,370,369,371,-1,370,371,372,-1,372,371,373,-1,372,373,374,-1,374,373,375,-1,374,375,376,-1,376,375,377,-1,376,377,378,-1,378,377,379,-1,378,379,380,-1,380,379,381,-1,380,381,382,-1,382,381,383,-1,384,385,386,-1,386,385,387,-1,387,385,388,-1,387,388,389,-1,389,388,390,-1,389,390,391,-1,391,390,392,-1,391,392,393,-1,393,392,394,-1,393,394,395,-1,395,394,396,-1,395,396,397,-1,397,396,398,-1,397,398,399,-1,399,398,363,-1,399,363,361,-1,382,386,380,-1,380,386,387,-1,380,387,378,-1,378,387,389,-1,378,389,376,-1,376,389,391,-1,376,391,374,-1,374,391,393,-1,374,393,372,-1,372,393,395,-1,372,395,370,-1,370,395,397,-1,370,397,368,-1,368,397,399,-1,368,399,366,-1,366,399,361,-1,366,361,364,-1,364,361,360,-1,365,362,367,-1,367,362,363,-1,367,363,369,-1,369,363,398,-1,369,398,371,-1,371,398,396,-1,371,396,373,-1,373,396,394,-1,373,394,375,-1,375,394,392,-1,375,392,377,-1,377,392,390,-1,377,390,379,-1,379,390,388,-1,379,388,381,-1,381,388,385,-1,381,385,383,-1,383,385,384,-1,383,384,382,-1,382,384,386,-1,400,401,402,-1,402,401,403,-1,404,400,405,-1,405,400,402,-1,406,404,407,-1,407,404,405,-1,406,407,408,-1,408,407,409,-1,408,409,410,-1,410,409,411,-1,410,411,412,-1,412,411,413,-1,412,413,414,-1,414,413,415,-1,414,415,416,-1,416,415,417,-1,416,417,418,-1,418,417,419,-1,418,419,420,-1,420,419,421,-1,420,421,422,-1,422,421,423,-1,424,425,426,-1,426,425,427,-1,427,425,428,-1,427,428,429,-1,429,428,430,-1,429,430,431,-1,431,430,432,-1,431,432,433,-1,433,432,434,-1,433,434,435,-1,435,434,436,-1,435,436,437,-1,437,436,438,-1,437,438,439,-1,439,438,403,-1,439,403,401,-1,422,426,420,-1,420,426,427,-1,420,427,418,-1,418,427,429,-1,418,429,416,-1,416,429,431,-1,416,431,414,-1,414,431,433,-1,414,433,412,-1,412,433,435,-1,412,435,410,-1,410,435,437,-1,410,437,408,-1,408,437,439,-1,408,439,406,-1,406,439,401,-1,406,401,404,-1,404,401,400,-1,405,402,407,-1,407,402,403,-1,407,403,409,-1,409,403,438,-1,409,438,411,-1,411,438,436,-1,411,436,413,-1,413,436,434,-1,413,434,415,-1,415,434,432,-1,415,432,417,-1,417,432,430,-1,417,430,419,-1,419,430,428,-1,419,428,421,-1,421,428,425,-1,421,425,423,-1,423,425,424,-1,423,424,422,-1,422,424,426,-1,440,441,442,-1,442,441,443,-1,444,440,445,-1,445,440,442,-1,446,444,447,-1,447,444,445,-1,446,447,448,-1,448,447,449,-1,448,449,450,-1,450,449,451,-1,450,451,452,-1,452,451,453,-1,452,453,454,-1,454,453,455,-1,454,455,456,-1,456,455,457,-1,456,457,458,-1,458,457,459,-1,458,459,460,-1,460,459,461,-1,460,461,462,-1,462,461,463,-1,464,465,466,-1,466,465,467,-1,467,465,468,-1,467,468,469,-1,469,468,470,-1,469,470,471,-1,471,470,472,-1,471,472,473,-1,473,472,474,-1,473,474,475,-1,475,474,476,-1,475,476,477,-1,477,476,478,-1,477,478,479,-1,479,478,443,-1,479,443,441,-1,462,466,460,-1,460,466,467,-1,460,467,458,-1,458,467,469,-1,458,469,456,-1,456,469,471,-1,456,471,454,-1,454,471,473,-1,454,473,452,-1,452,473,475,-1,452,475,450,-1,450,475,477,-1,450,477,448,-1,448,477,479,-1,448,479,446,-1,446,479,441,-1,446,441,444,-1,444,441,440,-1,445,442,447,-1,447,442,443,-1,447,443,449,-1,449,443,478,-1,449,478,451,-1,451,478,476,-1,451,476,453,-1,453,476,474,-1,453,474,455,-1,455,474,472,-1,455,472,457,-1,457,472,470,-1,457,470,459,-1,459,470,468,-1,459,468,461,-1,461,468,465,-1,461,465,463,-1,463,465,464,-1,463,464,462,-1,462,464,466,-1,480,481,482,-1,482,481,483,-1,484,480,485,-1,485,480,482,-1,486,484,487,-1,487,484,485,-1,486,487,488,-1,488,487,489,-1,488,489,490,-1,490,489,491,-1,490,491,492,-1,492,491,493,-1,492,493,494,-1,494,493,495,-1,494,495,496,-1,496,495,497,-1,496,497,498,-1,498,497,499,-1,498,499,500,-1,500,499,501,-1,500,501,502,-1,502,501,503,-1,504,505,506,-1,506,505,507,-1,507,505,508,-1,507,508,509,-1,509,508,510,-1,509,510,511,-1,511,510,512,-1,511,512,513,-1,513,512,514,-1,513,514,515,-1,515,514,516,-1,515,516,517,-1,517,516,518,-1,517,518,519,-1,519,518,483,-1,519,483,481,-1,502,506,500,-1,500,506,507,-1,500,507,498,-1,498,507,509,-1,498,509,496,-1,496,509,511,-1,496,511,494,-1,494,511,513,-1,494,513,492,-1,492,513,515,-1,492,515,490,-1,490,515,517,-1,490,517,488,-1,488,517,519,-1,488,519,486,-1,486,519,481,-1,486,481,484,-1,484,481,480,-1,485,482,487,-1,487,482,483,-1,487,483,489,-1,489,483,518,-1,489,518,491,-1,491,518,516,-1,491,516,493,-1,493,516,514,-1,493,514,495,-1,495,514,512,-1,495,512,497,-1,497,512,510,-1,497,510,499,-1,499,510,508,-1,499,508,501,-1,501,508,505,-1,501,505,503,-1,503,505,504,-1,503,504,502,-1,502,504,506,-1,520,521,522,-1,522,521,523,-1,524,520,525,-1,525,520,522,-1,526,524,527,-1,527,524,525,-1,526,527,528,-1,528,527,529,-1,528,529,530,-1,530,529,531,-1,530,531,532,-1,532,531,533,-1,532,533,534,-1,534,533,535,-1,534,535,536,-1,536,535,537,-1,536,537,538,-1,538,537,539,-1,538,539,540,-1,540,539,541,-1,540,541,542,-1,542,541,543,-1,544,545,546,-1,546,545,547,-1,547,545,548,-1,547,548,549,-1,549,548,550,-1,549,550,551,-1,551,550,552,-1,551,552,553,-1,553,552,554,-1,553,554,555,-1,555,554,556,-1,555,556,557,-1,557,556,558,-1,557,558,559,-1,559,558,523,-1,559,523,521,-1,542,546,540,-1,540,546,547,-1,540,547,538,-1,538,547,549,-1,538,549,536,-1,536,549,551,-1,536,551,534,-1,534,551,553,-1,534,553,532,-1,532,553,555,-1,532,555,530,-1,530,555,557,-1,530,557,528,-1,528,557,559,-1,528,559,526,-1,526,559,521,-1,526,521,524,-1,524,521,520,-1,525,522,527,-1,527,522,523,-1,527,523,529,-1,529,523,558,-1,529,558,531,-1,531,558,556,-1,531,556,533,-1,533,556,554,-1,533,554,535,-1,535,554,552,-1,535,552,537,-1,537,552,550,-1,537,550,539,-1,539,550,548,-1,539,548,541,-1,541,548,545,-1,541,545,543,-1,543,545,544,-1,543,544,542,-1,542,544,546,-1,560,561,562,-1,562,561,563,-1,564,560,565,-1,565,560,562,-1,566,564,567,-1,567,564,565,-1,566,567,568,-1,568,567,569,-1,568,569,570,-1,570,569,571,-1,570,571,572,-1,572,571,573,-1,572,573,574,-1,574,573,575,-1,574,575,576,-1,576,575,577,-1,576,577,578,-1,578,577,579,-1,578,579,580,-1,580,579,581,-1,580,581,582,-1,582,581,583,-1,584,585,586,-1,586,585,587,-1,587,585,588,-1,587,588,589,-1,589,588,590,-1,589,590,591,-1,591,590,592,-1,591,592,593,-1,593,592,594,-1,593,594,595,-1,595,594,596,-1,595,596,597,-1,597,596,598,-1,597,598,599,-1,599,598,563,-1,599,563,561,-1,582,586,580,-1,580,586,587,-1,580,587,578,-1,578,587,589,-1,578,589,576,-1,576,589,591,-1,576,591,574,-1,574,591,593,-1,574,593,572,-1,572,593,595,-1,572,595,570,-1,570,595,597,-1,570,597,568,-1,568,597,599,-1,568,599,566,-1,566,599,561,-1,566,561,564,-1,564,561,560,-1,565,562,567,-1,567,562,563,-1,567,563,569,-1,569,563,598,-1,569,598,571,-1,571,598,596,-1,571,596,573,-1,573,596,594,-1,573,594,575,-1,575,594,592,-1,575,592,577,-1,577,592,590,-1,577,590,579,-1,579,590,588,-1,579,588,581,-1,581,588,585,-1,581,585,583,-1,583,585,584,-1,583,584,582,-1,582,584,586,-1,600,601,602,-1,602,601,603,-1,604,600,605,-1,605,600,602,-1,606,604,607,-1,607,604,605,-1,606,607,608,-1,608,607,609,-1,608,609,610,-1,610,609,611,-1,610,611,612,-1,612,611,613,-1,612,613,614,-1,614,613,615,-1,614,615,616,-1,616,615,617,-1,616,617,618,-1,618,617,619,-1,618,619,620,-1,620,619,621,-1,620,621,622,-1,622,621,623,-1,624,625,626,-1,626,625,627,-1,627,625,628,-1,627,628,629,-1,629,628,630,-1,629,630,631,-1,631,630,632,-1,631,632,633,-1,633,632,634,-1,633,634,635,-1,635,634,636,-1,635,636,637,-1,637,636,638,-1,637,638,639,-1,639,638,603,-1,639,603,601,-1,622,626,620,-1,620,626,627,-1,620,627,618,-1,618,627,629,-1,618,629,616,-1,616,629,631,-1,616,631,614,-1,614,631,633,-1,614,633,612,-1,612,633,635,-1,612,635,610,-1,610,635,637,-1,610,637,608,-1,608,637,639,-1,608,639,606,-1,606,639,601,-1,606,601,604,-1,604,601,600,-1,605,602,607,-1,607,602,603,-1,607,603,609,-1,609,603,638,-1,609,638,611,-1,611,638,636,-1,611,636,613,-1,613,636,634,-1,613,634,615,-1,615,634,632,-1,615,632,617,-1,617,632,630,-1,617,630,619,-1,619,630,628,-1,619,628,621,-1,621,628,625,-1,621,625,623,-1,623,625,624,-1,623,624,622,-1,622,624,626,-1,640,641,642,-1,642,641,643,-1,644,640,645,-1,645,640,642,-1,646,644,647,-1,647,644,645,-1,646,647,648,-1,648,647,649,-1,648,649,650,-1,650,649,651,-1,650,651,652,-1,652,651,653,-1,652,653,654,-1,654,653,655,-1,654,655,656,-1,656,655,657,-1,656,657,658,-1,658,657,659,-1,658,659,660,-1,660,659,661,-1,660,661,662,-1,662,661,663,-1,664,665,666,-1,666,665,667,-1,667,665,668,-1,667,668,669,-1,669,668,670,-1,669,670,671,-1,671,670,672,-1,671,672,673,-1,673,672,674,-1,673,674,675,-1,675,674,676,-1,675,676,677,-1,677,676,678,-1,677,678,679,-1,679,678,643,-1,679,643,641,-1,662,666,660,-1,660,666,667,-1,660,667,658,-1,658,667,669,-1,658,669,656,-1,656,669,671,-1,656,671,654,-1,654,671,673,-1,654,673,652,-1,652,673,675,-1,652,675,650,-1,650,675,677,-1,650,677,648,-1,648,677,679,-1,648,679,646,-1,646,679,641,-1,646,641,644,-1,644,641,640,-1,645,642,647,-1,647,642,643,-1,647,643,649,-1,649,643,678,-1,649,678,651,-1,651,678,676,-1,651,676,653,-1,653,676,674,-1,653,674,655,-1,655,674,672,-1,655,672,657,-1,657,672,670,-1,657,670,659,-1,659,670,668,-1,659,668,661,-1,661,668,665,-1,661,665,663,-1,663,665,664,-1,663,664,662,-1,662,664,666,-1,680,681,682,-1,682,681,683,-1,684,680,685,-1,685,680,682,-1,686,684,687,-1,687,684,685,-1,686,687,688,-1,688,687,689,-1,688,689,690,-1,690,689,691,-1,690,691,692,-1,692,691,693,-1,692,693,694,-1,694,693,695,-1,694,695,696,-1,696,695,697,-1,696,697,698,-1,698,697,699,-1,698,699,700,-1,700,699,701,-1,700,701,702,-1,702,701,703,-1,704,705,706,-1,706,705,707,-1,707,705,708,-1,707,708,709,-1,709,708,710,-1,709,710,711,-1,711,710,712,-1,711,712,713,-1,713,712,714,-1,713,714,715,-1,715,714,716,-1,715,716,717,-1,717,716,718,-1,717,718,719,-1,719,718,683,-1,719,683,681,-1,702,706,700,-1,700,706,707,-1,700,707,698,-1,698,707,709,-1,698,709,696,-1,696,709,711,-1,696,711,694,-1,694,711,713,-1,694,713,692,-1,692,713,715,-1,692,715,690,-1,690,715,717,-1,690,717,688,-1,688,717,719,-1,688,719,686,-1,686,719,681,-1,686,681,684,-1,684,681,680,-1,685,682,687,-1,687,682,683,-1,687,683,689,-1,689,683,718,-1,689,718,691,-1,691,718,716,-1,691,716,693,-1,693,716,714,-1,693,714,695,-1,695,714,712,-1,695,712,697,-1,697,712,710,-1,697,710,699,-1,699,710,708,-1,699,708,701,-1,701,708,705,-1,701,705,703,-1,703,705,704,-1,703,704,702,-1,702,704,706,-1,720,721,722,-1,722,721,723,-1,724,720,725,-1,725,720,722,-1,726,724,727,-1,727,724,725,-1,726,727,728,-1,728,727,729,-1,728,729,730,-1,730,729,731,-1,730,731,732,-1,732,731,733,-1,732,733,734,-1,734,733,735,-1,734,735,736,-1,736,735,737,-1,736,737,738,-1,738,737,739,-1,738,739,740,-1,740,739,741,-1,740,741,742,-1,742,741,743,-1,744,745,746,-1,746,745,747,-1,747,745,748,-1,747,748,749,-1,749,748,750,-1,749,750,751,-1,751,750,752,-1,751,752,753,-1,753,752,754,-1,753,754,755,-1,755,754,756,-1,755,756,757,-1,757,756,758,-1,757,758,759,-1,759,758,723,-1,759,723,721,-1,742,746,740,-1,740,746,747,-1,740,747,738,-1,738,747,749,-1,738,749,736,-1,736,749,751,-1,736,751,734,-1,734,751,753,-1,734,753,732,-1,732,753,755,-1,732,755,730,-1,730,755,757,-1,730,757,728,-1,728,757,759,-1,728,759,726,-1,726,759,721,-1,726,721,724,-1,724,721,720,-1,725,722,727,-1,727,722,723,-1,727,723,729,-1,729,723,758,-1,729,758,731,-1,731,758,756,-1,731,756,733,-1,733,756,754,-1,733,754,735,-1,735,754,752,-1,735,752,737,-1,737,752,750,-1,737,750,739,-1,739,750,748,-1,739,748,741,-1,741,748,745,-1,741,745,743,-1,743,745,744,-1,743,744,742,-1,742,744,746,-1,760,761,762,-1,762,761,763,-1,764,760,765,-1,765,760,762,-1,766,764,767,-1,767,764,765,-1,766,767,768,-1,768,767,769,-1,768,769,770,-1,770,769,771,-1,770,771,772,-1,772,771,773,-1,772,773,774,-1,774,773,775,-1,774,775,776,-1,776,775,777,-1,776,777,778,-1,778,777,779,-1,778,779,780,-1,780,779,781,-1,780,781,782,-1,782,781,783,-1,784,785,786,-1,786,785,787,-1,787,785,788,-1,787,788,789,-1,789,788,790,-1,789,790,791,-1,791,790,792,-1,791,792,793,-1,793,792,794,-1,793,794,795,-1,795,794,796,-1,795,796,797,-1,797,796,798,-1,797,798,799,-1,799,798,763,-1,799,763,761,-1,782,786,780,-1,780,786,787,-1,780,787,778,-1,778,787,789,-1,778,789,776,-1,776,789,791,-1,776,791,774,-1,774,791,793,-1,774,793,772,-1,772,793,795,-1,772,795,770,-1,770,795,797,-1,770,797,768,-1,768,797,799,-1,768,799,766,-1,766,799,761,-1,766,761,764,-1,764,761,760,-1,765,762,767,-1,767,762,763,-1,767,763,769,-1,769,763,798,-1,769,798,771,-1,771,798,796,-1,771,796,773,-1,773,796,794,-1,773,794,775,-1,775,794,792,-1,775,792,777,-1,777,792,790,-1,777,790,779,-1,779,790,788,-1,779,788,781,-1,781,788,785,-1,781,785,783,-1,783,785,784,-1,783,784,782,-1,782,784,786,-1,800,801,802,-1,802,801,803,-1,804,800,805,-1,805,800,802,-1,806,804,807,-1,807,804,805,-1,806,807,808,-1,808,807,809,-1,808,809,810,-1,810,809,811,-1,810,811,812,-1,812,811,813,-1,812,813,814,-1,814,813,815,-1,814,815,816,-1,816,815,817,-1,816,817,818,-1,818,817,819,-1,818,819,820,-1,820,819,821,-1,820,821,822,-1,822,821,823,-1,824,825,826,-1,826,825,827,-1,827,825,828,-1,827,828,829,-1,829,828,830,-1,829,830,831,-1,831,830,832,-1,831,832,833,-1,833,832,834,-1,833,834,835,-1,835,834,836,-1,835,836,837,-1,837,836,838,-1,837,838,839,-1,839,838,803,-1,839,803,801,-1,822,826,820,-1,820,826,827,-1,820,827,818,-1,818,827,829,-1,818,829,816,-1,816,829,831,-1,816,831,814,-1,814,831,833,-1,814,833,812,-1,812,833,835,-1,812,835,810,-1,810,835,837,-1,810,837,808,-1,808,837,839,-1,808,839,806,-1,806,839,801,-1,806,801,804,-1,804,801,800,-1,805,802,807,-1,807,802,803,-1,807,803,809,-1,809,803,838,-1,809,838,811,-1,811,838,836,-1,811,836,813,-1,813,836,834,-1,813,834,815,-1,815,834,832,-1,815,832,817,-1,817,832,830,-1,817,830,819,-1,819,830,828,-1,819,828,821,-1,821,828,825,-1,821,825,823,-1,823,825,824,-1,823,824,822,-1,822,824,826,-1,840,841,842,-1,842,841,843,-1,844,840,845,-1,845,840,842,-1,846,844,847,-1,847,844,845,-1,846,847,848,-1,848,847,849,-1,848,849,850,-1,850,849,851,-1,850,851,852,-1,852,851,853,-1,852,853,854,-1,854,853,855,-1,854,855,856,-1,856,855,857,-1,856,857,858,-1,858,857,859,-1,858,859,860,-1,860,859,861,-1,860,861,862,-1,862,861,863,-1,864,865,866,-1,866,865,867,-1,867,865,868,-1,867,868,869,-1,869,868,870,-1,869,870,871,-1,871,870,872,-1,871,872,873,-1,873,872,874,-1,873,874,875,-1,875,874,876,-1,875,876,877,-1,877,876,878,-1,877,878,879,-1,879,878,843,-1,879,843,841,-1,862,866,860,-1,860,866,867,-1,860,867,858,-1,858,867,869,-1,858,869,856,-1,856,869,871,-1,856,871,854,-1,854,871,873,-1,854,873,852,-1,852,873,875,-1,852,875,850,-1,850,875,877,-1,850,877,848,-1,848,877,879,-1,848,879,846,-1,846,879,841,-1,846,841,844,-1,844,841,840,-1,845,842,847,-1,847,842,843,-1,847,843,849,-1,849,843,878,-1,849,878,851,-1,851,878,876,-1,851,876,853,-1,853,876,874,-1,853,874,855,-1,855,874,872,-1,855,872,857,-1,857,872,870,-1,857,870,859,-1,859,870,868,-1,859,868,861,-1,861,868,865,-1,861,865,863,-1,863,865,864,-1,863,864,862,-1,862,864,866,-1,880,881,882,-1,882,881,883,-1,884,880,885,-1,885,880,882,-1,886,884,887,-1,887,884,885,-1,886,887,888,-1,888,887,889,-1,888,889,890,-1,890,889,891,-1,890,891,892,-1,892,891,893,-1,892,893,894,-1,894,893,895,-1,894,895,896,-1,896,895,897,-1,896,897,898,-1,898,897,899,-1,898,899,900,-1,900,899,901,-1,900,901,902,-1,902,901,903,-1,904,905,906,-1,906,905,907,-1,907,905,908,-1,907,908,909,-1,909,908,910,-1,909,910,911,-1,911,910,912,-1,911,912,913,-1,913,912,914,-1,913,914,915,-1,915,914,916,-1,915,916,917,-1,917,916,918,-1,917,918,919,-1,919,918,883,-1,919,883,881,-1,902,906,900,-1,900,906,907,-1,900,907,898,-1,898,907,909,-1,898,909,896,-1,896,909,911,-1,896,911,894,-1,894,911,913,-1,894,913,892,-1,892,913,915,-1,892,915,890,-1,890,915,917,-1,890,917,888,-1,888,917,919,-1,888,919,886,-1,886,919,881,-1,886,881,884,-1,884,881,880,-1,885,882,887,-1,887,882,883,-1,887,883,889,-1,889,883,918,-1,889,918,891,-1,891,918,916,-1,891,916,893,-1,893,916,914,-1,893,914,895,-1,895,914,912,-1,895,912,897,-1,897,912,910,-1,897,910,899,-1,899,910,908,-1,899,908,901,-1,901,908,905,-1,901,905,903,-1,903,905,904,-1,903,904,902,-1,902,904,906,-1,920,921,922,-1,922,921,923,-1,924,920,925,-1,925,920,922,-1,926,924,927,-1,927,924,925,-1,926,927,928,-1,928,927,929,-1,928,929,930,-1,930,929,931,-1,930,931,932,-1,932,931,933,-1,932,933,934,-1,934,933,935,-1,934,935,936,-1,936,935,937,-1,936,937,938,-1,938,937,939,-1,938,939,940,-1,940,939,941,-1,940,941,942,-1,942,941,943,-1,944,945,946,-1,946,945,947,-1,947,945,948,-1,947,948,949,-1,949,948,950,-1,949,950,951,-1,951,950,952,-1,951,952,953,-1,953,952,954,-1,953,954,955,-1,955,954,956,-1,955,956,957,-1,957,956,958,-1,957,958,959,-1,959,958,923,-1,959,923,921,-1,942,946,940,-1,940,946,947,-1,940,947,938,-1,938,947,949,-1,938,949,936,-1,936,949,951,-1,936,951,934,-1,934,951,953,-1,934,953,932,-1,932,953,955,-1,932,955,930,-1,930,955,957,-1,930,957,928,-1,928,957,959,-1,928,959,926,-1,926,959,921,-1,926,921,924,-1,924,921,920,-1,925,922,927,-1,927,922,923,-1,927,923,929,-1,929,923,958,-1,929,958,931,-1,931,958,956,-1,931,956,933,-1,933,956,954,-1,933,954,935,-1,935,954,952,-1,935,952,937,-1,937,952,950,-1,937,950,939,-1,939,950,948,-1,939,948,941,-1,941,948,945,-1,941,945,943,-1,943,945,944,-1,943,944,942,-1,942,944,946,-1,960,961,962,-1,962,961,963,-1,964,960,965,-1,965,960,962,-1,966,964,967,-1,967,964,965,-1,966,967,968,-1,968,967,969,-1,968,969,970,-1,970,969,971,-1,970,971,972,-1,972,971,973,-1,972,973,974,-1,974,973,975,-1,974,975,976,-1,976,975,977,-1,976,977,978,-1,978,977,979,-1,978,979,980,-1,980,979,981,-1,980,981,982,-1,982,981,983,-1,984,985,986,-1,986,985,987,-1,987,985,988,-1,987,988,989,-1,989,988,990,-1,989,990,991,-1,991,990,992,-1,991,992,993,-1,993,992,994,-1,993,994,995,-1,995,994,996,-1,995,996,997,-1,997,996,998,-1,997,998,999,-1,999,998,963,-1,999,963,961,-1,982,986,980,-1,980,986,987,-1,980,987,978,-1,978,987,989,-1,978,989,976,-1,976,989,991,-1,976,991,974,-1,974,991,993,-1,974,993,972,-1,972,993,995,-1,972,995,970,-1,970,995,997,-1,970,997,968,-1,968,997,999,-1,968,999,966,-1,966,999,961,-1,966,961,964,-1,964,961,960,-1,965,962,967,-1,967,962,963,-1,967,963,969,-1,969,963,998,-1,969,998,971,-1,971,998,996,-1,971,996,973,-1,973,996,994,-1,973,994,975,-1,975,994,992,-1,975,992,977,-1,977,992,990,-1,977,990,979,-1,979,990,988,-1,979,988,981,-1,981,988,985,-1,981,985,983,-1,983,985,984,-1,983,984,982,-1,982,984,986,-1,1000,1001,1002,-1,1002,1001,1003,-1,1004,1000,1005,-1,1005,1000,1002,-1,1006,1004,1007,-1,1007,1004,1005,-1,1006,1007,1008,-1,1008,1007,1009,-1,1008,1009,1010,-1,1010,1009,1011,-1,1010,1011,1012,-1,1012,1011,1013,-1,1012,1013,1014,-1,1014,1013,1015,-1,1014,1015,1016,-1,1016,1015,1017,-1,1016,1017,1018,-1,1018,1017,1019,-1,1018,1019,1020,-1,1020,1019,1021,-1,1020,1021,1022,-1,1022,1021,1023,-1,1024,1025,1026,-1,1026,1025,1027,-1,1027,1025,1028,-1,1027,1028,1029,-1,1029,1028,1030,-1,1029,1030,1031,-1,1031,1030,1032,-1,1031,1032,1033,-1,1033,1032,1034,-1,1033,1034,1035,-1,1035,1034,1036,-1,1035,1036,1037,-1,1037,1036,1038,-1,1037,1038,1039,-1,1039,1038,1003,-1,1039,1003,1001,-1,1022,1026,1020,-1,1020,1026,1027,-1,1020,1027,1018,-1,1018,1027,1029,-1,1018,1029,1016,-1,1016,1029,1031,-1,1016,1031,1014,-1,1014,1031,1033,-1,1014,1033,1012,-1,1012,1033,1035,-1,1012,1035,1010,-1,1010,1035,1037,-1,1010,1037,1008,-1,1008,1037,1039,-1,1008,1039,1006,-1,1006,1039,1001,-1,1006,1001,1004,-1,1004,1001,1000,-1,1005,1002,1007,-1,1007,1002,1003,-1,1007,1003,1009,-1,1009,1003,1038,-1,1009,1038,1011,-1,1011,1038,1036,-1,1011,1036,1013,-1,1013,1036,1034,-1,1013,1034,1015,-1,1015,1034,1032,-1,1015,1032,1017,-1,1017,1032,1030,-1,1017,1030,1019,-1,1019,1030,1028,-1,1019,1028,1021,-1,1021,1028,1025,-1,1021,1025,1023,-1,1023,1025,1024,-1,1023,1024,1022,-1,1022,1024,1026,-1,1040,1041,1042,-1,1042,1041,1043,-1,1044,1040,1045,-1,1045,1040,1042,-1,1046,1044,1047,-1,1047,1044,1045,-1,1046,1047,1048,-1,1048,1047,1049,-1,1048,1049,1050,-1,1050,1049,1051,-1,1050,1051,1052,-1,1052,1051,1053,-1,1052,1053,1054,-1,1054,1053,1055,-1,1054,1055,1056,-1,1056,1055,1057,-1,1056,1057,1058,-1,1058,1057,1059,-1,1058,1059,1060,-1,1060,1059,1061,-1,1060,1061,1062,-1,1062,1061,1063,-1,1064,1065,1066,-1,1066,1065,1067,-1,1067,1065,1068,-1,1067,1068,1069,-1,1069,1068,1070,-1,1069,1070,1071,-1,1071,1070,1072,-1,1071,1072,1073,-1,1073,1072,1074,-1,1073,1074,1075,-1,1075,1074,1076,-1,1075,1076,1077,-1,1077,1076,1078,-1,1077,1078,1079,-1,1079,1078,1043,-1,1079,1043,1041,-1,1062,1066,1060,-1,1060,1066,1067,-1,1060,1067,1058,-1,1058,1067,1069,-1,1058,1069,1056,-1,1056,1069,1071,-1,1056,1071,1054,-1,1054,1071,1073,-1,1054,1073,1052,-1,1052,1073,1075,-1,1052,1075,1050,-1,1050,1075,1077,-1,1050,1077,1048,-1,1048,1077,1079,-1,1048,1079,1046,-1,1046,1079,1041,-1,1046,1041,1044,-1,1044,1041,1040,-1,1045,1042,1047,-1,1047,1042,1043,-1,1047,1043,1049,-1,1049,1043,1078,-1,1049,1078,1051,-1,1051,1078,1076,-1,1051,1076,1053,-1,1053,1076,1074,-1,1053,1074,1055,-1,1055,1074,1072,-1,1055,1072,1057,-1,1057,1072,1070,-1,1057,1070,1059,-1,1059,1070,1068,-1,1059,1068,1061,-1,1061,1068,1065,-1,1061,1065,1063,-1,1063,1065,1064,-1,1063,1064,1062,-1,1062,1064,1066,-1,1080,1081,1082,-1,1082,1081,1083,-1,1084,1080,1085,-1,1085,1080,1082,-1,1086,1084,1087,-1,1087,1084,1085,-1,1086,1087,1088,-1,1088,1087,1089,-1,1088,1089,1090,-1,1090,1089,1091,-1,1090,1091,1092,-1,1092,1091,1093,-1,1092,1093,1094,-1,1094,1093,1095,-1,1094,1095,1096,-1,1096,1095,1097,-1,1096,1097,1098,-1,1098,1097,1099,-1,1098,1099,1100,-1,1100,1099,1101,-1,1100,1101,1102,-1,1102,1101,1103,-1,1104,1105,1106,-1,1106,1105,1107,-1,1107,1105,1108,-1,1107,1108,1109,-1,1109,1108,1110,-1,1109,1110,1111,-1,1111,1110,1112,-1,1111,1112,1113,-1,1113,1112,1114,-1,1113,1114,1115,-1,1115,1114,1116,-1,1115,1116,1117,-1,1117,1116,1118,-1,1117,1118,1119,-1,1119,1118,1083,-1,1119,1083,1081,-1,1102,1106,1100,-1,1100,1106,1107,-1,1100,1107,1098,-1,1098,1107,1109,-1,1098,1109,1096,-1,1096,1109,1111,-1,1096,1111,1094,-1,1094,1111,1113,-1,1094,1113,1092,-1,1092,1113,1115,-1,1092,1115,1090,-1,1090,1115,1117,-1,1090,1117,1088,-1,1088,1117,1119,-1,1088,1119,1086,-1,1086,1119,1081,-1,1086,1081,1084,-1,1084,1081,1080,-1,1085,1082,1087,-1,1087,1082,1083,-1,1087,1083,1089,-1,1089,1083,1118,-1,1089,1118,1091,-1,1091,1118,1116,-1,1091,1116,1093,-1,1093,1116,1114,-1,1093,1114,1095,-1,1095,1114,1112,-1,1095,1112,1097,-1,1097,1112,1110,-1,1097,1110,1099,-1,1099,1110,1108,-1,1099,1108,1101,-1,1101,1108,1105,-1,1101,1105,1103,-1,1103,1105,1104,-1,1103,1104,1102,-1,1102,1104,1106,-1,1120,1121,1122,-1,1122,1121,1123,-1,1124,1120,1125,-1,1125,1120,1122,-1,1126,1124,1127,-1,1127,1124,1125,-1,1126,1127,1128,-1,1128,1127,1129,-1,1128,1129,1130,-1,1130,1129,1131,-1,1130,1131,1132,-1,1132,1131,1133,-1,1132,1133,1134,-1,1134,1133,1135,-1,1134,1135,1136,-1,1136,1135,1137,-1,1136,1137,1138,-1,1138,1137,1139,-1,1138,1139,1140,-1,1140,1139,1141,-1,1140,1141,1142,-1,1142,1141,1143,-1,1144,1145,1146,-1,1146,1145,1147,-1,1147,1145,1148,-1,1147,1148,1149,-1,1149,1148,1150,-1,1149,1150,1151,-1,1151,1150,1152,-1,1151,1152,1153,-1,1153,1152,1154,-1,1153,1154,1155,-1,1155,1154,1156,-1,1155,1156,1157,-1,1157,1156,1158,-1,1157,1158,1159,-1,1159,1158,1123,-1,1159,1123,1121,-1,1142,1146,1140,-1,1140,1146,1147,-1,1140,1147,1138,-1,1138,1147,1149,-1,1138,1149,1136,-1,1136,1149,1151,-1,1136,1151,1134,-1,1134,1151,1153,-1,1134,1153,1132,-1,1132,1153,1155,-1,1132,1155,1130,-1,1130,1155,1157,-1,1130,1157,1128,-1,1128,1157,1159,-1,1128,1159,1126,-1,1126,1159,1121,-1,1126,1121,1124,-1,1124,1121,1120,-1,1125,1122,1127,-1,1127,1122,1123,-1,1127,1123,1129,-1,1129,1123,1158,-1,1129,1158,1131,-1,1131,1158,1156,-1,1131,1156,1133,-1,1133,1156,1154,-1,1133,1154,1135,-1,1135,1154,1152,-1,1135,1152,1137,-1,1137,1152,1150,-1,1137,1150,1139,-1,1139,1150,1148,-1,1139,1148,1141,-1,1141,1148,1145,-1,1141,1145,1143,-1,1143,1145,1144,-1,1143,1144,1142,-1,1142,1144,1146,-1,1160,1161,1162,-1,1162,1161,1163,-1,1164,1160,1165,-1,1165,1160,1162,-1,1166,1164,1167,-1,1167,1164,1165,-1,1166,1167,1168,-1,1168,1167,1169,-1,1168,1169,1170,-1,1170,1169,1171,-1,1170,1171,1172,-1,1172,1171,1173,-1,1172,1173,1174,-1,1174,1173,1175,-1,1174,1175,1176,-1,1176,1175,1177,-1,1176,1177,1178,-1,1178,1177,1179,-1,1178,1179,1180,-1,1180,1179,1181,-1,1180,1181,1182,-1,1182,1181,1183,-1,1184,1185,1186,-1,1186,1185,1187,-1,1187,1185,1188,-1,1187,1188,1189,-1,1189,1188,1190,-1,1189,1190,1191,-1,1191,1190,1192,-1,1191,1192,1193,-1,1193,1192,1194,-1,1193,1194,1195,-1,1195,1194,1196,-1,1195,1196,1197,-1,1197,1196,1198,-1,1197,1198,1199,-1,1199,1198,1163,-1,1199,1163,1161,-1,1182,1186,1180,-1,1180,1186,1187,-1,1180,1187,1178,-1,1178,1187,1189,-1,1178,1189,1176,-1,1176,1189,1191,-1,1176,1191,1174,-1,1174,1191,1193,-1,1174,1193,1172,-1,1172,1193,1195,-1,1172,1195,1170,-1,1170,1195,1197,-1,1170,1197,1168,-1,1168,1197,1199,-1,1168,1199,1166,-1,1166,1199,1161,-1,1166,1161,1164,-1,1164,1161,1160,-1,1165,1162,1167,-1,1167,1162,1163,-1,1167,1163,1169,-1,1169,1163,1198,-1,1169,1198,1171,-1,1171,1198,1196,-1,1171,1196,1173,-1,1173,1196,1194,-1,1173,1194,1175,-1,1175,1194,1192,-1,1175,1192,1177,-1,1177,1192,1190,-1,1177,1190,1179,-1,1179,1190,1188,-1,1179,1188,1181,-1,1181,1188,1185,-1,1181,1185,1183,-1,1183,1185,1184,-1,1183,1184,1182,-1,1182,1184,1186,-1,1200,1201,1202,-1,1202,1201,1203,-1,1204,1200,1205,-1,1205,1200,1202,-1,1206,1204,1207,-1,1207,1204,1205,-1,1206,1207,1208,-1,1208,1207,1209,-1,1208,1209,1210,-1,1210,1209,1211,-1,1210,1211,1212,-1,1212,1211,1213,-1,1212,1213,1214,-1,1214,1213,1215,-1,1214,1215,1216,-1,1216,1215,1217,-1,1216,1217,1218,-1,1218,1217,1219,-1,1218,1219,1220,-1,1220,1219,1221,-1,1220,1221,1222,-1,1222,1221,1223,-1,1224,1225,1226,-1,1226,1225,1227,-1,1227,1225,1228,-1,1227,1228,1229,-1,1229,1228,1230,-1,1229,1230,1231,-1,1231,1230,1232,-1,1231,1232,1233,-1,1233,1232,1234,-1,1233,1234,1235,-1,1235,1234,1236,-1,1235,1236,1237,-1,1237,1236,1238,-1,1237,1238,1239,-1,1239,1238,1203,-1,1239,1203,1201,-1,1222,1226,1220,-1,1220,1226,1227,-1,1220,1227,1218,-1,1218,1227,1229,-1,1218,1229,1216,-1,1216,1229,1231,-1,1216,1231,1214,-1,1214,1231,1233,-1,1214,1233,1212,-1,1212,1233,1235,-1,1212,1235,1210,-1,1210,1235,1237,-1,1210,1237,1208,-1,1208,1237,1239,-1,1208,1239,1206,-1,1206,1239,1201,-1,1206,1201,1204,-1,1204,1201,1200,-1,1205,1202,1207,-1,1207,1202,1203,-1,1207,1203,1209,-1,1209,1203,1238,-1,1209,1238,1211,-1,1211,1238,1236,-1,1211,1236,1213,-1,1213,1236,1234,-1,1213,1234,1215,-1,1215,1234,1232,-1,1215,1232,1217,-1,1217,1232,1230,-1,1217,1230,1219,-1,1219,1230,1228,-1,1219,1228,1221,-1,1221,1228,1225,-1,1221,1225,1223,-1,1223,1225,1224,-1,1223,1224,1222,-1,1222,1224,1226,-1,1240,1241,1242,-1,1242,1241,1243,-1,1244,1240,1245,-1,1245,1240,1242,-1,1246,1244,1247,-1,1247,1244,1245,-1,1246,1247,1248,-1,1248,1247,1249,-1,1248,1249,1250,-1,1250,1249,1251,-1,1250,1251,1252,-1,1252,1251,1253,-1,1252,1253,1254,-1,1254,1253,1255,-1,1254,1255,1256,-1,1256,1255,1257,-1,1256,1257,1258,-1,1258,1257,1259,-1,1258,1259,1260,-1,1260,1259,1261,-1,1260,1261,1262,-1,1262,1261,1263,-1,1264,1265,1266,-1,1266,1265,1267,-1,1267,1265,1268,-1,1267,1268,1269,-1,1269,1268,1270,-1,1269,1270,1271,-1,1271,1270,1272,-1,1271,1272,1273,-1,1273,1272,1274,-1,1273,1274,1275,-1,1275,1274,1276,-1,1275,1276,1277,-1,1277,1276,1278,-1,1277,1278,1279,-1,1279,1278,1243,-1,1279,1243,1241,-1,1262,1266,1260,-1,1260,1266,1267,-1,1260,1267,1258,-1,1258,1267,1269,-1,1258,1269,1256,-1,1256,1269,1271,-1,1256,1271,1254,-1,1254,1271,1273,-1,1254,1273,1252,-1,1252,1273,1275,-1,1252,1275,1250,-1,1250,1275,1277,-1,1250,1277,1248,-1,1248,1277,1279,-1,1248,1279,1246,-1,1246,1279,1241,-1,1246,1241,1244,-1,1244,1241,1240,-1,1245,1242,1247,-1,1247,1242,1243,-1,1247,1243,1249,-1,1249,1243,1278,-1,1249,1278,1251,-1,1251,1278,1276,-1,1251,1276,1253,-1,1253,1276,1274,-1,1253,1274,1255,-1,1255,1274,1272,-1,1255,1272,1257,-1,1257,1272,1270,-1,1257,1270,1259,-1,1259,1270,1268,-1,1259,1268,1261,-1,1261,1268,1265,-1,1261,1265,1263,-1,1263,1265,1264,-1,1263,1264,1262,-1,1262,1264,1266,-1,1280,1281,1282,-1,1282,1281,1283,-1,1284,1280,1285,-1,1285,1280,1282,-1,1286,1284,1287,-1,1287,1284,1285,-1,1286,1287,1288,-1,1288,1287,1289,-1,1288,1289,1290,-1,1290,1289,1291,-1,1290,1291,1292,-1,1292,1291,1293,-1,1292,1293,1294,-1,1294,1293,1295,-1,1294,1295,1296,-1,1296,1295,1297,-1,1296,1297,1298,-1,1298,1297,1299,-1,1298,1299,1300,-1,1300,1299,1301,-1,1300,1301,1302,-1,1302,1301,1303,-1,1304,1305,1306,-1,1306,1305,1307,-1,1307,1305,1308,-1,1307,1308,1309,-1,1309,1308,1310,-1,1309,1310,1311,-1,1311,1310,1312,-1,1311,1312,1313,-1,1313,1312,1314,-1,1313,1314,1315,-1,1315,1314,1316,-1,1315,1316,1317,-1,1317,1316,1318,-1,1317,1318,1319,-1,1319,1318,1283,-1,1319,1283,1281,-1,1302,1306,1300,-1,1300,1306,1307,-1,1300,1307,1298,-1,1298,1307,1309,-1,1298,1309,1296,-1,1296,1309,1311,-1,1296,1311,1294,-1,1294,1311,1313,-1,1294,1313,1292,-1,1292,1313,1315,-1,1292,1315,1290,-1,1290,1315,1317,-1,1290,1317,1288,-1,1288,1317,1319,-1,1288,1319,1286,-1,1286,1319,1281,-1,1286,1281,1284,-1,1284,1281,1280,-1,1285,1282,1287,-1,1287,1282,1283,-1,1287,1283,1289,-1,1289,1283,1318,-1,1289,1318,1291,-1,1291,1318,1316,-1,1291,1316,1293,-1,1293,1316,1314,-1,1293,1314,1295,-1,1295,1314,1312,-1,1295,1312,1297,-1,1297,1312,1310,-1,1297,1310,1299,-1,1299,1310,1308,-1,1299,1308,1301,-1,1301,1308,1305,-1,1301,1305,1303,-1,1303,1305,1304,-1,1303,1304,1302,-1,1302,1304,1306,-1,1320,1321,1322,-1,1322,1321,1323,-1,1324,1320,1325,-1,1325,1320,1322,-1,1326,1324,1327,-1,1327,1324,1325,-1,1326,1327,1328,-1,1328,1327,1329,-1,1328,1329,1330,-1,1330,1329,1331,-1,1330,1331,1332,-1,1332,1331,1333,-1,1332,1333,1334,-1,1334,1333,1335,-1,1334,1335,1336,-1,1336,1335,1337,-1,1336,1337,1338,-1,1338,1337,1339,-1,1338,1339,1340,-1,1340,1339,1341,-1,1340,1341,1342,-1,1342,1341,1343,-1,1344,1345,1346,-1,1346,1345,1347,-1,1347,1345,1348,-1,1347,1348,1349,-1,1349,1348,1350,-1,1349,1350,1351,-1,1351,1350,1352,-1,1351,1352,1353,-1,1353,1352,1354,-1,1353,1354,1355,-1,1355,1354,1356,-1,1355,1356,1357,-1,1357,1356,1358,-1,1357,1358,1359,-1,1359,1358,1323,-1,1359,1323,1321,-1,1342,1346,1340,-1,1340,1346,1347,-1,1340,1347,1338,-1,1338,1347,1349,-1,1338,1349,1336,-1,1336,1349,1351,-1,1336,1351,1334,-1,1334,1351,1353,-1,1334,1353,1332,-1,1332,1353,1355,-1,1332,1355,1330,-1,1330,1355,1357,-1,1330,1357,1328,-1,1328,1357,1359,-1,1328,1359,1326,-1,1326,1359,1321,-1,1326,1321,1324,-1,1324,1321,1320,-1,1325,1322,1327,-1,1327,1322,1323,-1,1327,1323,1329,-1,1329,1323,1358,-1,1329,1358,1331,-1,1331,1358,1356,-1,1331,1356,1333,-1,1333,1356,1354,-1,1333,1354,1335,-1,1335,1354,1352,-1,1335,1352,1337,-1,1337,1352,1350,-1,1337,1350,1339,-1,1339,1350,1348,-1,1339,1348,1341,-1,1341,1348,1345,-1,1341,1345,1343,-1,1343,1345,1344,-1,1343,1344,1342,-1,1342,1344,1346,-1,1360,1361,1362,-1,1362,1361,1363,-1,1364,1360,1365,-1,1365,1360,1362,-1,1366,1364,1367,-1,1367,1364,1365,-1,1366,1367,1368,-1,1368,1367,1369,-1,1368,1369,1370,-1,1370,1369,1371,-1,1370,1371,1372,-1,1372,1371,1373,-1,1372,1373,1374,-1,1374,1373,1375,-1,1374,1375,1376,-1,1376,1375,1377,-1,1376,1377,1378,-1,1378,1377,1379,-1,1378,1379,1380,-1,1380,1379,1381,-1,1380,1381,1382,-1,1382,1381,1383,-1,1384,1385,1386,-1,1386,1385,1387,-1,1387,1385,1388,-1,1387,1388,1389,-1,1389,1388,1390,-1,1389,1390,1391,-1,1391,1390,1392,-1,1391,1392,1393,-1,1393,1392,1394,-1,1393,1394,1395,-1,1395,1394,1396,-1,1395,1396,1397,-1,1397,1396,1398,-1,1397,1398,1399,-1,1399,1398,1363,-1,1399,1363,1361,-1,1382,1386,1380,-1,1380,1386,1387,-1,1380,1387,1378,-1,1378,1387,1389,-1,1378,1389,1376,-1,1376,1389,1391,-1,1376,1391,1374,-1,1374,1391,1393,-1,1374,1393,1372,-1,1372,1393,1395,-1,1372,1395,1370,-1,1370,1395,1397,-1,1370,1397,1368,-1,1368,1397,1399,-1,1368,1399,1366,-1,1366,1399,1361,-1,1366,1361,1364,-1,1364,1361,1360,-1,1365,1362,1367,-1,1367,1362,1363,-1,1367,1363,1369,-1,1369,1363,1398,-1,1369,1398,1371,-1,1371,1398,1396,-1,1371,1396,1373,-1,1373,1396,1394,-1,1373,1394,1375,-1,1375,1394,1392,-1,1375,1392,1377,-1,1377,1392,1390,-1,1377,1390,1379,-1,1379,1390,1388,-1,1379,1388,1381,-1,1381,1388,1385,-1,1381,1385,1383,-1,1383,1385,1384,-1,1383,1384,1382,-1,1382,1384,1386,-1,1400,1401,1402,-1,1402,1401,1403,-1,1404,1400,1405,-1,1405,1400,1402,-1,1406,1404,1407,-1,1407,1404,1405,-1,1406,1407,1408,-1,1408,1407,1409,-1,1408,1409,1410,-1,1410,1409,1411,-1,1410,1411,1412,-1,1412,1411,1413,-1,1412,1413,1414,-1,1414,1413,1415,-1,1414,1415,1416,-1,1416,1415,1417,-1,1416,1417,1418,-1,1418,1417,1419,-1,1418,1419,1420,-1,1420,1419,1421,-1,1420,1421,1422,-1,1422,1421,1423,-1,1424,1425,1426,-1,1426,1425,1427,-1,1427,1425,1428,-1,1427,1428,1429,-1,1429,1428,1430,-1,1429,1430,1431,-1,1431,1430,1432,-1,1431,1432,1433,-1,1433,1432,1434,-1,1433,1434,1435,-1,1435,1434,1436,-1,1435,1436,1437,-1,1437,1436,1438,-1,1437,1438,1439,-1,1439,1438,1403,-1,1439,1403,1401,-1,1422,1426,1420,-1,1420,1426,1427,-1,1420,1427,1418,-1,1418,1427,1429,-1,1418,1429,1416,-1,1416,1429,1431,-1,1416,1431,1414,-1,1414,1431,1433,-1,1414,1433,1412,-1,1412,1433,1435,-1,1412,1435,1410,-1,1410,1435,1437,-1,1410,1437,1408,-1,1408,1437,1439,-1,1408,1439,1406,-1,1406,1439,1401,-1,1406,1401,1404,-1,1404,1401,1400,-1,1405,1402,1407,-1,1407,1402,1403,-1,1407,1403,1409,-1,1409,1403,1438,-1,1409,1438,1411,-1,1411,1438,1436,-1,1411,1436,1413,-1,1413,1436,1434,-1,1413,1434,1415,-1,1415,1434,1432,-1,1415,1432,1417,-1,1417,1432,1430,-1,1417,1430,1419,-1,1419,1430,1428,-1,1419,1428,1421,-1,1421,1428,1425,-1,1421,1425,1423,-1,1423,1425,1424,-1,1423,1424,1422,-1,1422,1424,1426,-1,
        ]
    }
}
Shape{
    appearance Appearance {
        material  Material 	{
            diffuseColor 0.5019607843137255 0.5019607843137255 0.5019607843137255
            specularColor 0.25098039215686274 0.25098039215686274 0.25098039215686274
            ambientIntensity 0.502
            transparency 0.0
            shininess 0.5
        }
    }
    geometry IndexedFaceSet {
        ccw TRUE
        solid FALSE
        coord DEF co Coordinate {
            point [
                -1.7323 -1.2106 0.9528, 3.9665 -0.8169 0.9528, -2.0472 -0.8169 0.9528, -3.5039 -1.2106 0.9528, -3.5039 -1.4075 0.9528, -3.3858 -1.4075 0.9528, -1.5354 -1.2106 0.9528, -1.5354 -1.4075 0.9528, -1.4173 -1.4075 0.9528, -3.3858 -1.2106 0.9528, -3.3071 -1.2106 0.9528, -2.4803 -0.8169 0.9528, -3.5827 -1.2106 0.9528, -3.9665 -0.8169 0.9528, -3.5827 -1.4075 0.9528, -3.9665 -1.4075 0.9528, -3.1102 -1.2106 0.9528, -3.1102 -1.4075 0.9528, -2.9921 -1.4075 0.9528, -1.4173 -1.2106 0.9528, -1.3386 -1.2106 0.9528, -1.1417 -1.2106 0.9528, -1.1417 -1.4075 0.9528, -1.0236 -1.4075 0.9528, -2.9921 -1.2106 0.9528, -2.9134 -1.2106 0.9528, -1.6142 -1.2106 0.9528, -1.6142 -1.4075 0.9528, -1.7323 -1.4075 0.9528, -3.189 -1.2106 0.9528, -3.189 -1.4075 0.9528, -3.3071 -1.4075 0.9528, -2.9134 -1.4075 0.9528, -2.7953 -1.4075 0.9528, -2.7953 -1.2106 0.9528, -2.7165 -1.2106 0.9528, -2.4803 -1.2106 0.9528, -2.7165 -1.4075 0.9528, -2.0472 -1.2106 0.9528, -1.811 -1.4075 0.9528, -1.811 -1.2106 0.9528, -1.0236 -1.2106 0.9528, -0.9449 -1.2106 0.9528, -0.748 -1.2106 0.9528, -0.748 -1.4075 0.9528, -0.6299 -1.4075 0.9528, -1.2205 -1.2106 0.9528, -1.2205 -1.4075 0.9528, -1.3386 -1.4075 0.9528, -0.6299 -1.2106 0.9528, -0.5512 -1.2106 0.9528, -0.3543 -1.2106 0.9528, -0.3543 -1.4075 0.9528, -0.2362 -1.4075 0.9528, -0.9449 -1.4075 0.9528, -0.8268 -1.4075 0.9528, -0.8268 -1.2106 0.9528, -0.2362 -1.2106 0.9528, -0.1575 -1.2106 0.9528, 0.0394 -1.2106 0.9528, 0.0394 -1.4075 0.9528, 0.1575 -1.4075 0.9528, -0.5512 -1.4075 0.9528, -0.4331 -1.4075 0.9528, -0.4331 -1.2106 0.9528, 0.1575 -1.2106 0.9528, 0.2362 -1.2106 0.9528, -0.1575 -1.4075 0.9528, -0.0394 -1.4075 0.9528, -0.0394 -1.2106 0.9528, 0.4331 -1.2106 0.9528, 0.4331 -1.4075 0.9528, 0.5512 -1.4075 0.9528, 0.5512 -1.2106 0.9528, 0.6299 -1.2106 0.9528, 0.3543 -1.2106 0.9528, 0.3543 -1.4075 0.9528, 0.2362 -1.4075 0.9528, 0.8268 -1.2106 0.9528, 0.8268 -1.4075 0.9528, 0.9449 -1.4075 0.9528, 0.9449 -1.2106 0.9528, 1.0236 -1.2106 0.9528, 0.748 -1.2106 0.9528, 0.748 -1.4075 0.9528, 0.6299 -1.4075 0.9528, 1.2205 -1.2106 0.9528, 1.2205 -1.4075 0.9528, 1.3386 -1.4075 0.9528, 1.3386 -1.2106 0.9528, 1.4173 -1.2106 0.9528, 1.1417 -1.2106 0.9528, 1.1417 -1.4075 0.9528, 1.0236 -1.4075 0.9528, 1.6142 -1.2106 0.9528, 1.6142 -1.4075 0.9528, 1.7323 -1.4075 0.9528, 1.7323 -1.2106 0.9528, 1.811 -1.2106 0.9528, 1.5354 -1.2106 0.9528, 1.5354 -1.4075 0.9528, 1.4173 -1.4075 0.9528, 2.0079 -1.2106 0.9528, 2.0079 -1.4075 0.9528, 2.126 -1.4075 0.9528, 2.126 -1.2106 0.9528, 2.2047 -1.2106 0.9528, 1.9291 -1.2106 0.9528, 1.9291 -1.4075 0.9528, 1.811 -1.4075 0.9528, 2.4016 -1.2106 0.9528, 2.4016 -1.4075 0.9528, 2.5197 -1.4075 0.9528, 2.5197 -1.2106 0.9528, 2.5984 -1.2106 0.9528, 2.3228 -1.2106 0.9528, 2.3228 -1.4075 0.9528, 2.2047 -1.4075 0.9528, 2.7953 -1.2106 0.9528, 2.7953 -1.4075 0.9528, 2.9134 -1.4075 0.9528, 2.9134 -1.2106 0.9528, 2.9921 -1.2106 0.9528, 2.7165 -1.2106 0.9528, 2.7165 -1.4075 0.9528, 2.5984 -1.4075 0.9528, 3.189 -1.2106 0.9528, 3.189 -1.4075 0.9528, 3.3071 -1.4075 0.9528, 3.3071 -1.2106 0.9528, 3.3858 -1.2106 0.9528, 3.1102 -1.2106 0.9528, 3.1102 -1.4075 0.9528, 2.9921 -1.4075 0.9528, 3.5827 -1.4075 0.9528, 3.9665 -1.4075 0.9528, 3.5827 -1.2106 0.9528, 3.5039 -1.2106 0.9528, 3.5039 -1.4075 0.9528, 3.3858 -1.4075 0.9528, -2.0472 -0.8169 1.3465, -3.9665 -0.8169 1.5748, -2.4803 -0.8169 1.3465, 3.9665 -0.8169 1.5748, -0.1505 -0.8366 0.0, -0.5202 -0.8366 0.0, -0.5202 -0.2625 0.0, 0.3075 -0.2077 0.0, 0.4857 -0.2077 0.0, 0.4857 -0.2625 0.0, 2.2244 1.2106 0.0, 2.2468 1.2106 0.0, 2.2468 0.1908 0.0, 3.7106 1.2106 0.0, 3.9862 1.2106 0.0, 3.9862 0.4232 0.0, 2.3228 -1.2106 0.0, 2.3228 -1.4075 0.0, 2.2468 -1.4075 0.0, 4.0933 -0.8366 0.0, 4.3012 -0.8366 0.0, 4.0615 -0.8572 0.0, 4.3012 -1.4075 0.0, 3.9945 -0.88 0.0, 3.5827 -1.4075 0.0, 3.5827 -1.2106 0.0, 3.9239 -0.8855 0.0, 3.8541 -0.8735 0.0, 3.3071 -1.2106 0.0, 3.3071 -1.4075 0.0, 3.189 -1.4075 0.0, 3.189 -1.2106 0.0, 3.1102 -1.2106 0.0, 2.2468 -0.8366 0.0, 3.3858 -1.2106 0.0, 3.5039 -1.2106 0.0, 3.3858 -1.4075 0.0, 3.5039 -1.4075 0.0, 2.9134 -1.2106 0.0, 2.9134 -1.4075 0.0, 2.7953 -1.4075 0.0, 2.7953 -1.2106 0.0, 2.7165 -1.2106 0.0, 2.9921 -1.2106 0.0, 2.9921 -1.4075 0.0, 3.1102 -1.4075 0.0, 2.5197 -1.2106 0.0, 2.5197 -1.4075 0.0, 2.4016 -1.4075 0.0, 2.4016 -1.2106 0.0, 2.5984 -1.2106 0.0, 2.5984 -1.4075 0.0, 2.7165 -1.4075 0.0, 3.7894 -0.8447 0.0, 3.7894 -0.8366 0.0, 3.7894 -0.3561 0.0, 2.2468 -0.2625 0.0, 3.8541 -0.3273 0.0, 4.3012 -0.2625 0.0, 4.169 -0.4341 0.0, 4.1209 -0.3821 0.0, 4.1209 -0.8187 0.0, 4.169 -0.7667 0.0, 4.2028 -0.7044 0.0, 4.0615 -0.3435 0.0, 3.9945 -0.3208 0.0, 3.9239 -0.3153 0.0, 4.2202 -0.6358 0.0, 4.2202 -0.565 0.0, 4.2028 -0.4963 0.0, -2.3199 -0.8366 0.0, -2.3199 -1.4075 0.0, -2.7165 -1.4075 0.0, -2.7953 -1.4075 0.0, -2.9134 -1.4075 0.0, -2.7953 -1.2106 0.0, -2.9134 -1.2106 0.0, -2.7165 -1.2106 0.0, -4.2126 -0.8366 0.0, -2.9921 -1.2106 0.0, -3.189 -1.2106 0.0, -3.189 -1.4075 0.0, -3.3071 -1.4075 0.0, -3.3071 -1.2106 0.0, -3.3858 -1.2106 0.0, -3.1102 -1.2106 0.0, -3.1102 -1.4075 0.0, -2.9921 -1.4075 0.0, -3.5827 -1.4075 0.0, -4.2126 -1.4075 0.0, -3.5827 -1.2106 0.0, -3.5039 -1.2106 0.0, -3.5039 -1.4075 0.0, -3.3858 -1.4075 0.0, -0.5202 -1.4075 0.0, -0.5512 -1.4075 0.0, -0.5512 -1.2106 0.0, -0.6299 -1.2106 0.0, -0.6299 -1.4075 0.0, -0.748 -1.4075 0.0, -0.748 -1.2106 0.0, -0.8268 -1.2106 0.0, -1.0236 -1.2106 0.0, -1.0236 -1.4075 0.0, -1.1417 -1.4075 0.0, -1.1417 -1.2106 0.0, -1.2205 -1.2106 0.0, -0.9449 -1.2106 0.0, -0.9449 -1.4075 0.0, -0.8268 -1.4075 0.0, -1.4173 -1.2106 0.0, -1.4173 -1.4075 0.0, -1.5354 -1.4075 0.0, -1.5354 -1.2106 0.0, -1.6142 -1.2106 0.0, -1.3386 -1.2106 0.0, -1.3386 -1.4075 0.0, -1.2205 -1.4075 0.0, -1.811 -1.4075 0.0, -1.811 -1.2106 0.0, -1.7323 -1.2106 0.0, -1.7323 -1.4075 0.0, -1.6142 -1.4075 0.0, -0.1505 -1.4075 0.0, -0.1575 -1.4075 0.0, -0.1575 -1.2106 0.0, -0.2362 -1.2106 0.0, -0.2362 -1.4075 0.0, -0.3543 -1.4075 0.0, -0.3543 -1.2106 0.0, -0.4331 -1.2106 0.0, -0.4331 -1.4075 0.0, 0.1376 -1.4075 0.0, 0.0394 -1.4075 0.0, 0.0394 -1.2106 0.0, -0.0394 -1.2106 0.0, -0.0394 -1.4075 0.0, 0.4331 -1.2106 0.0, 0.3543 -1.2106 0.0, 0.1376 -0.8366 0.0, 0.1575 -1.4075 0.0, 0.1575 -1.2106 0.0, 0.2362 -1.2106 0.0, 0.2362 -1.4075 0.0, 0.3543 -1.4075 0.0, 2.2047 -1.4075 0.0, 2.2047 -1.2106 0.0, 2.126 -1.2106 0.0, 2.126 -1.4075 0.0, 2.0079 -1.4075 0.0, 2.0079 -1.2106 0.0, 1.9291 -1.2106 0.0, 0.4857 -0.8366 0.0, 1.7323 -1.2106 0.0, 1.7323 -1.4075 0.0, 1.6142 -1.4075 0.0, 1.6142 -1.2106 0.0, 1.5354 -1.2106 0.0, 1.811 -1.2106 0.0, 1.811 -1.4075 0.0, 1.9291 -1.4075 0.0, 1.3386 -1.2106 0.0, 1.3386 -1.4075 0.0, 1.2205 -1.4075 0.0, 1.2205 -1.2106 0.0, 1.1417 -1.2106 0.0, 1.4173 -1.2106 0.0, 1.4173 -1.4075 0.0, 1.5354 -1.4075 0.0, 0.9449 -1.2106 0.0, 0.9449 -1.4075 0.0, 0.8268 -1.4075 0.0, 0.8268 -1.2106 0.0, 0.748 -1.2106 0.0, 1.0236 -1.2106 0.0, 1.0236 -1.4075 0.0, 1.1417 -1.4075 0.0, 0.5512 -1.4075 0.0, 0.4857 -1.4075 0.0, 0.5512 -1.2106 0.0, 0.6299 -1.2106 0.0, 0.6299 -1.4075 0.0, 0.748 -1.4075 0.0, 2.3032 1.2106 0.0, 4.3012 0.1908 0.0, 2.5 1.2106 0.0, 2.5 1.4075 0.0, 2.6181 1.4075 0.0, 2.6181 1.2106 0.0, 2.6969 1.2106 0.0, 2.4213 1.2106 0.0, 2.4213 1.4075 0.0, 2.3032 1.4075 0.0, 2.8937 1.4075 0.0, 3.0118 1.4075 0.0, 2.8937 1.2106 0.0, 3.0118 1.2106 0.0, 4.3012 0.4232 0.0, 2.6969 1.4075 0.0, 2.815 1.4075 0.0, 2.815 1.2106 0.0, 3.0906 1.2106 0.0, 3.2874 1.2106 0.0, 3.2874 1.4075 0.0, 3.4055 1.4075 0.0, 3.4055 1.2106 0.0, 3.4843 1.2106 0.0, 3.2087 1.2106 0.0, 3.2087 1.4075 0.0, 3.0906 1.4075 0.0, 3.6811 1.2106 0.0, 3.6811 1.4075 0.0, 3.7106 1.4075 0.0, 3.6024 1.2106 0.0, 3.6024 1.4075 0.0, 3.4843 1.4075 0.0, 0.5315 1.2106 0.0, 0.5315 1.4075 0.0, 0.6496 1.4075 0.0, 0.6496 1.2106 0.0, 0.7284 1.2106 0.0, 0.9252 1.2106 0.0, 0.9252 1.4075 0.0, 1.0433 1.4075 0.0, 1.0433 1.2106 0.0, 1.1221 1.2106 0.0, 0.8465 1.2106 0.0, 0.8465 1.4075 0.0, 0.7284 1.4075 0.0, 1.3189 1.2106 0.0, 1.3189 1.4075 0.0, 1.437 1.4075 0.0, 1.437 1.2106 0.0, 1.5158 1.2106 0.0, 1.2402 1.2106 0.0, 1.2402 1.4075 0.0, 1.1221 1.4075 0.0, 1.7126 1.2106 0.0, 1.7126 1.4075 0.0, 1.8307 1.4075 0.0, 1.8307 1.2106 0.0, 1.9095 1.2106 0.0, 1.6339 1.2106 0.0, 1.6339 1.4075 0.0, 1.5158 1.4075 0.0, 2.1063 1.2106 0.0, 2.1063 1.4075 0.0, 2.2244 1.4075 0.0, 2.0276 1.2106 0.0, 2.0276 1.4075 0.0, 1.9095 1.4075 0.0, 0.1378 1.2106 0.0, 0.2339 0.1908 0.0, 0.1376 1.2106 0.0, 0.1376 0.1908 0.0, 0.0591 1.2106 0.0, 0.3347 1.2106 0.0, 0.4857 0.1908 0.0, 0.2559 1.2106 0.0, 0.2559 1.4075 0.0, 0.1378 1.4075 0.0, 0.4857 1.2106 0.0, 0.4528 1.2106 0.0, 0.4528 1.4075 0.0, 0.3347 1.4075 0.0, -0.1505 1.4075 0.0, -0.1378 1.4075 0.0, -0.1378 1.2106 0.0, -0.059 1.2106 0.0, -0.059 1.4075 0.0, 0.0591 1.4075 0.0, -0.4527 1.2106 0.0, -0.4527 1.4075 0.0, -0.3346 1.4075 0.0, -0.3346 1.2106 0.0, -0.2559 1.2106 0.0, -0.1505 0.1908 0.0, -0.2559 1.4075 0.0, -2.3199 1.4075 0.0, -1.7126 1.4075 0.0, -2.3199 0.1908 0.0, -1.7126 1.2106 0.0, -1.437 1.2106 0.0, -0.5202 0.1908 0.0, -1.5157 1.2106 0.0, -1.6338 1.2106 0.0, -1.5157 1.4075 0.0, -1.6338 1.4075 0.0, -1.2401 1.2106 0.0, -1.2401 1.4075 0.0, -1.122 1.4075 0.0, -1.122 1.2106 0.0, -1.0433 1.2106 0.0, -1.3189 1.2106 0.0, -1.3189 1.4075 0.0, -1.437 1.4075 0.0, -0.8464 1.2106 0.0, -0.8464 1.4075 0.0, -0.7283 1.4075 0.0, -0.7283 1.2106 0.0, -0.6496 1.2106 0.0, -0.9252 1.2106 0.0, -0.9252 1.4075 0.0, -1.0433 1.4075 0.0, -0.5202 1.2106 0.0, -0.5315 1.2106 0.0, -0.5315 1.4075 0.0, -0.6496 1.4075 0.0, -4.2126 0.1908 0.0, -4.2126 0.4232 0.0, -3.9862 0.4232 0.0, -3.6024 1.2106 0.0, -3.6811 1.2106 0.0, -3.7106 1.2106 0.0, -3.6811 1.4075 0.0, -3.7106 1.4075 0.0, -3.4055 1.2106 0.0, -3.4055 1.4075 0.0, -3.2874 1.4075 0.0, -3.2874 1.2106 0.0, -3.2087 1.2106 0.0, -3.4842 1.2106 0.0, -3.4842 1.4075 0.0, -3.6024 1.4075 0.0, -3.0118 1.2106 0.0, -3.0118 1.4075 0.0, -2.8937 1.4075 0.0, -2.8937 1.2106 0.0, -2.815 1.2106 0.0, -3.0905 1.2106 0.0, -3.0905 1.4075 0.0, -3.2087 1.4075 0.0, -2.6181 1.4075 0.0, -2.6181 1.2106 0.0, -2.6968 1.2106 0.0, -2.6968 1.4075 0.0, -2.815 1.4075 0.0, -4.3012 0.4232 0.0, 0.176 -0.1416 0.0, 0.176 -0.1849 0.0, 0.1376 -0.2077 0.0, 0.218 -0.2021 0.0, 0.2215 0.19 0.0, 0.176 0.1776 0.0, 0.176 0.1248 0.0, 0.2204 0.1438 0.0, 0.1831 -0.1456 0.0, 0.2682 0.15 0.0, 0.307 0.1457 0.0, 0.3365 0.135 0.0, 0.3637 0.1168 0.0, 0.3875 0.0906 0.0, 0.4161 -0.0126 0.0, 0.4121 -0.0552 0.0, 0.4014 -0.0891 0.0, 0.3138 -0.1627 0.0, 0.2771 -0.1669 0.0, 0.3425 -0.1522 0.0, 0.3666 -0.1359 0.0, 0.3851 -0.1164 0.0, 0.2248 -0.1611 0.0, 0.4037 0.0602 0.0, 0.4142 0.018 0.0, 0.4027 -0.1717 0.0, 0.4323 -0.1405 0.0, 0.4532 -0.1031 0.0, 0.3329 -0.205 0.0, 0.371 -0.1919 0.0, 0.4481 0.0847 0.0, 0.425 0.1215 0.0, 0.3895 0.1557 0.0, 0.3521 0.1773 0.0, 0.3082 0.19 0.0, 0.2981 0.1908 0.0, 0.2687 0.1932 0.0, 0.4651 -0.0614 0.0, 0.4689 -0.0158 0.0, 0.4632 0.0401 0.0, 0.2578 -0.2077 0.0, 0.2736 -0.2099 0.0, 0.1376 -0.2625 0.0, 0.2843 -0.2101 0.0, -0.1505 -0.2625 0.0, -0.5202 -0.2077 0.0, -3.7564 -0.6488 0.0, -3.75 -0.6004 0.0, -4.099 -0.5069 0.0, -4.1176 -0.552 0.0, -4.2126 -0.2625 0.0, -4.124 -0.6004 0.0, -4.1176 -0.6488 0.0, -2.3199 -0.2625 0.0, -3.7564 -0.552 0.0, -3.775 -0.5069 0.0, -4.099 -0.6939 0.0, -4.0692 -0.7326 0.0, -4.0305 -0.7623 0.0, -3.8435 -0.7623 0.0, -3.8048 -0.7326 0.0, -3.775 -0.6939 0.0, -3.8048 -0.4681 0.0, -3.8435 -0.4384 0.0, -3.8886 -0.4197 0.0, -3.937 -0.4134 0.0, -3.9854 -0.4197 0.0, -4.0305 -0.4384 0.0, -4.0692 -0.4681 0.0, -3.9854 -0.781 0.0, -3.937 -0.7874 0.0, -3.8886 -0.781 0.0, -0.1505 -0.2077 0.0, 4.3012 -0.2077 0.0, 2.2468 -0.2077 0.0, 0.5025 -0.1621 0.0, 0.5025 -0.2053 0.0, 0.7042 -0.2053 0.0, 0.6513 -0.1621 0.0, 0.6513 0.1884 0.0, 0.7042 0.1884 0.0, -0.1121 -0.1621 0.0, -0.1121 -0.2053 0.0, 0.0992 -0.2053 0.0, 0.0992 0.1884 0.0, -0.1025 0.1884 0.0, -0.1025 0.1452 0.0, 0.0464 0.1452 0.0, 0.0464 0.0156 0.0, 0.0464 -0.0276 0.0, 0.0464 -0.1621 0.0, -0.0929 -0.0276 0.0, -0.0929 0.0156 0.0, -0.2959 -0.2053 0.0, -0.1889 -0.2053 0.0, -0.4861 -0.0974 0.0, -0.4635 -0.1326 0.0, -0.4311 -0.1636 0.0, -0.39 -0.1875 0.0, -0.3446 -0.201 0.0, -0.4029 0.1662 0.0, -0.4458 0.1375 0.0, -0.1889 0.1884 0.0, -0.3 0.1884 0.0, -0.3569 0.1824 0.0, -0.4462 0.1371 0.0, -0.474 0.1062 0.0, -0.4923 0.0724 0.0, 0.4331 -1.4075 0.0, -0.5029 0.0336 0.0, -0.5058 -0.0035 0.0, -0.5002 -0.0562 0.0, -0.8899 -0.2053 0.0, -2.3199 -0.2077 0.0, -0.7362 0.1884 0.0, -0.8322 -0.2053 0.0, -0.7924 -0.0948 0.0, -0.6298 -0.0948 0.0, -0.5922 -0.2053 0.0, -0.5346 -0.2053 0.0, -0.6834 0.1884 0.0, -3.9862 1.2106 0.0, -4.2126 -0.2077 0.0, -4.3012 0.1908 0.0, -4.3012 -0.2077 0.0, -4.3012 -0.2625 0.0, -4.3012 -0.8366 0.0, -4.3012 -1.4075 0.0, -3.6024 1.4075 1.5157, -3.6024 1.4075 1.5748, -3.4842 1.4075 1.5157, -3.4842 1.4075 1.5748, -2.815 1.4075 1.5157, -2.815 1.4075 1.5748, -2.6968 1.4075 1.5157, -2.6968 1.4075 1.5748, -3.0118 1.4075 1.5157, -3.0118 1.4075 1.5748, -2.8937 1.4075 1.5157, -2.8937 1.4075 1.5748, 0.8465 1.4075 1.2008, 0.7284 1.4075 1.2008, 1.0433 1.4075 1.2008, 0.9252 1.4075 1.2008, 1.2402 1.4075 1.2008, 1.1221 1.4075 1.2008, 1.437 1.4075 1.2008, 1.3189 1.4075 1.2008, 1.6339 1.4075 1.2008, 1.5158 1.4075 1.2008, 1.8307 1.4075 1.2008, 1.7126 1.4075 1.2008, 2.0276 1.4075 1.2008, 1.9095 1.4075 1.2008, 2.2244 1.4075 1.2008, 2.1063 1.4075 1.2008, 2.4213 1.4075 1.2008, 2.3032 1.4075 1.2008, 3.2087 1.4075 1.2008, 3.0906 1.4075 1.2008, 3.4055 1.4075 1.2008, 3.2874 1.4075 1.2008, 3.6024 1.4075 1.2008, 3.4843 1.4075 1.2008, 3.0118 1.4075 1.2008, 2.8937 1.4075 1.2008, 2.815 1.4075 1.2008, 2.6969 1.4075 1.2008, 2.6181 1.4075 1.2008, 2.5 1.4075 1.2008, 0.6496 1.4075 1.2008, 0.5315 1.4075 1.2008, 0.4528 1.4075 1.2008, 0.3347 1.4075 1.2008, 0.2559 1.4075 1.2008, 0.1378 1.4075 1.2008, 0.0591 1.4075 1.2008, -0.059 1.4075 1.2008, -0.2559 1.4075 1.2008, -0.1378 1.4075 1.2008, -0.3346 1.4075 1.2008, -0.4527 1.4075 1.2008, -0.5315 1.4075 1.2008, -0.6496 1.4075 1.2008, -0.7283 1.4075 1.2008, -0.8464 1.4075 1.2008, -0.9252 1.4075 1.2008, -1.0433 1.4075 1.2008, -1.122 1.4075 1.2008, -1.2401 1.4075 1.2008, -1.3189 1.4075 1.2008, -1.437 1.4075 1.2008, -1.5157 1.4075 1.2008, -1.6338 1.4075 1.2008, -3.4055 1.4075 1.5157, -3.4055 1.4075 1.5748, -3.2874 1.4075 1.5157, -3.2874 1.4075 1.5748, -3.2087 1.4075 1.5157, -3.2087 1.4075 1.5748, -3.0905 1.4075 1.5157, -3.0905 1.4075 1.5748, -3.0905 1.2106 1.5748, -3.0905 1.2106 1.5157, -3.0118 1.2106 1.5748, -3.0118 1.2106 1.5157, -1.6338 1.2106 1.2008, -3.2874 1.2106 1.5748, -3.2874 1.2106 1.5157, -3.2087 1.2106 1.5748, -3.2087 1.2106 1.5157, -3.4842 1.2106 1.5748, -3.4842 1.2106 1.5157, -3.4055 1.2106 1.5748, -3.4055 1.2106 1.5157, -1.5157 1.2106 1.2008, -1.437 1.2106 1.2008, -1.3189 1.2106 1.2008, -1.2401 1.2106 1.2008, -1.122 1.2106 1.2008, -1.0433 1.2106 1.2008, -0.9252 1.2106 1.2008, -0.8464 1.2106 1.2008, -0.7283 1.2106 1.2008, -0.6496 1.2106 1.2008, -0.5315 1.2106 1.2008, -0.4527 1.2106 1.2008, -0.3346 1.2106 1.2008, -0.2559 1.2106 1.2008, -0.1378 1.2106 1.2008, -0.059 1.2106 1.2008, 0.0591 1.2106 1.2008, 0.1378 1.2106 1.2008, 0.2559 1.2106 1.2008, 0.3347 1.2106 1.2008, 0.4528 1.2106 1.2008, 0.5315 1.2106 1.2008, 0.6496 1.2106 1.2008, 0.7284 1.2106 1.2008, 2.4213 1.2106 1.2008, 2.5 1.2106 1.2008, 2.6181 1.2106 1.2008, 2.6969 1.2106 1.2008, 2.815 1.2106 1.2008, 2.8937 1.2106 1.2008, 3.0118 1.2106 1.2008, 3.0906 1.2106 1.2008, 3.6024 1.2106 1.2008, 3.4055 1.2106 1.2008, 3.4843 1.2106 1.2008, 3.2087 1.2106 1.2008, 3.2874 1.2106 1.2008, 2.2244 1.2106 1.2008, 2.3032 1.2106 1.2008, 2.0276 1.2106 1.2008, 2.1063 1.2106 1.2008, 1.8307 1.2106 1.2008, 1.9095 1.2106 1.2008, 1.6339 1.2106 1.2008, 1.7126 1.2106 1.2008, 1.437 1.2106 1.2008, 1.5158 1.2106 1.2008, 1.2402 1.2106 1.2008, 1.3189 1.2106 1.2008, 1.0433 1.2106 1.2008, 1.1221 1.2106 1.2008, 0.8465 1.2106 1.2008, 0.9252 1.2106 1.2008, -2.8937 1.2106 1.5748, -2.8937 1.2106 1.5157, -2.815 1.2106 1.5748, -2.815 1.2106 1.5157, -2.6968 1.2106 1.5748, -2.6968 1.2106 1.5157, -3.6024 1.2106 1.5748, -3.6024 1.2106 1.5157, -4.124 0.4232 0.0787, -4.3012 0.4232 0.0787, -4.124 1.2106 0.0787, -4.3012 1.2106 0.0787, 4.124 1.2106 0.0787, 4.3012 1.2106 0.0787, 4.124 0.4232 0.0787, 4.3012 0.4232 0.0787, -3.4842 1.4075 1.2008, -3.6024 1.4075 1.2008, -3.7106 1.4075 1.5748, -3.6811 1.4075 1.5748, -2.6968 1.4075 1.2008, -2.815 1.4075 1.2008, -1.7913 1.4075 1.2008, -1.7913 1.4075 1.122, -2.5394 1.4075 1.2008, -2.5394 1.4075 1.122, -2.5394 1.4075 0.1969, -1.7913 1.4075 0.1969, -2.6181 1.4075 1.5748, -1.7126 1.4075 1.5748, -1.7913 1.4075 1.5157, -2.5394 1.4075 1.5157, -2.8937 1.4075 1.2008, -3.0118 1.4075 1.2008, 0.7284 1.4075 1.5157, 0.7284 1.4075 1.5748, 0.8465 1.4075 1.5157, 0.8465 1.4075 1.5748, 0.9252 1.4075 1.5157, 0.9252 1.4075 1.5748, 1.0433 1.4075 1.5157, 1.0433 1.4075 1.5748, 1.1221 1.4075 1.5157, 1.1221 1.4075 1.5748, 1.2402 1.4075 1.5157, 1.2402 1.4075 1.5748, 1.3189 1.4075 1.5157, 1.3189 1.4075 1.5748, 1.437 1.4075 1.5157, 1.437 1.4075 1.5748, 1.5158 1.4075 1.5157, 1.5158 1.4075 1.5748, 1.6339 1.4075 1.5157, 1.6339 1.4075 1.5748, 1.7126 1.4075 1.5157, 1.7126 1.4075 1.5748, 1.8307 1.4075 1.5157, 1.8307 1.4075 1.5748, 1.9095 1.4075 1.5157, 1.9095 1.4075 1.5748, 2.0276 1.4075 1.5157, 2.0276 1.4075 1.5748, 2.1063 1.4075 1.5157, 2.1063 1.4075 1.5748, 2.2244 1.4075 1.5157, 2.2244 1.4075 1.5748, 2.3032 1.4075 1.5157, 2.3032 1.4075 1.5748, 2.4213 1.4075 1.5157, 2.4213 1.4075 1.5748, 3.0906 1.4075 1.5157, 3.0906 1.4075 1.5748, 3.2087 1.4075 1.5157, 3.2087 1.4075 1.5748, 3.2874 1.4075 1.5157, 3.2874 1.4075 1.5748, 3.4055 1.4075 1.5157, 3.4055 1.4075 1.5748, 3.4843 1.4075 1.5157, 3.4843 1.4075 1.5748, 3.6024 1.4075 1.5157, 3.6024 1.4075 1.5748, 3.7106 1.4075 1.5748, 3.6811 1.4075 1.5748, 2.8937 1.4075 1.5157, 2.8937 1.4075 1.5748, 3.0118 1.4075 1.5157, 3.0118 1.4075 1.5748, 2.6969 1.4075 1.5157, 2.6969 1.4075 1.5748, 2.815 1.4075 1.5157, 2.815 1.4075 1.5748, 2.5 1.4075 1.5157, 2.5 1.4075 1.5748, 2.6181 1.4075 1.5157, 2.6181 1.4075 1.5748, 0.5315 1.4075 1.5157, 0.5315 1.4075 1.5748, 0.6496 1.4075 1.5157, 0.6496 1.4075 1.5748, 0.3347 1.4075 1.5157, 0.3347 1.4075 1.5748, 0.4528 1.4075 1.5157, 0.4528 1.4075 1.5748, 0.1378 1.4075 1.5157, 0.1378 1.4075 1.5748, 0.2559 1.4075 1.5157, 0.2559 1.4075 1.5748, -0.059 1.4075 1.5157, -0.059 1.4075 1.5748, 0.0591 1.4075 1.5157, 0.0591 1.4075 1.5748, -0.2559 1.4075 1.5157, -0.2559 1.4075 1.5748, -0.1378 1.4075 1.5157, -0.1378 1.4075 1.5748, -0.4527 1.4075 1.5157, -0.4527 1.4075 1.5748, -0.3346 1.4075 1.5157, -0.3346 1.4075 1.5748, -0.6496 1.4075 1.5157, -0.6496 1.4075 1.5748, -0.5315 1.4075 1.5157, -0.5315 1.4075 1.5748, -0.8464 1.4075 1.5157, -0.8464 1.4075 1.5748, -0.7283 1.4075 1.5157, -0.7283 1.4075 1.5748, -1.0433 1.4075 1.5157, -1.0433 1.4075 1.5748, -0.9252 1.4075 1.5157, -0.9252 1.4075 1.5748, -1.2401 1.4075 1.5157, -1.2401 1.4075 1.5748, -1.122 1.4075 1.5157, -1.122 1.4075 1.5748, -1.437 1.4075 1.5157, -1.437 1.4075 1.5748, -1.3189 1.4075 1.5157, -1.3189 1.4075 1.5748, -1.6338 1.4075 1.5157, -1.6338 1.4075 1.5748, -1.5157 1.4075 1.5157, -1.5157 1.4075 1.5748, -3.2874 1.4075 1.2008, -3.4055 1.4075 1.2008, -3.0905 1.4075 1.2008, -3.2087 1.4075 1.2008, -3.9665 -1.4075 1.3386, -4.3012 -1.4075 1.3386, 3.9665 -1.4075 1.3386, 4.3012 -1.4075 1.3386, 3.9665 -1.1712 1.5748, 4.3012 -1.1712 1.5748, -4.3012 1.2106 1.5748, -4.3012 -1.1712 1.5748, -3.9665 -1.1712 1.5748, 3.7106 1.2106 1.5748, 3.6811 1.2106 1.5748, 3.4055 1.2106 1.5748, 3.2874 1.2106 1.5748, 3.2087 1.2106 1.5748, 4.3012 1.2106 1.5748, 3.6024 1.2106 1.5748, 3.4843 1.2106 1.5748, -3.6811 1.2106 1.5748, -3.7106 1.2106 1.5748, 3.0118 1.2106 1.5748, 2.8937 1.2106 1.5748, 2.815 1.2106 1.5748, 3.0906 1.2106 1.5748, 2.6181 1.2106 1.5748, 2.5 1.2106 1.5748, 2.4213 1.2106 1.5748, 2.6969 1.2106 1.5748, 2.2244 1.2106 1.5748, 2.1063 1.2106 1.5748, 2.0276 1.2106 1.5748, 2.3032 1.2106 1.5748, 1.8307 1.2106 1.5748, 1.7126 1.2106 1.5748, 1.6339 1.2106 1.5748, 1.9095 1.2106 1.5748, 1.437 1.2106 1.5748, 1.3189 1.2106 1.5748, 1.2402 1.2106 1.5748, 1.5158 1.2106 1.5748, 1.0433 1.2106 1.5748, 0.9252 1.2106 1.5748, 0.8465 1.2106 1.5748, 1.1221 1.2106 1.5748, 0.6496 1.2106 1.5748, 0.5315 1.2106 1.5748, 0.4528 1.2106 1.5748, 0.7284 1.2106 1.5748, 0.2559 1.2106 1.5748, 0.1378 1.2106 1.5748, 0.0591 1.2106 1.5748, 0.3347 1.2106 1.5748, -0.1378 1.2106 1.5748, -0.2559 1.2106 1.5748, -0.3346 1.2106 1.5748, -0.059 1.2106 1.5748, -0.5315 1.2106 1.5748, -0.6496 1.2106 1.5748, -0.7283 1.2106 1.5748, -0.4527 1.2106 1.5748, -0.9252 1.2106 1.5748, -1.0433 1.2106 1.5748, -1.122 1.2106 1.5748, -0.8464 1.2106 1.5748, -1.3189 1.2106 1.5748, -1.437 1.2106 1.5748, -1.5157 1.2106 1.5748, -1.2401 1.2106 1.5748, -1.6338 1.2106 1.5748, -1.7126 1.2106 1.5748, -2.6181 1.2106 1.5748, 4.3012 -1.1712 1.3386, -4.3012 -1.1712 1.3386, 3.7894 -0.3561 -0.1575, 3.8473 -0.3294 -0.1575, 3.9177 -0.3156 -0.1575, 3.8542 -0.3281 -0.1575, 3.9893 -0.3198 -0.1575, 3.9238 -0.316 -0.1575, 4.0577 -0.3417 -0.1575, 3.9943 -0.3214 -0.1575, 4.1184 -0.38 -0.1575, 4.0613 -0.344 -0.1575, 4.1676 -0.4322 -0.1575, 4.1206 -0.3824 -0.1575, 4.2023 -0.495 -0.1575, 4.1688 -0.4342 -0.1575, 4.2202 -0.565 -0.1575, 4.2202 -0.5645 -0.1575, 4.2026 -0.4964 -0.1575, 4.2202 -0.6358 -0.1575, 4.2202 -0.6363 -0.1575, 4.2026 -0.7044 -0.1575, 4.2023 -0.7058 -0.1575, 4.1688 -0.7665 -0.1575, 4.1676 -0.7686 -0.1575, 4.1206 -0.8184 -0.1575, 4.1184 -0.8208 -0.1575, 4.0613 -0.8568 -0.1575, 4.0577 -0.8591 -0.1575, 3.9943 -0.8794 -0.1575, 3.9893 -0.881 -0.1575, 3.9238 -0.8848 -0.1575, 3.9177 -0.8852 -0.1575, 3.8542 -0.8727 -0.1575, 3.8473 -0.8713 -0.1575, 3.7894 -0.8447 -0.1575, 4.0683 -0.76 -0.2362, 4.0244 -0.7877 -0.2362, 3.8251 -0.4266 -0.2362, 3.9749 -0.8036 -0.2362, 3.7894 -0.745 -0.2362, 3.7894 -0.4557 -0.2362, 3.8251 -0.7742 -0.2362, 3.923 -0.8066 -0.2362, 3.872 -0.7966 -0.2362, 4.104 -0.7222 -0.2362, 3.872 -0.4042 -0.2362, 3.923 -0.3942 -0.2362, 4.0244 -0.4131 -0.2362, 4.0683 -0.4408 -0.2362, 4.104 -0.4786 -0.2362, 4.1291 -0.5241 -0.2362, 4.1421 -0.5744 -0.2362, 4.1421 -0.6264 -0.2362, 3.9749 -0.3972 -0.2362, 4.1291 -0.6767 -0.2362, -3.7564 -0.552 -0.1575, -3.775 -0.5069 -0.1575, -3.8048 -0.4681 -0.1575, -3.8435 -0.4384 -0.1575, -3.8886 -0.4197 -0.1575, -3.937 -0.4134 -0.1575, -3.9854 -0.4197 -0.1575, -4.0305 -0.4384 -0.1575, -4.0692 -0.4681 -0.1575, -4.099 -0.5069 -0.1575, -4.1176 -0.552 -0.1575, -4.124 -0.6004 -0.1575, -4.1176 -0.6488 -0.1575, -4.099 -0.6939 -0.1575, -4.0692 -0.7326 -0.1575, -4.0305 -0.7623 -0.1575, -3.9854 -0.781 -0.1575, -3.937 -0.7874 -0.1575, -3.8886 -0.781 -0.1575, -3.8435 -0.7623 -0.1575, -3.8048 -0.7326 -0.1575, -3.775 -0.6939 -0.1575, -3.7564 -0.6488 -0.1575, -3.75 -0.6004 -0.1575, -4.0308 -0.6545 -0.2362, -4.0416 -0.6284 -0.2362, -3.937 -0.6004 -0.2362, -4.0453 -0.6004 -0.2362, -4.0416 -0.5724 -0.2362, -3.965 -0.705 -0.2362, -3.9911 -0.6941 -0.2362, -4.0136 -0.6769 -0.2362, -3.8829 -0.6941 -0.2362, -3.909 -0.705 -0.2362, -3.937 -0.7087 -0.2362, -3.8324 -0.6284 -0.2362, -3.8432 -0.6545 -0.2362, -3.8604 -0.6769 -0.2362, -3.8432 -0.5462 -0.2362, -3.8324 -0.5724 -0.2362, -3.8287 -0.6004 -0.2362, -3.909 -0.4958 -0.2362, -3.8829 -0.5066 -0.2362, -3.8604 -0.5238 -0.2362, -3.9911 -0.5066 -0.2362, -3.965 -0.4958 -0.2362, -3.937 -0.4921 -0.2362, -4.0308 -0.5462 -0.2362, -4.0136 -0.5238 -0.2362, 3.7894 -0.3676 -0.1666, 3.7894 -0.8332 -0.1666, -3.9665 -1.1712 1.3386, 3.9665 -1.1712 1.3386, 4.124 1.2106 1.2598, 4.0256 1.2106 1.2598, 3.9862 1.2106 0.0787, 4.0256 1.2106 0.0787, -3.9862 1.2106 0.0787, -4.124 1.2106 1.2598, -4.0256 1.2106 1.2598, -4.0256 1.2106 0.0787, -3.0905 1.2106 1.2008, -3.0118 1.2106 1.2008, -1.6338 1.2106 1.5157, -3.2874 1.2106 1.2008, -3.2087 1.2106 1.2008, -3.4842 1.2106 1.2008, -3.4055 1.2106 1.2008, -1.5157 1.2106 1.5157, -1.437 1.2106 1.5157, -1.3189 1.2106 1.5157, -1.2401 1.2106 1.5157, -1.122 1.2106 1.5157, -1.0433 1.2106 1.5157, -0.9252 1.2106 1.5157, -0.8464 1.2106 1.5157, -0.7283 1.2106 1.5157, -0.6496 1.2106 1.5157, -0.5315 1.2106 1.5157, -0.4527 1.2106 1.5157, -0.3346 1.2106 1.5157, -0.2559 1.2106 1.5157, -0.1378 1.2106 1.5157, -0.059 1.2106 1.5157, 0.0591 1.2106 1.5157, 0.1378 1.2106 1.5157, 0.2559 1.2106 1.5157, 0.3347 1.2106 1.5157, 0.4528 1.2106 1.5157, 0.5315 1.2106 1.5157, 0.6496 1.2106 1.5157, 0.7284 1.2106 1.5157, 2.4213 1.2106 1.5157, 2.5 1.2106 1.5157, 2.6181 1.2106 1.5157, 2.6969 1.2106 1.5157, 2.815 1.2106 1.5157, 2.8937 1.2106 1.5157, 3.0118 1.2106 1.5157, 3.0906 1.2106 1.5157, 3.6024 1.2106 1.5157, 3.4055 1.2106 1.5157, 3.4843 1.2106 1.5157, 3.2087 1.2106 1.5157, 3.2874 1.2106 1.5157, 2.2244 1.2106 1.5157, 2.3032 1.2106 1.5157, 2.0276 1.2106 1.5157, 2.1063 1.2106 1.5157, 1.8307 1.2106 1.5157, 1.9095 1.2106 1.5157, 1.6339 1.2106 1.5157, 1.7126 1.2106 1.5157, 1.437 1.2106 1.5157, 1.5158 1.2106 1.5157, 1.2402 1.2106 1.5157, 1.3189 1.2106 1.5157, 1.0433 1.2106 1.5157, 1.1221 1.2106 1.5157, 0.8465 1.2106 1.5157, 0.9252 1.2106 1.5157, -2.8937 1.2106 1.2008, -2.815 1.2106 1.2008, -2.6968 1.2106 1.2008, -3.6024 1.2106 1.2008, -4.124 0.4232 1.2598, -4.0256 0.4232 1.2598, -4.0256 0.4232 0.0787, -3.9862 0.4232 0.0787, 3.9862 0.4232 0.0787, 4.0256 0.4232 0.0787, 4.124 0.4232 1.2598, 4.0256 0.4232 1.2598, -1.7913 1.2106 0.1969, -1.7913 1.2106 1.122, -2.5394 1.2106 1.122, -2.5394 1.2106 0.1969, -1.7913 1.2106 1.2008, -1.7913 1.2106 1.5157, -2.5394 1.2106 1.5157, -2.5394 1.2106 1.2008
            ]
        }
        coordIndex [
            0,1,2,-1,3,4,5,-1,6,7,8,-1,9,10,11,-1,5,9,3,-1,3,9,11,-1,3,11,12,-1,12,11,13,-1,12,13,14,-1,14,13,15,-1,16,17,18,-1,19,20,1,-1,21,22,23,-1,24,25,11,-1,8,19,6,-1,6,19,1,-1,6,1,26,-1,26,1,0,-1,26,0,27,-1,27,0,28,-1,18,24,16,-1,16,24,11,-1,16,11,29,-1,29,11,10,-1,29,10,30,-1,30,10,31,-1,32,33,25,-1,25,33,34,-1,25,34,11,-1,11,34,35,-1,11,35,36,-1,36,35,37,-1,36,37,38,-1,38,37,39,-1,38,39,2,-1,2,39,40,-1,2,40,0,-1,41,42,1,-1,43,44,45,-1,23,41,21,-1,21,41,1,-1,21,1,46,-1,46,1,20,-1,46,20,47,-1,47,20,48,-1,49,50,1,-1,51,52,53,-1,54,55,42,-1,42,55,56,-1,42,56,1,-1,1,56,43,-1,1,43,49,-1,49,43,45,-1,57,58,1,-1,59,60,61,-1,62,63,50,-1,50,63,64,-1,50,64,1,-1,1,64,51,-1,1,51,57,-1,57,51,53,-1,65,66,1,-1,67,68,58,-1,58,68,69,-1,58,69,1,-1,1,69,59,-1,1,59,65,-1,65,59,61,-1,70,71,72,-1,73,74,1,-1,72,73,70,-1,70,73,1,-1,70,1,75,-1,75,1,66,-1,75,66,76,-1,76,66,77,-1,78,79,80,-1,81,82,1,-1,80,81,78,-1,78,81,1,-1,78,1,83,-1,83,1,74,-1,83,74,84,-1,84,74,85,-1,86,87,88,-1,89,90,1,-1,88,89,86,-1,86,89,1,-1,86,1,91,-1,91,1,82,-1,91,82,92,-1,92,82,93,-1,94,95,96,-1,97,98,1,-1,96,97,94,-1,94,97,1,-1,94,1,99,-1,99,1,90,-1,99,90,100,-1,100,90,101,-1,102,103,104,-1,105,106,1,-1,104,105,102,-1,102,105,1,-1,102,1,107,-1,107,1,98,-1,107,98,108,-1,108,98,109,-1,110,111,112,-1,113,114,1,-1,112,113,110,-1,110,113,1,-1,110,1,115,-1,115,1,106,-1,115,106,116,-1,116,106,117,-1,118,119,120,-1,121,122,1,-1,120,121,118,-1,118,121,1,-1,118,1,123,-1,123,1,114,-1,123,114,124,-1,124,114,125,-1,126,127,128,-1,129,130,1,-1,128,129,126,-1,126,129,1,-1,126,1,131,-1,131,1,122,-1,131,122,132,-1,132,122,133,-1,134,135,136,-1,136,135,1,-1,136,1,137,-1,137,1,130,-1,137,130,138,-1,138,130,139,-1,140,2,1,-1,141,13,11,-1,11,142,141,-1,141,142,140,-1,141,140,143,-1,143,140,1,-1,144,145,146,-1,147,148,149,-1,150,151,152,-1,153,154,155,-1,156,157,158,-1,159,160,161,-1,161,160,162,-1,161,162,163,-1,162,164,165,-1,163,162,166,-1,166,162,165,-1,166,165,167,-1,168,169,170,-1,171,172,173,-1,170,171,168,-1,168,171,173,-1,168,173,174,-1,174,173,175,-1,174,175,176,-1,176,175,177,-1,178,179,180,-1,181,182,173,-1,180,181,178,-1,178,181,173,-1,178,173,183,-1,183,173,172,-1,183,172,184,-1,184,172,185,-1,186,187,188,-1,189,156,173,-1,188,189,186,-1,186,189,173,-1,186,173,190,-1,190,173,182,-1,190,182,191,-1,191,182,192,-1,167,165,193,-1,193,165,175,-1,193,175,194,-1,194,175,173,-1,194,173,195,-1,195,173,196,-1,195,196,197,-1,198,199,200,-1,159,201,160,-1,160,201,202,-1,160,202,203,-1,200,204,198,-1,198,204,205,-1,198,205,206,-1,203,207,160,-1,160,207,208,-1,160,208,198,-1,198,208,209,-1,198,209,199,-1,210,211,212,-1,213,214,215,-1,215,214,216,-1,212,217,210,-1,210,217,215,-1,210,215,218,-1,218,215,216,-1,218,216,219,-1,220,221,222,-1,223,224,218,-1,222,223,220,-1,220,223,218,-1,220,218,225,-1,225,218,219,-1,225,219,226,-1,226,219,227,-1,228,229,230,-1,230,229,218,-1,230,218,231,-1,231,218,224,-1,231,224,232,-1,232,224,233,-1,234,235,236,-1,145,236,237,-1,237,238,239,-1,240,241,210,-1,242,243,244,-1,245,246,210,-1,244,245,242,-1,242,245,210,-1,242,210,247,-1,247,210,241,-1,247,241,248,-1,248,241,249,-1,250,251,252,-1,253,254,210,-1,252,253,250,-1,250,253,210,-1,250,210,255,-1,255,210,246,-1,255,246,256,-1,256,246,257,-1,258,211,259,-1,259,211,210,-1,259,210,260,-1,260,210,254,-1,260,254,261,-1,261,254,262,-1,263,264,265,-1,266,267,268,-1,269,270,145,-1,236,145,234,-1,234,145,270,-1,234,270,271,-1,272,273,274,-1,274,275,144,-1,268,269,266,-1,266,269,145,-1,266,145,265,-1,265,145,144,-1,265,144,263,-1,263,144,275,-1,263,275,276,-1,277,278,279,-1,280,272,281,-1,281,272,279,-1,281,279,282,-1,282,279,278,-1,282,278,283,-1,283,278,284,-1,158,285,286,-1,156,158,173,-1,173,158,286,-1,173,286,287,-1,287,288,289,-1,290,291,292,-1,293,294,295,-1,296,297,292,-1,295,296,293,-1,293,296,292,-1,293,292,298,-1,298,292,291,-1,298,291,299,-1,299,291,300,-1,301,302,303,-1,304,305,292,-1,303,304,301,-1,301,304,292,-1,301,292,306,-1,306,292,297,-1,306,297,307,-1,307,297,308,-1,309,310,311,-1,312,313,292,-1,311,312,309,-1,309,312,292,-1,309,292,314,-1,314,292,305,-1,314,305,315,-1,315,305,316,-1,317,318,319,-1,319,318,292,-1,319,292,320,-1,320,292,313,-1,320,313,321,-1,321,313,322,-1,151,323,324,-1,325,326,327,-1,328,329,324,-1,327,328,325,-1,325,328,324,-1,325,324,330,-1,330,324,323,-1,330,323,331,-1,331,323,332,-1,333,334,335,-1,335,334,336,-1,155,337,324,-1,338,339,329,-1,329,339,340,-1,329,340,324,-1,324,340,335,-1,324,335,155,-1,155,335,336,-1,155,336,341,-1,342,343,344,-1,345,346,155,-1,344,345,342,-1,342,345,155,-1,342,155,347,-1,347,155,341,-1,347,341,348,-1,348,341,349,-1,350,351,352,-1,352,153,350,-1,350,153,155,-1,350,155,353,-1,353,155,346,-1,353,346,354,-1,354,346,355,-1,356,357,358,-1,359,360,152,-1,361,362,363,-1,364,365,152,-1,363,364,361,-1,361,364,152,-1,361,152,366,-1,366,152,360,-1,366,360,367,-1,367,360,368,-1,369,370,371,-1,372,373,152,-1,371,372,369,-1,369,372,152,-1,369,152,374,-1,374,152,365,-1,374,365,375,-1,375,365,376,-1,377,378,379,-1,380,381,152,-1,379,380,377,-1,377,380,152,-1,377,152,382,-1,382,152,373,-1,382,373,383,-1,383,373,384,-1,385,386,387,-1,387,150,385,-1,385,150,152,-1,385,152,388,-1,388,152,381,-1,388,381,389,-1,389,381,390,-1,391,392,393,-1,393,392,394,-1,393,394,395,-1,396,397,398,-1,398,397,391,-1,398,391,399,-1,399,391,400,-1,358,359,356,-1,356,359,152,-1,356,152,401,-1,401,152,397,-1,401,397,402,-1,402,397,396,-1,402,396,403,-1,403,396,404,-1,405,406,407,-1,408,409,410,-1,411,412,413,-1,414,415,416,-1,410,395,408,-1,408,395,394,-1,408,394,407,-1,407,394,416,-1,407,416,405,-1,405,416,415,-1,405,415,417,-1,418,419,420,-1,420,419,421,-1,422,423,424,-1,424,423,425,-1,424,425,426,-1,426,425,427,-1,428,429,430,-1,431,432,423,-1,430,431,428,-1,428,431,423,-1,428,423,433,-1,433,423,422,-1,433,422,434,-1,434,422,435,-1,436,437,438,-1,439,440,423,-1,438,439,436,-1,436,439,423,-1,436,423,441,-1,441,423,432,-1,441,432,442,-1,442,432,443,-1,413,414,411,-1,411,414,416,-1,411,416,444,-1,444,416,423,-1,444,423,445,-1,445,423,440,-1,445,440,446,-1,446,440,447,-1,448,449,450,-1,451,420,452,-1,452,420,453,-1,452,453,454,-1,454,453,455,-1,456,457,458,-1,459,460,420,-1,458,459,456,-1,456,459,420,-1,456,420,461,-1,461,420,451,-1,461,451,462,-1,462,451,463,-1,464,465,466,-1,467,468,420,-1,466,467,464,-1,464,467,420,-1,464,420,469,-1,469,420,460,-1,469,460,470,-1,470,460,471,-1,472,418,473,-1,473,418,420,-1,473,420,474,-1,474,420,468,-1,474,468,475,-1,475,468,476,-1,449,448,477,-1,478,479,480,-1,480,479,481,-1,392,482,394,-1,394,482,483,-1,394,483,484,-1,478,485,486,-1,486,485,487,-1,486,487,488,-1,488,489,486,-1,486,489,490,-1,486,490,491,-1,492,493,486,-1,486,493,494,-1,495,496,497,-1,497,496,498,-1,494,499,486,-1,486,499,498,-1,486,498,500,-1,500,498,496,-1,491,501,486,-1,486,501,502,-1,486,502,492,-1,503,504,148,-1,148,504,505,-1,147,506,148,-1,148,506,507,-1,148,507,503,-1,508,509,397,-1,397,509,510,-1,397,510,511,-1,511,512,397,-1,397,512,513,-1,397,513,391,-1,391,513,514,-1,391,514,392,-1,505,515,148,-1,148,515,516,-1,148,516,397,-1,397,516,517,-1,397,517,508,-1,518,519,520,-1,520,519,521,-1,292,520,149,-1,149,520,521,-1,149,521,147,-1,272,274,279,-1,279,274,144,-1,279,144,522,-1,522,144,146,-1,522,146,523,-1,210,524,525,-1,526,527,528,-1,528,527,529,-1,528,529,218,-1,218,529,530,-1,210,525,531,-1,531,525,532,-1,531,532,533,-1,530,534,218,-1,218,534,535,-1,218,535,536,-1,537,538,210,-1,210,538,539,-1,210,539,524,-1,533,540,531,-1,531,540,541,-1,531,541,542,-1,543,544,528,-1,544,545,528,-1,528,545,546,-1,528,546,526,-1,536,547,218,-1,218,547,548,-1,218,548,210,-1,210,548,549,-1,210,549,537,-1,481,518,480,-1,480,518,520,-1,480,520,550,-1,151,324,152,-1,152,324,551,-1,152,551,552,-1,552,551,198,-1,552,198,196,-1,196,198,206,-1,196,206,197,-1,397,553,148,-1,148,553,554,-1,148,554,555,-1,556,553,557,-1,557,553,397,-1,557,397,558,-1,558,397,152,-1,558,152,555,-1,555,152,552,-1,555,552,148,-1,148,552,196,-1,148,196,149,-1,149,196,173,-1,149,173,292,-1,292,173,287,-1,292,287,290,-1,290,287,289,-1,559,560,550,-1,550,560,561,-1,550,561,480,-1,480,561,394,-1,480,394,478,-1,478,394,484,-1,478,484,485,-1,561,562,394,-1,394,562,563,-1,394,563,416,-1,416,563,564,-1,564,565,566,-1,567,568,569,-1,569,568,559,-1,569,559,570,-1,571,572,550,-1,550,572,416,-1,550,416,559,-1,559,416,564,-1,559,564,570,-1,570,564,566,-1,523,573,574,-1,574,575,523,-1,523,575,576,-1,523,576,577,-1,423,578,579,-1,572,580,416,-1,416,580,581,-1,416,581,423,-1,423,581,582,-1,423,582,578,-1,579,583,423,-1,423,583,584,-1,423,584,585,-1,577,571,523,-1,523,571,550,-1,523,550,522,-1,522,550,520,-1,522,520,279,-1,279,520,292,-1,279,292,277,-1,277,292,318,-1,277,318,586,-1,585,587,423,-1,423,587,588,-1,423,588,523,-1,523,588,589,-1,523,589,573,-1,590,591,592,-1,592,591,420,-1,592,420,423,-1,423,420,421,-1,423,421,425,-1,239,240,237,-1,237,240,210,-1,237,210,145,-1,145,210,531,-1,145,531,146,-1,146,531,591,-1,146,591,523,-1,523,591,590,-1,523,590,593,-1,594,595,593,-1,593,595,596,-1,593,596,523,-1,523,596,597,-1,523,597,423,-1,423,597,598,-1,423,598,592,-1,599,453,450,-1,450,453,420,-1,450,420,448,-1,448,420,591,-1,448,591,600,-1,600,591,531,-1,600,531,528,-1,528,531,542,-1,528,542,543,-1,477,448,601,-1,601,448,600,-1,601,600,602,-1,602,600,528,-1,602,528,603,-1,603,528,218,-1,603,218,604,-1,604,218,229,-1,604,229,605,-1,606,607,608,-1,608,607,609,-1,610,611,612,-1,612,611,613,-1,614,615,616,-1,616,615,617,-1,618,367,619,-1,619,367,368,-1,620,363,621,-1,621,363,362,-1,622,375,623,-1,623,375,376,-1,624,371,625,-1,625,371,370,-1,626,383,627,-1,627,383,384,-1,628,379,629,-1,629,379,378,-1,630,389,631,-1,631,389,390,-1,632,387,633,-1,633,387,386,-1,634,331,635,-1,635,331,332,-1,636,348,637,-1,637,348,349,-1,638,344,639,-1,639,344,343,-1,640,354,641,-1,641,354,355,-1,642,334,643,-1,643,334,333,-1,644,339,645,-1,645,339,338,-1,646,327,647,-1,647,327,326,-1,648,358,649,-1,649,358,357,-1,650,403,651,-1,651,403,404,-1,652,399,653,-1,653,399,400,-1,654,410,655,-1,655,410,409,-1,417,656,405,-1,405,656,657,-1,405,657,406,-1,658,413,659,-1,659,413,412,-1,660,446,661,-1,661,446,447,-1,662,438,663,-1,663,438,437,-1,664,442,665,-1,665,442,443,-1,666,430,667,-1,667,430,429,-1,668,434,669,-1,669,434,435,-1,670,426,671,-1,671,426,427,-1,672,673,674,-1,674,673,675,-1,676,677,678,-1,678,677,679,-1,679,680,678,-1,678,680,681,-1,682,615,683,-1,683,615,614,-1,427,425,671,-1,671,425,684,-1,675,685,674,-1,674,685,686,-1,687,677,688,-1,688,677,676,-1,609,689,608,-1,608,689,690,-1,691,673,692,-1,692,673,672,-1,424,426,693,-1,693,426,670,-1,435,422,669,-1,669,422,694,-1,433,434,695,-1,695,434,668,-1,429,428,667,-1,667,428,696,-1,431,430,697,-1,697,430,666,-1,443,432,665,-1,665,432,698,-1,441,442,699,-1,699,442,664,-1,437,436,663,-1,663,436,700,-1,439,438,701,-1,701,438,662,-1,447,440,661,-1,661,440,702,-1,445,446,703,-1,703,446,660,-1,412,411,659,-1,659,411,704,-1,414,413,705,-1,705,413,658,-1,417,415,656,-1,656,415,706,-1,407,406,707,-1,707,406,657,-1,409,408,655,-1,655,408,708,-1,395,410,709,-1,709,410,654,-1,400,391,653,-1,653,391,710,-1,398,399,711,-1,711,399,652,-1,404,396,651,-1,651,396,712,-1,402,403,713,-1,713,403,650,-1,357,356,649,-1,649,356,714,-1,359,358,715,-1,715,358,648,-1,368,360,619,-1,619,360,716,-1,330,331,717,-1,717,331,634,-1,326,325,647,-1,647,325,718,-1,328,327,719,-1,719,327,646,-1,338,329,645,-1,645,329,720,-1,340,339,721,-1,721,339,644,-1,333,335,643,-1,643,335,722,-1,336,334,723,-1,723,334,642,-1,349,341,637,-1,637,341,724,-1,353,354,725,-1,725,354,640,-1,345,344,726,-1,726,344,638,-1,355,346,641,-1,641,346,727,-1,347,348,728,-1,728,348,636,-1,343,342,639,-1,639,342,729,-1,150,387,730,-1,730,387,632,-1,332,323,635,-1,635,323,731,-1,388,389,732,-1,732,389,630,-1,386,385,633,-1,633,385,733,-1,380,379,734,-1,734,379,628,-1,390,381,631,-1,631,381,735,-1,382,383,736,-1,736,383,626,-1,378,377,629,-1,629,377,737,-1,372,371,738,-1,738,371,624,-1,384,373,627,-1,627,373,739,-1,374,375,740,-1,740,375,622,-1,370,369,625,-1,625,369,741,-1,364,363,742,-1,742,363,620,-1,376,365,623,-1,623,365,743,-1,366,367,744,-1,744,367,618,-1,362,361,621,-1,621,361,745,-1,617,746,616,-1,616,746,747,-1,748,611,749,-1,749,611,610,-1,613,750,612,-1,612,750,751,-1,752,607,753,-1,753,607,606,-1,754,755,756,-1,756,755,757,-1,758,759,760,-1,760,759,761,-1,762,462,763,-1,763,462,463,-1,455,764,454,-1,454,764,765,-1,766,475,767,-1,767,475,476,-1,768,769,770,-1,770,769,771,-1,772,773,419,-1,419,418,772,-1,772,418,472,-1,772,472,771,-1,771,472,774,-1,771,774,770,-1,773,769,419,-1,419,769,768,-1,419,768,775,-1,775,768,776,-1,775,776,774,-1,774,776,777,-1,774,777,770,-1,778,466,779,-1,779,466,465,-1,780,781,782,-1,782,781,783,-1,784,785,786,-1,786,785,787,-1,788,789,790,-1,790,789,791,-1,792,793,794,-1,794,793,795,-1,796,797,798,-1,798,797,799,-1,800,801,802,-1,802,801,803,-1,804,805,806,-1,806,805,807,-1,808,809,810,-1,810,809,811,-1,812,813,814,-1,814,813,815,-1,816,817,818,-1,818,817,819,-1,820,821,822,-1,822,821,823,-1,824,825,826,-1,826,825,827,-1,828,352,829,-1,829,352,351,-1,830,831,832,-1,832,831,833,-1,834,835,836,-1,836,835,837,-1,838,839,840,-1,840,839,841,-1,842,843,844,-1,844,843,845,-1,846,847,848,-1,848,847,849,-1,850,851,852,-1,852,851,853,-1,854,855,856,-1,856,855,857,-1,858,859,860,-1,860,859,861,-1,862,863,864,-1,864,863,865,-1,866,867,868,-1,868,867,869,-1,870,871,872,-1,872,871,873,-1,874,875,876,-1,876,875,877,-1,878,879,880,-1,880,879,881,-1,882,883,884,-1,884,883,885,-1,886,887,888,-1,888,887,889,-1,890,458,891,-1,891,458,457,-1,892,470,893,-1,893,470,471,-1,221,30,222,-1,222,30,31,-1,4,232,5,-1,5,232,233,-1,15,894,895,-1,228,14,229,-1,229,14,15,-1,229,15,605,-1,605,15,895,-1,316,92,315,-1,315,92,93,-1,79,311,80,-1,80,311,310,-1,302,88,303,-1,303,88,87,-1,308,100,307,-1,307,100,101,-1,294,96,295,-1,295,96,95,-1,300,108,299,-1,299,108,109,-1,288,104,289,-1,289,104,103,-1,157,116,158,-1,158,116,117,-1,158,117,285,-1,187,112,188,-1,188,112,111,-1,258,39,211,-1,211,39,37,-1,211,37,212,-1,32,214,33,-1,33,214,213,-1,134,164,135,-1,135,164,162,-1,135,162,896,-1,896,162,897,-1,139,176,138,-1,138,176,177,-1,127,170,128,-1,128,170,169,-1,133,184,132,-1,132,184,185,-1,119,180,120,-1,120,180,179,-1,125,191,124,-1,124,191,192,-1,85,321,84,-1,84,321,322,-1,317,72,318,-1,318,72,71,-1,318,71,586,-1,77,283,76,-1,76,283,284,-1,280,61,272,-1,272,61,60,-1,272,60,273,-1,276,68,263,-1,263,68,67,-1,263,67,264,-1,52,268,53,-1,53,268,267,-1,271,63,234,-1,234,63,62,-1,234,62,235,-1,44,239,45,-1,45,239,238,-1,54,248,55,-1,55,248,249,-1,22,244,23,-1,23,244,243,-1,48,256,47,-1,47,256,257,-1,7,252,8,-1,8,252,251,-1,28,261,27,-1,27,261,262,-1,17,226,18,-1,18,226,227,-1,143,898,899,-1,900,901,141,-1,141,901,902,-1,828,829,903,-1,903,829,904,-1,905,823,821,-1,906,907,141,-1,899,908,143,-1,143,908,903,-1,143,903,141,-1,141,903,904,-1,141,904,909,-1,821,906,905,-1,905,906,141,-1,905,141,910,-1,910,141,909,-1,910,909,825,-1,825,909,827,-1,765,764,911,-1,911,764,912,-1,913,833,831,-1,914,915,141,-1,831,914,913,-1,913,914,141,-1,913,141,916,-1,916,141,907,-1,916,907,817,-1,817,907,819,-1,917,841,839,-1,918,919,141,-1,839,918,917,-1,917,918,141,-1,917,141,920,-1,920,141,915,-1,920,915,835,-1,835,915,837,-1,921,811,809,-1,922,923,141,-1,809,922,921,-1,921,922,141,-1,921,141,924,-1,924,141,919,-1,924,919,813,-1,813,919,815,-1,925,803,801,-1,926,927,141,-1,801,926,925,-1,925,926,141,-1,925,141,928,-1,928,141,923,-1,928,923,805,-1,805,923,807,-1,929,795,793,-1,930,931,141,-1,793,930,929,-1,929,930,141,-1,929,141,932,-1,932,141,927,-1,932,927,797,-1,797,927,799,-1,933,787,785,-1,934,935,141,-1,785,934,933,-1,933,934,141,-1,933,141,936,-1,936,141,931,-1,936,931,789,-1,789,931,791,-1,937,845,843,-1,938,939,141,-1,843,938,937,-1,937,938,141,-1,937,141,940,-1,940,141,935,-1,940,935,781,-1,781,935,783,-1,941,853,851,-1,942,943,141,-1,851,942,941,-1,941,942,141,-1,941,141,944,-1,944,141,939,-1,944,939,847,-1,847,939,849,-1,945,861,859,-1,946,947,141,-1,859,946,945,-1,945,946,141,-1,945,141,948,-1,948,141,943,-1,948,943,855,-1,855,943,857,-1,949,869,867,-1,950,951,141,-1,867,950,949,-1,949,950,141,-1,949,141,952,-1,952,141,947,-1,952,947,863,-1,863,947,865,-1,953,877,875,-1,954,955,141,-1,875,954,953,-1,953,954,141,-1,953,141,956,-1,956,141,951,-1,956,951,871,-1,871,951,873,-1,957,885,883,-1,958,959,141,-1,883,958,957,-1,957,958,141,-1,957,141,960,-1,960,141,955,-1,960,955,879,-1,879,955,881,-1,689,609,607,-1,889,887,959,-1,959,887,961,-1,959,961,141,-1,141,961,962,-1,775,774,962,-1,962,774,963,-1,962,963,141,-1,141,963,750,-1,752,911,141,-1,141,911,912,-1,141,912,900,-1,613,611,750,-1,750,611,748,-1,750,748,141,-1,141,748,746,-1,617,615,746,-1,746,615,682,-1,746,682,141,-1,141,682,680,-1,679,677,680,-1,680,677,687,-1,680,687,141,-1,141,687,685,-1,607,752,689,-1,689,752,141,-1,689,141,691,-1,691,141,685,-1,691,685,673,-1,673,685,675,-1,759,908,761,-1,761,908,899,-1,761,899,964,-1,897,162,964,-1,964,162,160,-1,964,160,198,-1,337,761,324,-1,324,761,964,-1,324,964,551,-1,551,964,198,-1,901,900,757,-1,755,477,601,-1,757,755,901,-1,901,755,601,-1,901,601,965,-1,965,601,602,-1,605,895,604,-1,604,895,965,-1,604,965,603,-1,603,965,602,-1,966,195,967,-1,967,195,197,-1,206,968,197,-1,197,968,969,-1,197,969,967,-1,205,970,206,-1,206,970,971,-1,206,971,968,-1,204,972,205,-1,205,972,973,-1,205,973,970,-1,200,974,204,-1,204,974,975,-1,204,975,972,-1,199,976,200,-1,200,976,977,-1,200,977,974,-1,209,978,199,-1,199,978,979,-1,199,979,976,-1,980,981,209,-1,209,981,982,-1,209,982,978,-1,209,208,980,-1,980,208,207,-1,980,207,983,-1,983,207,984,-1,984,207,203,-1,984,203,985,-1,985,203,986,-1,986,203,202,-1,986,202,987,-1,987,202,988,-1,988,202,201,-1,988,201,989,-1,989,201,990,-1,990,201,159,-1,990,159,991,-1,991,159,161,-1,991,161,992,-1,992,161,163,-1,992,163,993,-1,993,163,994,-1,994,163,166,-1,994,166,995,-1,995,166,996,-1,996,166,167,-1,996,167,997,-1,997,167,998,-1,998,167,193,-1,998,193,999,-1,1000,1001,1002,-1,1002,1001,1003,-1,1004,1005,1006,-1,1006,1005,1002,-1,1003,1007,1002,-1,1002,1007,1008,-1,1002,1008,1006,-1,1000,1002,1009,-1,1009,1002,1010,-1,1009,1010,1011,-1,1012,1013,1014,-1,1014,1015,1012,-1,1012,1015,1016,-1,1012,1016,1017,-1,1011,1018,1009,-1,1009,1018,1012,-1,1009,1012,1019,-1,1019,1012,1017,-1,525,1020,532,-1,532,1020,1021,-1,532,1021,533,-1,533,1021,1022,-1,533,1022,540,-1,540,1022,1023,-1,540,1023,541,-1,541,1023,1024,-1,541,1024,542,-1,542,1024,1025,-1,542,1025,543,-1,543,1025,1026,-1,543,1026,544,-1,544,1026,1027,-1,544,1027,545,-1,545,1027,1028,-1,545,1028,546,-1,546,1028,1029,-1,546,1029,526,-1,526,1029,1030,-1,526,1030,527,-1,527,1030,1031,-1,527,1031,529,-1,529,1031,1032,-1,529,1032,530,-1,530,1032,1033,-1,530,1033,534,-1,534,1033,1034,-1,534,1034,535,-1,535,1034,1035,-1,535,1035,536,-1,536,1035,1036,-1,536,1036,547,-1,547,1036,1037,-1,547,1037,548,-1,548,1037,1038,-1,548,1038,549,-1,549,1038,1039,-1,549,1039,537,-1,537,1039,1040,-1,537,1040,538,-1,538,1040,1041,-1,538,1041,539,-1,539,1041,1042,-1,539,1042,524,-1,524,1042,1043,-1,524,1043,525,-1,525,1043,1020,-1,1044,1045,1046,-1,1046,1045,1047,-1,1046,1047,1048,-1,1049,1050,1046,-1,1046,1050,1051,-1,1046,1051,1044,-1,1052,1053,1046,-1,1046,1053,1054,-1,1046,1054,1049,-1,1055,1056,1046,-1,1046,1056,1057,-1,1046,1057,1052,-1,1058,1059,1046,-1,1046,1059,1060,-1,1046,1060,1055,-1,1061,1062,1046,-1,1046,1062,1063,-1,1046,1063,1058,-1,1064,1065,1046,-1,1046,1065,1066,-1,1046,1066,1061,-1,1048,1067,1046,-1,1046,1067,1068,-1,1046,1068,1064,-1,1043,1059,1020,-1,1020,1059,1058,-1,1020,1058,1021,-1,1021,1058,1063,-1,1021,1063,1022,-1,1022,1063,1062,-1,1022,1062,1023,-1,1023,1062,1061,-1,1023,1061,1024,-1,1024,1061,1066,-1,1024,1066,1025,-1,1025,1066,1065,-1,1025,1065,1026,-1,1026,1065,1064,-1,1026,1064,1027,-1,1027,1064,1068,-1,1027,1068,1028,-1,1028,1068,1067,-1,1028,1067,1029,-1,1029,1067,1048,-1,1029,1048,1030,-1,1030,1048,1047,-1,1030,1047,1031,-1,1031,1047,1045,-1,1031,1045,1032,-1,1032,1045,1044,-1,1032,1044,1033,-1,1033,1044,1051,-1,1033,1051,1034,-1,1034,1051,1050,-1,1034,1050,1035,-1,1035,1050,1049,-1,1035,1049,1036,-1,1036,1049,1054,-1,1036,1054,1037,-1,1037,1054,1053,-1,1037,1053,1038,-1,1038,1053,1052,-1,1038,1052,1039,-1,1039,1052,1057,-1,1039,1057,1040,-1,1040,1057,1056,-1,1040,1056,1041,-1,1041,1056,1055,-1,1041,1055,1042,-1,1042,1055,1060,-1,1042,1060,1043,-1,1043,1060,1059,-1,1069,1002,1005,-1,1069,966,967,-1,1070,1006,1008,-1,1006,1070,1004,-1,1002,1069,1010,-1,1069,967,1010,-1,1010,967,969,-1,1010,969,1011,-1,969,968,1011,-1,1011,968,971,-1,1011,971,1018,-1,971,970,1018,-1,1018,970,973,-1,1018,973,1012,-1,973,972,1012,-1,1012,972,975,-1,1012,975,1013,-1,975,974,1013,-1,1013,974,977,-1,1013,977,1014,-1,977,976,1014,-1,1014,976,979,-1,1014,979,1015,-1,979,978,1015,-1,1015,978,982,-1,1015,982,1016,-1,1016,982,981,-1,1016,981,1017,-1,1017,981,980,-1,1017,980,983,-1,983,984,1017,-1,1017,984,985,-1,1017,985,1019,-1,985,986,1019,-1,1019,986,987,-1,1019,987,1009,-1,987,988,1009,-1,1009,988,989,-1,1009,989,1000,-1,989,990,1000,-1,1000,990,991,-1,1000,991,1001,-1,991,992,1001,-1,1001,992,993,-1,1001,993,1003,-1,993,994,1003,-1,1003,994,995,-1,1003,995,1007,-1,999,1070,998,-1,998,1070,1008,-1,998,1008,997,-1,997,1008,1007,-1,997,1007,996,-1,996,1007,995,-1,894,15,1071,-1,1071,15,13,-1,1071,13,902,-1,902,13,141,-1,898,143,1072,-1,1072,143,1,-1,1072,1,896,-1,896,1,135,-1,899,898,964,-1,964,898,1072,-1,964,1072,897,-1,897,1072,896,-1,895,894,965,-1,965,894,1071,-1,965,1071,901,-1,901,1071,902,-1,759,758,908,-1,908,758,1073,-1,908,1073,903,-1,903,1073,1074,-1,154,153,1075,-1,1075,153,903,-1,1075,903,1076,-1,1076,903,1074,-1,903,153,828,-1,828,153,352,-1,764,455,912,-1,912,455,453,-1,912,453,1077,-1,1077,453,599,-1,756,757,1078,-1,1078,757,900,-1,1078,900,1079,-1,1079,900,912,-1,1079,912,1080,-1,1080,912,1077,-1,17,16,226,-1,226,16,225,-1,16,29,225,-1,225,29,220,-1,29,30,220,-1,220,30,221,-1,32,25,214,-1,214,25,216,-1,25,24,216,-1,216,24,219,-1,24,18,219,-1,219,18,227,-1,28,0,261,-1,261,0,260,-1,0,40,260,-1,260,40,259,-1,40,39,259,-1,259,39,258,-1,7,6,252,-1,252,6,253,-1,6,26,253,-1,253,26,254,-1,26,27,254,-1,254,27,262,-1,48,20,256,-1,256,20,255,-1,20,19,255,-1,255,19,250,-1,19,8,250,-1,250,8,251,-1,22,21,244,-1,244,21,245,-1,21,46,245,-1,245,46,246,-1,46,47,246,-1,246,47,257,-1,54,42,248,-1,248,42,247,-1,42,41,247,-1,247,41,242,-1,41,23,242,-1,242,23,243,-1,44,43,239,-1,239,43,240,-1,43,56,240,-1,240,56,241,-1,56,55,241,-1,241,55,249,-1,62,50,235,-1,235,50,236,-1,50,49,236,-1,236,49,237,-1,49,45,237,-1,237,45,238,-1,52,51,268,-1,268,51,269,-1,51,64,269,-1,269,64,270,-1,64,63,270,-1,270,63,271,-1,67,58,264,-1,264,58,265,-1,58,57,265,-1,265,57,266,-1,57,53,266,-1,266,53,267,-1,60,59,273,-1,273,59,274,-1,59,69,274,-1,274,69,275,-1,69,68,275,-1,275,68,276,-1,77,66,283,-1,283,66,282,-1,66,65,282,-1,282,65,281,-1,65,61,281,-1,281,61,280,-1,71,70,586,-1,586,70,277,-1,70,75,277,-1,277,75,278,-1,75,76,278,-1,278,76,284,-1,85,74,321,-1,321,74,320,-1,74,73,320,-1,320,73,319,-1,73,72,319,-1,319,72,317,-1,79,78,311,-1,311,78,312,-1,78,83,312,-1,312,83,313,-1,83,84,313,-1,313,84,322,-1,125,114,191,-1,191,114,190,-1,114,113,190,-1,190,113,186,-1,113,112,186,-1,186,112,187,-1,119,118,180,-1,180,118,181,-1,118,123,181,-1,181,123,182,-1,123,124,182,-1,182,124,192,-1,133,122,184,-1,184,122,183,-1,122,121,183,-1,183,121,178,-1,121,120,178,-1,178,120,179,-1,127,126,170,-1,170,126,171,-1,126,131,171,-1,171,131,172,-1,131,132,172,-1,172,132,185,-1,139,130,176,-1,176,130,174,-1,130,129,174,-1,174,129,168,-1,129,128,168,-1,168,128,169,-1,134,136,164,-1,164,136,165,-1,136,137,165,-1,165,137,175,-1,137,138,175,-1,175,138,177,-1,37,35,212,-1,212,35,217,-1,35,34,217,-1,217,34,215,-1,34,33,215,-1,215,33,213,-1,111,110,188,-1,188,110,189,-1,110,115,189,-1,189,115,156,-1,115,116,156,-1,156,116,157,-1,117,106,285,-1,285,106,286,-1,106,105,286,-1,286,105,287,-1,105,104,287,-1,287,104,288,-1,103,102,289,-1,289,102,290,-1,102,107,290,-1,290,107,291,-1,107,108,291,-1,291,108,300,-1,109,98,299,-1,299,98,298,-1,98,97,298,-1,298,97,293,-1,97,96,293,-1,293,96,294,-1,95,94,295,-1,295,94,296,-1,94,99,296,-1,296,99,297,-1,99,100,297,-1,297,100,308,-1,101,90,307,-1,307,90,306,-1,90,89,306,-1,306,89,301,-1,89,88,301,-1,301,88,302,-1,87,86,303,-1,303,86,304,-1,86,91,304,-1,304,91,305,-1,91,92,305,-1,305,92,316,-1,93,82,315,-1,315,82,314,-1,82,81,314,-1,314,81,309,-1,81,80,309,-1,309,80,310,-1,12,14,230,-1,230,14,228,-1,4,3,232,-1,232,3,231,-1,3,12,231,-1,231,12,230,-1,31,10,222,-1,222,10,223,-1,10,9,223,-1,223,9,224,-1,9,5,224,-1,224,5,233,-1,469,470,1081,-1,1081,470,892,-1,465,464,779,-1,779,464,1082,-1,419,775,421,-1,421,775,962,-1,961,887,1083,-1,1083,887,886,-1,459,458,1084,-1,1084,458,890,-1,471,460,893,-1,893,460,1085,-1,461,462,1086,-1,1086,462,762,-1,457,456,891,-1,891,456,1087,-1,889,959,888,-1,888,959,1088,-1,958,883,1089,-1,1089,883,882,-1,885,957,884,-1,884,957,1090,-1,960,879,1091,-1,1091,879,878,-1,881,955,880,-1,880,955,1092,-1,954,875,1093,-1,1093,875,874,-1,877,953,876,-1,876,953,1094,-1,956,871,1095,-1,1095,871,870,-1,873,951,872,-1,872,951,1096,-1,950,867,1097,-1,1097,867,866,-1,869,949,868,-1,868,949,1098,-1,952,863,1099,-1,1099,863,862,-1,865,947,864,-1,864,947,1100,-1,946,859,1101,-1,1101,859,858,-1,861,945,860,-1,860,945,1102,-1,948,855,1103,-1,1103,855,854,-1,857,943,856,-1,856,943,1104,-1,942,851,1105,-1,1105,851,850,-1,853,941,852,-1,852,941,1106,-1,944,847,1107,-1,1107,847,846,-1,849,939,848,-1,848,939,1108,-1,938,843,1109,-1,1109,843,842,-1,845,937,844,-1,844,937,1110,-1,940,781,1111,-1,1111,781,780,-1,815,919,814,-1,814,919,1112,-1,918,839,1113,-1,1113,839,838,-1,841,917,840,-1,840,917,1114,-1,920,835,1115,-1,1115,835,834,-1,837,915,836,-1,836,915,1116,-1,914,831,1117,-1,1117,831,830,-1,833,913,832,-1,832,913,1118,-1,916,817,1119,-1,1119,817,816,-1,827,909,826,-1,826,909,1120,-1,350,904,351,-1,351,904,829,-1,823,905,822,-1,822,905,1121,-1,910,825,1122,-1,1122,825,824,-1,819,907,818,-1,818,907,1123,-1,906,821,1124,-1,1124,821,820,-1,811,921,810,-1,810,921,1125,-1,924,813,1126,-1,1126,813,812,-1,807,923,806,-1,806,923,1127,-1,922,809,1128,-1,1128,809,808,-1,803,925,802,-1,802,925,1129,-1,928,805,1130,-1,1130,805,804,-1,799,927,798,-1,798,927,1131,-1,926,801,1132,-1,1132,801,800,-1,795,929,794,-1,794,929,1133,-1,932,797,1134,-1,1134,797,796,-1,791,931,790,-1,790,931,1135,-1,930,793,1136,-1,1136,793,792,-1,787,933,786,-1,786,933,1137,-1,936,789,1138,-1,1138,789,788,-1,783,935,782,-1,782,935,1139,-1,743,365,364,-1,741,369,374,-1,739,373,372,-1,745,361,366,-1,1129,925,928,-1,737,377,382,-1,1134,742,932,-1,932,742,1133,-1,932,1133,929,-1,1127,923,922,-1,735,381,380,-1,1108,939,938,-1,360,359,716,-1,716,359,715,-1,1132,738,926,-1,926,738,741,-1,926,741,740,-1,740,741,374,-1,364,742,743,-1,743,742,1134,-1,743,1134,740,-1,740,1134,1131,-1,740,1131,926,-1,926,1131,927,-1,1125,921,924,-1,733,385,388,-1,366,744,745,-1,745,744,930,-1,745,930,742,-1,742,930,1136,-1,742,1136,1133,-1,1112,919,918,-1,1114,917,920,-1,402,713,401,-1,401,713,714,-1,401,714,356,-1,928,1130,1129,-1,1129,1130,736,-1,1129,736,1132,-1,1132,736,739,-1,1132,739,738,-1,738,739,372,-1,718,325,330,-1,1110,744,1109,-1,1109,744,716,-1,941,944,1106,-1,1106,944,1107,-1,922,1128,1127,-1,1127,1128,734,-1,1127,734,1130,-1,1130,734,737,-1,1130,737,736,-1,736,737,382,-1,1116,915,914,-1,396,398,712,-1,712,398,711,-1,924,1126,1125,-1,1125,1126,732,-1,1125,732,1128,-1,1128,732,735,-1,1128,735,734,-1,734,735,380,-1,731,323,151,-1,943,942,1104,-1,1104,942,1105,-1,918,1113,1112,-1,1112,1113,730,-1,1112,730,1126,-1,1126,730,733,-1,1126,733,732,-1,732,733,388,-1,729,342,347,-1,920,1115,1114,-1,1114,1115,717,-1,1114,717,1113,-1,1113,717,731,-1,1113,731,730,-1,730,731,151,-1,730,151,150,-1,727,904,725,-1,725,904,350,-1,725,350,353,-1,945,948,1102,-1,1102,948,1103,-1,710,391,709,-1,709,391,393,-1,709,393,395,-1,330,717,718,-1,718,717,1115,-1,718,1115,719,-1,719,1115,1116,-1,719,1116,1117,-1,1117,1116,914,-1,346,345,727,-1,727,345,726,-1,727,726,904,-1,904,726,729,-1,904,729,728,-1,728,729,347,-1,937,940,1110,-1,1110,940,1111,-1,1110,1111,744,-1,744,1111,1139,-1,408,407,708,-1,708,407,707,-1,724,1117,728,-1,728,1117,1118,-1,720,329,328,-1,947,946,1100,-1,1100,946,1101,-1,935,934,1139,-1,1139,934,1140,-1,1139,1140,744,-1,744,1140,1137,-1,415,414,706,-1,706,414,705,-1,931,930,1135,-1,1135,930,744,-1,1135,744,1138,-1,1138,744,1137,-1,1138,1137,936,-1,936,1137,933,-1,949,952,1098,-1,1098,952,1099,-1,341,336,724,-1,724,336,723,-1,724,723,1117,-1,1117,723,722,-1,445,703,444,-1,444,703,704,-1,444,704,411,-1,951,950,1096,-1,1096,950,1097,-1,335,340,722,-1,722,340,721,-1,722,721,1117,-1,1117,721,720,-1,1117,720,719,-1,719,720,328,-1,440,439,702,-1,702,439,701,-1,913,916,1118,-1,1118,916,1119,-1,1118,1119,728,-1,728,1119,1123,-1,953,956,1094,-1,1094,956,1095,-1,436,441,700,-1,700,441,699,-1,907,906,1123,-1,1123,906,1124,-1,1123,1124,728,-1,728,1124,1121,-1,955,954,1092,-1,1092,954,1093,-1,909,904,1120,-1,1120,904,728,-1,1120,728,1122,-1,1122,728,1121,-1,1122,1121,910,-1,910,1121,905,-1,432,431,698,-1,698,431,697,-1,957,960,1090,-1,1090,960,1091,-1,959,958,1088,-1,1088,958,1089,-1,962,961,1083,-1,938,1109,1108,-1,1108,1109,716,-1,1108,716,1107,-1,1107,716,715,-1,1107,715,1106,-1,1106,715,714,-1,1106,714,1105,-1,1105,714,713,-1,1105,713,1104,-1,1104,713,712,-1,1104,712,1103,-1,1103,712,711,-1,1103,711,1102,-1,1102,711,710,-1,1102,710,1101,-1,1101,710,709,-1,1101,709,1100,-1,1100,709,708,-1,1100,708,1099,-1,1099,708,707,-1,1099,707,1098,-1,1098,707,706,-1,1098,706,1097,-1,1097,706,705,-1,1097,705,1096,-1,1096,705,704,-1,1096,704,1095,-1,1095,704,703,-1,1095,703,1094,-1,1094,703,702,-1,1094,702,1093,-1,1093,702,701,-1,1093,701,1092,-1,1092,701,700,-1,1092,700,1091,-1,1091,700,699,-1,1091,699,1090,-1,1090,699,698,-1,1090,698,1089,-1,1089,698,697,-1,1089,697,1088,-1,1088,697,696,-1,1088,696,1083,-1,428,433,696,-1,696,433,695,-1,696,695,1083,-1,1083,695,694,-1,1083,694,962,-1,425,421,684,-1,684,421,962,-1,684,962,693,-1,693,962,694,-1,693,694,424,-1,424,694,422,-1,934,785,1140,-1,1140,785,784,-1,467,466,1141,-1,1141,466,778,-1,476,468,767,-1,767,468,1142,-1,474,475,1143,-1,1143,475,766,-1,963,774,473,-1,473,774,472,-1,463,451,763,-1,763,451,1144,-1,765,911,454,-1,454,911,452,-1,681,680,682,-1,1085,460,459,-1,1144,451,452,-1,1082,464,469,-1,750,963,751,-1,751,963,1081,-1,1087,456,461,-1,746,748,747,-1,747,748,1084,-1,747,1084,683,-1,1142,963,1143,-1,1143,963,473,-1,1143,473,474,-1,459,1084,1085,-1,1085,1084,748,-1,1085,748,1081,-1,1081,748,749,-1,1081,749,751,-1,911,752,753,-1,686,685,687,-1,468,467,1142,-1,1142,467,1141,-1,1142,1141,963,-1,963,1141,1082,-1,963,1082,1081,-1,1081,1082,469,-1,682,683,681,-1,681,683,1084,-1,681,1084,688,-1,688,1084,1087,-1,688,1087,1086,-1,1086,1087,461,-1,452,911,1144,-1,1144,911,753,-1,1144,753,1086,-1,1086,753,690,-1,689,691,690,-1,690,691,692,-1,690,692,1086,-1,1086,692,686,-1,1086,686,688,-1,688,686,687,-1,1145,1146,754,-1,754,1146,1147,-1,477,755,449,-1,449,755,754,-1,449,754,450,-1,450,754,1147,-1,450,1147,1148,-1,1148,1077,450,-1,450,1077,599,-1,1080,1077,1147,-1,1147,1077,1148,-1,1075,1149,154,-1,154,1149,155,-1,337,155,1150,-1,1150,155,1149,-1,761,337,760,-1,760,337,1150,-1,760,1150,1151,-1,1151,1150,1152,-1,1150,1149,1076,-1,1076,1149,1075,-1,1151,1073,760,-1,760,1073,758,-1,1074,1152,1076,-1,1076,1152,1150,-1,1074,1073,1152,-1,1152,1073,1151,-1,1078,1145,756,-1,756,1145,754,-1,1146,1079,1147,-1,1147,1079,1080,-1,1079,1146,1078,-1,1078,1146,1145,-1,763,1144,762,-1,762,1144,1086,-1,753,606,690,-1,690,606,608,-1,1143,766,1142,-1,1142,766,767,-1,612,751,610,-1,610,751,749,-1,1141,778,1082,-1,1082,778,779,-1,616,747,614,-1,614,747,683,-1,1140,784,1137,-1,1137,784,786,-1,621,745,620,-1,620,745,742,-1,782,1139,780,-1,780,1139,1111,-1,744,618,716,-1,716,618,619,-1,1138,788,1135,-1,1135,788,790,-1,623,743,622,-1,622,743,740,-1,1136,792,1133,-1,1133,792,794,-1,625,741,624,-1,624,741,738,-1,1134,796,1131,-1,1131,796,798,-1,627,739,626,-1,626,739,736,-1,1132,800,1129,-1,1129,800,802,-1,629,737,628,-1,628,737,734,-1,1130,804,1127,-1,1127,804,806,-1,631,735,630,-1,630,735,732,-1,1128,808,1125,-1,1125,808,810,-1,633,733,632,-1,632,733,730,-1,1126,812,1112,-1,1112,812,814,-1,635,731,634,-1,634,731,717,-1,1124,820,1121,-1,1121,820,822,-1,639,729,638,-1,638,729,726,-1,818,1123,816,-1,816,1123,1119,-1,728,636,724,-1,724,636,637,-1,1122,824,1120,-1,1120,824,826,-1,641,727,640,-1,640,727,725,-1,832,1118,830,-1,830,1118,1117,-1,723,642,722,-1,722,642,643,-1,836,1116,834,-1,834,1116,1115,-1,721,644,720,-1,720,644,645,-1,840,1114,838,-1,838,1114,1113,-1,719,646,718,-1,718,646,647,-1,844,1110,842,-1,842,1110,1109,-1,715,648,714,-1,714,648,649,-1,848,1108,846,-1,846,1108,1107,-1,713,650,712,-1,712,650,651,-1,852,1106,850,-1,850,1106,1105,-1,711,652,710,-1,710,652,653,-1,856,1104,854,-1,854,1104,1103,-1,709,654,708,-1,708,654,655,-1,860,1102,858,-1,858,1102,1101,-1,707,657,706,-1,706,657,656,-1,864,1100,862,-1,862,1100,1099,-1,705,658,704,-1,704,658,659,-1,868,1098,866,-1,866,1098,1097,-1,703,660,702,-1,702,660,661,-1,872,1096,870,-1,870,1096,1095,-1,701,662,700,-1,700,662,663,-1,876,1094,874,-1,874,1094,1093,-1,699,664,698,-1,698,664,665,-1,880,1092,878,-1,878,1092,1091,-1,697,666,696,-1,696,666,667,-1,884,1090,882,-1,882,1090,1089,-1,695,668,694,-1,694,668,669,-1,693,670,684,-1,684,670,671,-1,888,1088,886,-1,886,1088,1083,-1,891,1087,890,-1,890,1087,1084,-1,692,672,686,-1,686,672,674,-1,688,676,681,-1,681,676,678,-1,893,1085,892,-1,892,1085,1081,-1,1153,1154,773,-1,773,1154,769,-1,1154,1155,769,-1,769,1155,771,-1,1155,1156,771,-1,771,1156,772,-1,1156,1153,772,-1,772,1153,773,-1,1156,1155,1153,-1,1153,1155,1154,-1,1157,1158,768,-1,768,1158,776,-1,1158,1159,776,-1,776,1159,777,-1,1159,1160,777,-1,777,1160,770,-1,1160,1157,770,-1,770,1157,768,-1,1160,1159,1157,-1,1157,1159,1158,-1,
        ]
    }
}
Shape{
    appearance Appearance {
        material  Material 	{
            diffuseColor 0.0 0.0 0.0
            specularColor 0.0 0.0 0.0
            ambientIntensity 0.0
            transparency 0.0
            shininess 0.5
        }
    }
    geometry IndexedFaceSet {
        ccw TRUE
        solid FALSE
        coord DEF co Coordinate {
            point [
                -0.7362 0.1884 0.0004, -0.8899 -0.2053 0.0004, -0.7362 0.1884 0.0, -0.8899 -0.2053 0.0, -0.8322 -0.2053 0.0004, -0.8322 -0.2053 0.0, -0.7924 -0.0948 0.0004, -0.7924 -0.0948 0.0, -0.6298 -0.0948 0.0004, -0.6298 -0.0948 0.0, -0.5922 -0.2053 0.0004, -0.5922 -0.2053 0.0, -0.5346 -0.2053 0.0004, -0.5346 -0.2053 0.0, -0.6834 0.1884 0.0004, -0.6834 0.1884 0.0, -0.643 -0.0516 0.0004, -0.7747 -0.0516 0.0004, -0.7018 0.1128 0.0004, -0.7056 0.1265 0.0004, -0.7081 0.1404 0.0004, -0.7094 0.1404 0.0004, -0.7119 0.1265 0.0004, -0.7154 0.1128 0.0004, -0.643 -0.0516 0.0, -0.7747 -0.0516 0.0, -0.7018 0.1128 0.0, -0.7056 0.1265 0.0, -0.7081 0.1404 0.0, -0.7094 0.1404 0.0, -0.7119 0.1265 0.0, -0.7154 0.1128 0.0, -0.2959 -0.2053 0.0004, -0.1889 -0.2053 0.0004, -0.2959 -0.2053 0.0, -0.1889 -0.2053 0.0, -0.1889 0.1884 0.0004, -0.1889 0.1884 0.0, -0.3 0.1884 0.0004, -0.3 0.1884 0.0, -0.5058 -0.0035 0.0004, -0.5058 -0.0035 0.0, -0.5029 0.0336 0.0, -0.5029 0.0336 0.0004, -0.4923 0.0724 0.0, -0.4923 0.0724 0.0004, -0.474 0.1062 0.0, -0.474 0.1062 0.0004, -0.4462 0.1371 0.0, -0.4462 0.1371 0.0004, -0.4458 0.1375 0.0, -0.4458 0.1375 0.0004, -0.4029 0.1662 0.0, -0.4029 0.1662 0.0004, -0.3569 0.1824 0.0, -0.3569 0.1824 0.0004, -0.3446 -0.201 0.0, -0.3446 -0.201 0.0004, -0.39 -0.1875 0.0, -0.39 -0.1875 0.0004, -0.4311 -0.1636 0.0, -0.4311 -0.1636 0.0004, -0.4635 -0.1326 0.0, -0.4635 -0.1326 0.0004, -0.4861 -0.0974 0.0, -0.4861 -0.0974 0.0004, -0.5002 -0.0562 0.0, -0.5002 -0.0562 0.0004, -0.4267 0.09 0.0004, -0.4076 0.1103 0.0004, -0.3788 0.1289 0.0004, -0.3464 0.1403 0.0004, -0.2998 0.1452 0.0004, -0.2417 0.1452 0.0004, -0.2417 -0.1621 0.0004, -0.2976 -0.1621 0.0004, -0.3391 -0.1582 0.0004, -0.3722 -0.1478 0.0004, -0.3991 -0.1319 0.0004, -0.4212 -0.1101 0.0004, -0.4378 -0.0829 0.0004, -0.4493 -0.0459 0.0004, -0.4529 -0.0046 0.0004, -0.4496 0.0346 0.0004, -0.4404 0.0657 0.0004, -0.2998 0.1452 0.0, -0.2417 0.1452 0.0, -0.3464 0.1403 0.0, -0.3788 0.1289 0.0, -0.4076 0.1103 0.0, -0.4267 0.09 0.0, -0.4404 0.0657 0.0, -0.4496 0.0346 0.0, -0.4529 -0.0046 0.0, -0.4493 -0.0459 0.0, -0.4378 -0.0829 0.0, -0.4212 -0.1101 0.0, -0.3991 -0.1319 0.0, -0.3722 -0.1478 0.0, -0.3391 -0.1582 0.0, -0.2976 -0.1621 0.0, -0.2417 -0.1621 0.0, -0.1121 -0.1621 0.0004, -0.1121 -0.2053 0.0004, -0.1121 -0.1621 0.0, -0.1121 -0.2053 0.0, 0.0992 -0.2053 0.0004, 0.0992 -0.2053 0.0, 0.0992 0.1884 0.0004, 0.0992 0.1884 0.0, -0.1025 0.1884 0.0004, -0.1025 0.1884 0.0, -0.1025 0.1452 0.0004, -0.1025 0.1452 0.0, 0.0464 0.1452 0.0004, 0.0464 0.1452 0.0, 0.0464 0.0156 0.0004, 0.0464 0.0156 0.0, -0.0929 0.0156 0.0004, -0.0929 0.0156 0.0, -0.0929 -0.0276 0.0004, -0.0929 -0.0276 0.0, 0.0464 -0.0276 0.0004, 0.0464 -0.0276 0.0, 0.0464 -0.1621 0.0004, 0.0464 -0.1621 0.0, 0.176 -0.1416 0.0004, 0.176 -0.1849 0.0004, 0.176 -0.1416 0.0, 0.176 -0.1849 0.0, 0.218 -0.2021 0.0004, 0.2843 -0.2101 0.0004, 0.2843 -0.2101 0.0, 0.2736 -0.2099 0.0, 0.2736 -0.2099 0.0004, 0.2578 -0.2077 0.0, 0.218 -0.2021 0.0, 0.3075 -0.2077 0.0, 0.3329 -0.205 0.0004, 0.3329 -0.205 0.0, 0.371 -0.1919 0.0004, 0.371 -0.1919 0.0, 0.4027 -0.1717 0.0004, 0.4027 -0.1717 0.0, 0.4323 -0.1405 0.0004, 0.4323 -0.1405 0.0, 0.4532 -0.1031 0.0004, 0.4532 -0.1031 0.0, 0.4651 -0.0614 0.0004, 0.4651 -0.0614 0.0, 0.4689 -0.0158 0.0004, 0.4689 -0.0158 0.0, 0.3082 0.19 0.0004, 0.2687 0.1932 0.0004, 0.2981 0.1908 0.0, 0.2687 0.1932 0.0, 0.3082 0.19 0.0, 0.3521 0.1773 0.0, 0.3521 0.1773 0.0004, 0.3895 0.1557 0.0, 0.3895 0.1557 0.0004, 0.425 0.1215 0.0, 0.425 0.1215 0.0004, 0.4481 0.0847 0.0, 0.4481 0.0847 0.0004, 0.4632 0.0401 0.0, 0.4632 0.0401 0.0004, 0.2339 0.1908 0.0, 0.2215 0.19 0.0004, 0.2215 0.19 0.0, 0.176 0.1776 0.0004, 0.176 0.1776 0.0, 0.176 0.1248 0.0004, 0.176 0.1248 0.0, 0.2682 0.15 0.0004, 0.2682 0.15 0.0, 0.2204 0.1438 0.0, 0.2204 0.1438 0.0004, 0.4161 -0.0126 0.0004, 0.4161 -0.0126 0.0, 0.4142 0.018 0.0, 0.4142 0.018 0.0004, 0.4037 0.0602 0.0, 0.4037 0.0602 0.0004, 0.3875 0.0906 0.0, 0.3875 0.0906 0.0004, 0.3637 0.1168 0.0, 0.3637 0.1168 0.0004, 0.3365 0.135 0.0, 0.3365 0.135 0.0004, 0.307 0.1457 0.0, 0.307 0.1457 0.0004, 0.2771 -0.1669 0.0004, 0.2771 -0.1669 0.0, 0.3138 -0.1627 0.0, 0.3138 -0.1627 0.0004, 0.3425 -0.1522 0.0, 0.3425 -0.1522 0.0004, 0.3666 -0.1359 0.0, 0.3666 -0.1359 0.0004, 0.3851 -0.1164 0.0, 0.3851 -0.1164 0.0004, 0.4014 -0.0891 0.0, 0.4014 -0.0891 0.0004, 0.4121 -0.0552 0.0, 0.4121 -0.0552 0.0004, 0.1831 -0.1456 0.0, 0.1831 -0.1456 0.0004, 0.2248 -0.1611 0.0, 0.2248 -0.1611 0.0004, 0.5025 -0.1621 0.0004, 0.5025 -0.2053 0.0004, 0.5025 -0.1621 0.0, 0.5025 -0.2053 0.0, 0.7042 -0.2053 0.0004, 0.7042 -0.2053 0.0, 0.7042 0.1884 0.0004, 0.7042 0.1884 0.0, 0.6513 0.1884 0.0004, 0.6513 0.1884 0.0, 0.6513 -0.1621 0.0004, 0.6513 -0.1621 0.0
            ]
        }
        coordIndex [
            0,1,2,-1,2,1,3,-1,1,4,3,-1,3,4,5,-1,4,6,5,-1,5,6,7,-1,6,8,7,-1,7,8,9,-1,8,10,9,-1,9,10,11,-1,10,12,11,-1,11,12,13,-1,12,14,13,-1,13,14,15,-1,14,0,15,-1,15,0,2,-1,16,8,17,-1,17,8,6,-1,18,14,16,-1,16,14,12,-1,16,12,8,-1,8,12,10,-1,18,19,14,-1,14,19,20,-1,14,20,0,-1,0,20,21,-1,0,21,22,-1,22,23,0,-1,0,23,17,-1,0,17,1,-1,1,17,6,-1,1,6,4,-1,16,17,24,-1,24,17,25,-1,18,16,26,-1,26,16,24,-1,18,26,27,-1,18,27,19,-1,19,27,28,-1,19,28,20,-1,21,20,29,-1,29,20,28,-1,21,29,30,-1,21,30,22,-1,22,30,31,-1,22,31,23,-1,17,23,25,-1,25,23,31,-1,32,33,34,-1,34,33,35,-1,33,36,35,-1,35,36,37,-1,36,38,37,-1,37,38,39,-1,40,41,42,-1,40,42,43,-1,43,42,44,-1,43,44,45,-1,45,44,46,-1,45,46,47,-1,47,46,48,-1,47,48,49,-1,49,48,50,-1,49,50,51,-1,51,50,52,-1,51,52,53,-1,53,52,54,-1,53,54,55,-1,55,54,39,-1,55,39,38,-1,32,34,56,-1,32,56,57,-1,57,56,58,-1,57,58,59,-1,59,58,60,-1,59,60,61,-1,61,60,62,-1,61,62,63,-1,63,62,64,-1,63,64,65,-1,65,64,66,-1,65,66,67,-1,67,66,41,-1,67,41,40,-1,45,47,68,-1,68,47,49,-1,68,49,69,-1,69,49,51,-1,69,51,70,-1,70,51,53,-1,70,53,71,-1,71,53,55,-1,71,55,72,-1,72,55,38,-1,72,38,73,-1,73,38,36,-1,73,36,74,-1,74,36,33,-1,74,33,75,-1,75,33,32,-1,75,32,76,-1,76,32,57,-1,76,57,77,-1,77,57,59,-1,77,59,78,-1,78,59,61,-1,78,61,79,-1,79,61,63,-1,79,63,80,-1,80,63,65,-1,80,65,81,-1,81,65,67,-1,81,67,82,-1,82,67,40,-1,82,40,83,-1,83,40,43,-1,83,43,84,-1,84,43,45,-1,84,45,68,-1,72,73,85,-1,85,73,86,-1,72,85,87,-1,72,87,71,-1,71,87,88,-1,71,88,70,-1,70,88,89,-1,70,89,69,-1,69,89,90,-1,69,90,68,-1,68,90,91,-1,68,91,84,-1,84,91,92,-1,84,92,83,-1,83,92,93,-1,83,93,82,-1,82,93,94,-1,82,94,81,-1,81,94,95,-1,81,95,80,-1,80,95,96,-1,80,96,79,-1,79,96,97,-1,79,97,78,-1,78,97,98,-1,78,98,77,-1,77,98,99,-1,77,99,76,-1,76,99,100,-1,76,100,75,-1,74,75,101,-1,101,75,100,-1,73,74,86,-1,86,74,101,-1,102,103,104,-1,104,103,105,-1,103,106,105,-1,105,106,107,-1,106,108,107,-1,107,108,109,-1,108,110,109,-1,109,110,111,-1,110,112,111,-1,111,112,113,-1,112,114,113,-1,113,114,115,-1,114,116,115,-1,115,116,117,-1,116,118,117,-1,117,118,119,-1,118,120,119,-1,119,120,121,-1,120,122,121,-1,121,122,123,-1,122,124,123,-1,123,124,125,-1,124,102,125,-1,125,102,104,-1,106,103,102,-1,102,124,106,-1,106,124,122,-1,106,122,108,-1,112,110,114,-1,114,110,108,-1,114,108,116,-1,116,108,122,-1,116,122,118,-1,118,122,120,-1,126,127,128,-1,128,127,129,-1,129,127,130,-1,131,132,133,-1,131,133,134,-1,134,133,135,-1,134,135,130,-1,130,135,136,-1,130,136,129,-1,132,131,137,-1,137,131,138,-1,137,138,139,-1,139,138,140,-1,139,140,141,-1,141,140,142,-1,141,142,143,-1,143,142,144,-1,143,144,145,-1,145,144,146,-1,145,146,147,-1,147,146,148,-1,147,148,149,-1,149,148,150,-1,149,150,151,-1,152,153,154,-1,154,153,155,-1,154,156,152,-1,152,156,157,-1,152,157,158,-1,158,157,159,-1,158,159,160,-1,160,159,161,-1,160,161,162,-1,162,161,163,-1,162,163,164,-1,164,163,165,-1,164,165,166,-1,166,165,151,-1,166,151,150,-1,155,153,167,-1,167,153,168,-1,167,168,169,-1,169,168,170,-1,169,170,171,-1,170,172,171,-1,171,172,173,-1,174,175,176,-1,174,176,177,-1,177,176,173,-1,177,173,172,-1,178,179,180,-1,178,180,181,-1,181,180,182,-1,181,182,183,-1,183,182,184,-1,183,184,185,-1,185,184,186,-1,185,186,187,-1,187,186,188,-1,187,188,189,-1,189,188,190,-1,189,190,191,-1,191,190,175,-1,191,175,174,-1,192,193,194,-1,192,194,195,-1,195,194,196,-1,195,196,197,-1,197,196,198,-1,197,198,199,-1,199,198,200,-1,199,200,201,-1,201,200,202,-1,201,202,203,-1,203,202,204,-1,203,204,205,-1,205,204,179,-1,205,179,178,-1,126,128,206,-1,126,206,207,-1,207,206,208,-1,207,208,209,-1,209,208,193,-1,209,193,192,-1,195,131,192,-1,192,131,134,-1,192,134,209,-1,209,134,130,-1,209,130,207,-1,207,130,127,-1,207,127,126,-1,172,170,177,-1,177,170,168,-1,177,168,174,-1,174,168,153,-1,174,153,191,-1,191,153,152,-1,191,152,189,-1,189,152,158,-1,189,158,187,-1,187,158,160,-1,187,160,185,-1,185,160,162,-1,185,162,183,-1,183,162,164,-1,183,164,181,-1,181,164,166,-1,181,166,178,-1,178,166,150,-1,178,150,205,-1,205,150,148,-1,205,148,203,-1,203,148,146,-1,203,146,201,-1,201,146,144,-1,201,144,199,-1,199,144,142,-1,199,142,197,-1,197,142,140,-1,197,140,195,-1,195,140,138,-1,195,138,131,-1,210,211,212,-1,212,211,213,-1,211,214,213,-1,213,214,215,-1,214,216,215,-1,215,216,217,-1,216,218,217,-1,217,218,219,-1,218,220,219,-1,219,220,221,-1,220,210,221,-1,221,210,212,-1,218,216,220,-1,220,216,214,-1,220,214,210,-1,210,214,211,-1,
        ]
    }
}
Shape{
    appearance Appearance {
        material  Material 	{
            diffuseColor 0.5019607843137255 0.5019607843137255 0.5019607843137255
            specularColor 0.25098039215686274 0.25098039215686274 0.25098039215686274
            ambientIntensity 0.502
            transparency 0.0
            shininess 0.5
        }
    }
    geometry IndexedFaceSet {
        ccw TRUE
        solid FALSE
        coord DEF co Coordinate {
            point [
                -0.643 -0.0516 0.0, -0.7747 -0.0516 0.0, -0.7018 0.1128 0.0, -0.7154 0.1128 0.0, -0.7056 0.1265 0.0, -0.7119 0.1265 0.0, -0.7081 0.1404 0.0, -0.7094 0.1404 0.0, -0.2417 0.1452 0.0, -0.2417 -0.1621 0.0, -0.2998 0.1452 0.0, -0.2976 -0.1621 0.0, -0.3391 -0.1582 0.0, -0.4529 -0.0046 0.0, -0.4496 0.0346 0.0, -0.4404 0.0657 0.0, -0.3464 0.1403 0.0, -0.3722 -0.1478 0.0, -0.3991 -0.1319 0.0, -0.4212 -0.1101 0.0, -0.4378 -0.0829 0.0, -0.4493 -0.0459 0.0, -0.4267 0.09 0.0, -0.4076 0.1103 0.0, -0.3788 0.1289 0.0, 3.7894 -0.8447 -0.1575, 3.7894 -0.8447 0.0, 3.7894 -0.8332 -0.1666, 3.7894 -0.8366 0.0, 3.7894 -0.3561 0.0, 3.7894 -0.3561 -0.1575, 3.7894 -0.745 -0.2362, 3.7894 -0.4557 -0.2362, 3.7894 -0.3676 -0.1666, -2.4803 -1.2106 1.3465, -2.4803 -0.8169 1.3465, -2.4803 -1.2106 0.9528, -2.4803 -0.8169 0.9528, -2.0472 -1.2106 1.3465, -2.0472 -1.2106 0.9528, -2.0472 -0.8169 1.3465, -2.0472 -0.8169 0.9528
            ]
        }
        coordIndex [
            0,1,2,-1,2,1,3,-1,2,3,4,-1,4,3,5,-1,4,5,6,-1,6,5,7,-1,8,9,10,-1,10,9,11,-1,10,11,12,-1,13,14,10,-1,10,14,15,-1,10,15,16,-1,12,17,10,-1,10,17,18,-1,10,18,19,-1,19,20,10,-1,10,20,21,-1,10,21,13,-1,22,23,15,-1,15,23,24,-1,15,24,16,-1,25,26,27,-1,27,26,28,-1,28,29,30,-1,31,27,32,-1,32,27,28,-1,32,28,33,-1,33,28,30,-1,34,35,36,-1,36,35,37,-1,38,34,39,-1,39,34,36,-1,40,38,41,-1,41,38,39,-1,38,40,34,-1,34,40,35,-1,
        ]
    }
}