ISO-10303-21;
HEADER;
FILE_DESCRIPTION(('FreeCAD Model'),'2;1');
FILE_NAME('Open CASCADE Shape Model','2025-09-15T16:34:56',(''),(''),
  'Open CASCADE STEP processor 7.8','FreeCAD','Unknown');
FILE_SCHEMA(('AUTOMOTIVE_DESIGN { 1 0 10303 214 1 1 1 1 }'));
ENDSEC;
DATA;
#1 = APPLICATION_PROTOCOL_DEFINITION('international standard',
  'automotive_design',2000,#2);
#2 = APPLICATION_CONTEXT(
  'core data for automotive mechanical design processes');
#3 = SHAPE_DEFINITION_REPRESENTATION(#4,#10);
#4 = PRODUCT_DEFINITION_SHAPE('','',#5);
#5 = PRODUCT_DEFINITION('design','',#6,#9);
#6 = PRODUCT_DEFINITION_FORMATION('','',#7);
#7 = PRODUCT('QFN_standard','QFN_standard','',(#8));
#8 = PRODUCT_CONTEXT('',#2,'mechanical');
#9 = PRODUCT_DEFINITION_CONTEXT('part definition',#2,'design');
#10 = SHAPE_REPRESENTATION('',(#11,#15,#19,#23,#27,#31,#35,#39,#43,#47,
    #51,#55,#59,#63,#67,#71,#75,#79,#83,#87,#91,#95,#99,#103,#107,#111,
    #115,#119,#123,#127,#131,#135,#139,#143,#147,#151,#155,#159,#163,
    #167,#171,#175,#179,#183,#187,#191,#195,#199,#203,#207,#211,#215),
  #219);
#11 = AXIS2_PLACEMENT_3D('',#12,#13,#14);
#12 = CARTESIAN_POINT('',(0.,0.,0.));
#13 = DIRECTION('',(0.,0.,1.));
#14 = DIRECTION('',(1.,0.,-0.));
#15 = AXIS2_PLACEMENT_3D('',#16,#17,#18);
#16 = CARTESIAN_POINT('',(0.,0.,0.));
#17 = DIRECTION('',(0.,0.,1.));
#18 = DIRECTION('',(1.,0.,0.));
#19 = AXIS2_PLACEMENT_3D('',#20,#21,#22);
#20 = CARTESIAN_POINT('',(0.,0.,0.));
#21 = DIRECTION('',(0.,0.,1.));
#22 = DIRECTION('',(1.,0.,0.));
#23 = AXIS2_PLACEMENT_3D('',#24,#25,#26);
#24 = CARTESIAN_POINT('',(0.,0.,0.));
#25 = DIRECTION('',(0.,0.,1.));
#26 = DIRECTION('',(1.,0.,0.));
#27 = AXIS2_PLACEMENT_3D('',#28,#29,#30);
#28 = CARTESIAN_POINT('',(-0.4,0.,0.));
#29 = DIRECTION('',(0.,0.,1.));
#30 = DIRECTION('',(1.,0.,0.));
#31 = AXIS2_PLACEMENT_3D('',#32,#33,#34);
#32 = CARTESIAN_POINT('',(-0.8,0.,0.));
#33 = DIRECTION('',(0.,0.,1.));
#34 = DIRECTION('',(1.,0.,0.));
#35 = AXIS2_PLACEMENT_3D('',#36,#37,#38);
#36 = CARTESIAN_POINT('',(-1.2,0.,0.));
#37 = DIRECTION('',(0.,0.,1.));
#38 = DIRECTION('',(1.,0.,0.));
#39 = AXIS2_PLACEMENT_3D('',#40,#41,#42);
#40 = CARTESIAN_POINT('',(-1.6,0.,0.));
#41 = DIRECTION('',(0.,0.,1.));
#42 = DIRECTION('',(1.,0.,0.));
#43 = AXIS2_PLACEMENT_3D('',#44,#45,#46);
#44 = CARTESIAN_POINT('',(-2.,0.,0.));
#45 = DIRECTION('',(0.,0.,1.));
#46 = DIRECTION('',(1.,0.,0.));
#47 = AXIS2_PLACEMENT_3D('',#48,#49,#50);
#48 = CARTESIAN_POINT('',(-2.4,0.,0.));
#49 = DIRECTION('',(0.,0.,1.));
#50 = DIRECTION('',(1.,0.,0.));
#51 = AXIS2_PLACEMENT_3D('',#52,#53,#54);
#52 = CARTESIAN_POINT('',(-2.8,0.,0.));
#53 = DIRECTION('',(0.,0.,1.));
#54 = DIRECTION('',(1.,0.,0.));
#55 = AXIS2_PLACEMENT_3D('',#56,#57,#58);
#56 = CARTESIAN_POINT('',(-3.2,0.,0.));
#57 = DIRECTION('',(0.,0.,1.));
#58 = DIRECTION('',(1.,0.,0.));
#59 = AXIS2_PLACEMENT_3D('',#60,#61,#62);
#60 = CARTESIAN_POINT('',(-3.6,0.,0.));
#61 = DIRECTION('',(0.,0.,1.));
#62 = DIRECTION('',(1.,0.,0.));
#63 = AXIS2_PLACEMENT_3D('',#64,#65,#66);
#64 = CARTESIAN_POINT('',(-4.,0.,0.));
#65 = DIRECTION('',(0.,0.,1.));
#66 = DIRECTION('',(1.,0.,0.));
#67 = AXIS2_PLACEMENT_3D('',#68,#69,#70);
#68 = CARTESIAN_POINT('',(-4.4,0.,0.));
#69 = DIRECTION('',(0.,0.,1.));
#70 = DIRECTION('',(1.,0.,0.));
#71 = AXIS2_PLACEMENT_3D('',#72,#73,#74);
#72 = CARTESIAN_POINT('',(-0.4,0.,0.));
#73 = DIRECTION('',(0.,0.,1.));
#74 = DIRECTION('',(1.,0.,0.));
#75 = AXIS2_PLACEMENT_3D('',#76,#77,#78);
#76 = CARTESIAN_POINT('',(-0.8,0.,0.));
#77 = DIRECTION('',(0.,0.,1.));
#78 = DIRECTION('',(1.,0.,0.));
#79 = AXIS2_PLACEMENT_3D('',#80,#81,#82);
#80 = CARTESIAN_POINT('',(-1.2,0.,0.));
#81 = DIRECTION('',(0.,0.,1.));
#82 = DIRECTION('',(1.,0.,0.));
#83 = AXIS2_PLACEMENT_3D('',#84,#85,#86);
#84 = CARTESIAN_POINT('',(-1.6,0.,0.));
#85 = DIRECTION('',(0.,0.,1.));
#86 = DIRECTION('',(1.,0.,0.));
#87 = AXIS2_PLACEMENT_3D('',#88,#89,#90);
#88 = CARTESIAN_POINT('',(-2.,0.,0.));
#89 = DIRECTION('',(0.,0.,1.));
#90 = DIRECTION('',(1.,0.,0.));
#91 = AXIS2_PLACEMENT_3D('',#92,#93,#94);
#92 = CARTESIAN_POINT('',(-2.4,0.,0.));
#93 = DIRECTION('',(0.,0.,1.));
#94 = DIRECTION('',(1.,0.,0.));
#95 = AXIS2_PLACEMENT_3D('',#96,#97,#98);
#96 = CARTESIAN_POINT('',(-2.8,0.,0.));
#97 = DIRECTION('',(0.,0.,1.));
#98 = DIRECTION('',(1.,0.,0.));
#99 = AXIS2_PLACEMENT_3D('',#100,#101,#102);
#100 = CARTESIAN_POINT('',(-3.2,0.,0.));
#101 = DIRECTION('',(0.,0.,1.));
#102 = DIRECTION('',(1.,0.,0.));
#103 = AXIS2_PLACEMENT_3D('',#104,#105,#106);
#104 = CARTESIAN_POINT('',(-3.6,0.,0.));
#105 = DIRECTION('',(0.,0.,1.));
#106 = DIRECTION('',(1.,0.,0.));
#107 = AXIS2_PLACEMENT_3D('',#108,#109,#110);
#108 = CARTESIAN_POINT('',(-4.,0.,0.));
#109 = DIRECTION('',(0.,0.,1.));
#110 = DIRECTION('',(1.,0.,0.));
#111 = AXIS2_PLACEMENT_3D('',#112,#113,#114);
#112 = CARTESIAN_POINT('',(-4.4,0.,0.));
#113 = DIRECTION('',(0.,0.,1.));
#114 = DIRECTION('',(1.,0.,0.));
#115 = AXIS2_PLACEMENT_3D('',#116,#117,#118);
#116 = CARTESIAN_POINT('',(0.,0.,0.));
#117 = DIRECTION('',(0.,0.,1.));
#118 = DIRECTION('',(1.,0.,0.));
#119 = AXIS2_PLACEMENT_3D('',#120,#121,#122);
#120 = CARTESIAN_POINT('',(0.,0.,0.));
#121 = DIRECTION('',(0.,0.,1.));
#122 = DIRECTION('',(1.,0.,0.));
#123 = AXIS2_PLACEMENT_3D('',#124,#125,#126);
#124 = CARTESIAN_POINT('',(0.,0.,-0.4));
#125 = DIRECTION('',(0.,0.,1.));
#126 = DIRECTION('',(1.,0.,0.));
#127 = AXIS2_PLACEMENT_3D('',#128,#129,#130);
#128 = CARTESIAN_POINT('',(0.,0.,-0.8));
#129 = DIRECTION('',(0.,0.,1.));
#130 = DIRECTION('',(1.,0.,0.));
#131 = AXIS2_PLACEMENT_3D('',#132,#133,#134);
#132 = CARTESIAN_POINT('',(0.,0.,-1.2));
#133 = DIRECTION('',(0.,0.,1.));
#134 = DIRECTION('',(1.,0.,0.));
#135 = AXIS2_PLACEMENT_3D('',#136,#137,#138);
#136 = CARTESIAN_POINT('',(0.,0.,-1.6));
#137 = DIRECTION('',(0.,0.,1.));
#138 = DIRECTION('',(1.,0.,0.));
#139 = AXIS2_PLACEMENT_3D('',#140,#141,#142);
#140 = CARTESIAN_POINT('',(0.,0.,-2.));
#141 = DIRECTION('',(0.,0.,1.));
#142 = DIRECTION('',(1.,0.,0.));
#143 = AXIS2_PLACEMENT_3D('',#144,#145,#146);
#144 = CARTESIAN_POINT('',(0.,0.,-2.4));
#145 = DIRECTION('',(0.,0.,1.));
#146 = DIRECTION('',(1.,0.,0.));
#147 = AXIS2_PLACEMENT_3D('',#148,#149,#150);
#148 = CARTESIAN_POINT('',(0.,0.,-2.8));
#149 = DIRECTION('',(0.,0.,1.));
#150 = DIRECTION('',(1.,0.,0.));
#151 = AXIS2_PLACEMENT_3D('',#152,#153,#154);
#152 = CARTESIAN_POINT('',(0.,0.,-3.2));
#153 = DIRECTION('',(0.,0.,1.));
#154 = DIRECTION('',(1.,0.,0.));
#155 = AXIS2_PLACEMENT_3D('',#156,#157,#158);
#156 = CARTESIAN_POINT('',(0.,0.,-3.6));
#157 = DIRECTION('',(0.,0.,1.));
#158 = DIRECTION('',(1.,0.,0.));
#159 = AXIS2_PLACEMENT_3D('',#160,#161,#162);
#160 = CARTESIAN_POINT('',(0.,0.,-4.));
#161 = DIRECTION('',(0.,0.,1.));
#162 = DIRECTION('',(1.,0.,0.));
#163 = AXIS2_PLACEMENT_3D('',#164,#165,#166);
#164 = CARTESIAN_POINT('',(0.,0.,-4.4));
#165 = DIRECTION('',(0.,0.,1.));
#166 = DIRECTION('',(1.,0.,0.));
#167 = AXIS2_PLACEMENT_3D('',#168,#169,#170);
#168 = CARTESIAN_POINT('',(0.,0.,-0.4));
#169 = DIRECTION('',(0.,0.,1.));
#170 = DIRECTION('',(1.,0.,0.));
#171 = AXIS2_PLACEMENT_3D('',#172,#173,#174);
#172 = CARTESIAN_POINT('',(0.,0.,-0.8));
#173 = DIRECTION('',(0.,0.,1.));
#174 = DIRECTION('',(1.,0.,0.));
#175 = AXIS2_PLACEMENT_3D('',#176,#177,#178);
#176 = CARTESIAN_POINT('',(0.,0.,-1.2));
#177 = DIRECTION('',(0.,0.,1.));
#178 = DIRECTION('',(1.,0.,0.));
#179 = AXIS2_PLACEMENT_3D('',#180,#181,#182);
#180 = CARTESIAN_POINT('',(0.,0.,-1.6));
#181 = DIRECTION('',(0.,0.,1.));
#182 = DIRECTION('',(1.,0.,0.));
#183 = AXIS2_PLACEMENT_3D('',#184,#185,#186);
#184 = CARTESIAN_POINT('',(0.,0.,-2.));
#185 = DIRECTION('',(0.,0.,1.));
#186 = DIRECTION('',(1.,0.,0.));
#187 = AXIS2_PLACEMENT_3D('',#188,#189,#190);
#188 = CARTESIAN_POINT('',(0.,0.,-2.4));
#189 = DIRECTION('',(0.,0.,1.));
#190 = DIRECTION('',(1.,0.,0.));
#191 = AXIS2_PLACEMENT_3D('',#192,#193,#194);
#192 = CARTESIAN_POINT('',(0.,0.,-2.8));
#193 = DIRECTION('',(0.,0.,1.));
#194 = DIRECTION('',(1.,0.,0.));
#195 = AXIS2_PLACEMENT_3D('',#196,#197,#198);
#196 = CARTESIAN_POINT('',(0.,0.,-3.2));
#197 = DIRECTION('',(0.,0.,1.));
#198 = DIRECTION('',(1.,0.,0.));
#199 = AXIS2_PLACEMENT_3D('',#200,#201,#202);
#200 = CARTESIAN_POINT('',(0.,0.,-3.6));
#201 = DIRECTION('',(0.,0.,1.));
#202 = DIRECTION('',(1.,0.,0.));
#203 = AXIS2_PLACEMENT_3D('',#204,#205,#206);
#204 = CARTESIAN_POINT('',(0.,0.,-4.));
#205 = DIRECTION('',(0.,0.,1.));
#206 = DIRECTION('',(1.,0.,0.));
#207 = AXIS2_PLACEMENT_3D('',#208,#209,#210);
#208 = CARTESIAN_POINT('',(0.,0.,-4.4));
#209 = DIRECTION('',(0.,0.,1.));
#210 = DIRECTION('',(1.,0.,0.));
#211 = AXIS2_PLACEMENT_3D('',#212,#213,#214);
#212 = CARTESIAN_POINT('',(0.,0.,0.));
#213 = DIRECTION('',(0.,0.,1.));
#214 = DIRECTION('',(1.,0.,0.));
#215 = AXIS2_PLACEMENT_3D('',#216,#217,#218);
#216 = CARTESIAN_POINT('',(0.,0.,0.));
#217 = DIRECTION('',(0.,0.,1.));
#218 = DIRECTION('',(1.,0.,0.));
#219 = ( GEOMETRIC_REPRESENTATION_CONTEXT(3) 
GLOBAL_UNCERTAINTY_ASSIGNED_CONTEXT((#223)) GLOBAL_UNIT_ASSIGNED_CONTEXT
((#220,#221,#222)) REPRESENTATION_CONTEXT('Context #1',
  '3D Context with UNIT and UNCERTAINTY') );
#220 = ( LENGTH_UNIT() NAMED_UNIT(*) SI_UNIT(.MILLI.,.METRE.) );
#221 = ( NAMED_UNIT(*) PLANE_ANGLE_UNIT() SI_UNIT($,.RADIAN.) );
#222 = ( NAMED_UNIT(*) SI_UNIT($,.STERADIAN.) SOLID_ANGLE_UNIT() );
#223 = UNCERTAINTY_MEASURE_WITH_UNIT(LENGTH_MEASURE(1.E-06),#220,
  'distance_accuracy_value','confusion accuracy');
#224 = PRODUCT_RELATED_PRODUCT_CATEGORY('part',$,(#7));
#225 = SHAPE_DEFINITION_REPRESENTATION(#226,#232);
#226 = PRODUCT_DEFINITION_SHAPE('','',#227);
#227 = PRODUCT_DEFINITION('design','',#228,#231);
#228 = PRODUCT_DEFINITION_FORMATION('','',#229);
#229 = PRODUCT('Body_Solid1','Body_Solid1','',(#230));
#230 = PRODUCT_CONTEXT('',#2,'mechanical');
#231 = PRODUCT_DEFINITION_CONTEXT('part definition',#2,'design');
#232 = ADVANCED_BREP_SHAPE_REPRESENTATION('',(#11,#233),#6860);
#233 = MANIFOLD_SOLID_BREP('',#234);
#234 = CLOSED_SHELL('',(#235,#659,#2166,#2190,#2215,#2232,#2256,#2281,
    #2298,#2322,#2347,#2364,#2388,#2413,#2430,#2454,#2479,#2496,#2520,
    #2545,#2562,#2586,#2611,#2628,#2652,#2677,#2694,#2718,#2743,#2760,
    #2784,#2809,#2826,#2850,#2875,#2892,#2916,#2941,#2958,#3258,#3293,
    #3586,#3598,#3610,#3622,#3634,#3646,#3658,#3670,#3682,#3694,#3706,
    #3718,#3730,#3754,#3779,#3796,#3820,#3845,#3862,#3886,#3911,#3928,
    #3952,#3977,#3994,#4018,#4043,#4060,#4084,#4109,#4126,#4150,#4175,
    #4192,#4216,#4241,#4258,#4282,#4307,#4324,#4348,#4373,#4390,#4414,
    #4439,#4456,#4480,#4505,#4522,#4810,#4834,#4859,#4876,#4900,#4925,
    #4942,#4966,#4991,#5008,#5032,#5057,#5074,#5098,#5123,#5140,#5164,
    #5189,#5206,#5230,#5255,#5272,#5296,#5321,#5338,#5362,#5387,#5404,
    #5428,#5453,#5470,#5494,#5519,#5536,#5560,#5585,#5602,#5626,#5651,
    #5668,#5692,#5717,#5734,#5758,#5783,#5800,#5824,#5849,#5866,#5890,
    #5915,#5932,#5956,#5981,#5998,#6022,#6047,#6064,#6088,#6113,#6130,
    #6154,#6179,#6196,#6220,#6245,#6262,#6286,#6311,#6328,#6352,#6377,
    #6394,#6406,#6418,#6430,#6442,#6454,#6466,#6478,#6490,#6502,#6514,
    #6526,#6538,#6563,#6575,#6587,#6599,#6611,#6623,#6635,#6647,#6659,
    #6671,#6683,#6695,#6707,#6719,#6731,#6743,#6755,#6767,#6779,#6791,
    #6803,#6815,#6827,#6839,#6851));
#235 = ADVANCED_FACE('',(#236),#654,.T.);
#236 = FACE_BOUND('',#237,.T.);
#237 = EDGE_LOOP('',(#238,#248,#256,#264,#272,#280,#288,#296,#304,#312,
    #320,#328,#336,#344,#352,#360,#368,#376,#384,#392,#400,#408,#416,
    #424,#432,#440,#448,#456,#464,#472,#480,#488,#496,#504,#512,#520,
    #528,#536,#544,#552,#560,#568,#576,#584,#592,#600,#608,#616,#624,
    #632,#640,#648));
#238 = ORIENTED_EDGE('',*,*,#239,.F.);
#239 = EDGE_CURVE('',#240,#242,#244,.T.);
#240 = VERTEX_POINT('',#241);
#241 = CARTESIAN_POINT('',(3.,5.E-02,-3.));
#242 = VERTEX_POINT('',#243);
#243 = CARTESIAN_POINT('',(3.,5.E-02,-2.31));
#244 = LINE('',#245,#246);
#245 = CARTESIAN_POINT('',(3.,5.E-02,-3.));
#246 = VECTOR('',#247,1.);
#247 = DIRECTION('',(0.,2.22044604925E-16,1.));
#248 = ORIENTED_EDGE('',*,*,#249,.T.);
#249 = EDGE_CURVE('',#240,#250,#252,.T.);
#250 = VERTEX_POINT('',#251);
#251 = CARTESIAN_POINT('',(3.,1.,-3.));
#252 = LINE('',#253,#254);
#253 = CARTESIAN_POINT('',(3.,-6.661338147751E-16,-3.));
#254 = VECTOR('',#255,1.);
#255 = DIRECTION('',(0.,1.,-2.22044604925E-16));
#256 = ORIENTED_EDGE('',*,*,#257,.T.);
#257 = EDGE_CURVE('',#250,#258,#260,.T.);
#258 = VERTEX_POINT('',#259);
#259 = CARTESIAN_POINT('',(3.,1.,3.));
#260 = LINE('',#261,#262);
#261 = CARTESIAN_POINT('',(3.,1.,-3.));
#262 = VECTOR('',#263,1.);
#263 = DIRECTION('',(0.,2.22044604925E-16,1.));
#264 = ORIENTED_EDGE('',*,*,#265,.F.);
#265 = EDGE_CURVE('',#266,#258,#268,.T.);
#266 = VERTEX_POINT('',#267);
#267 = CARTESIAN_POINT('',(3.,5.E-02,3.));
#268 = LINE('',#269,#270);
#269 = CARTESIAN_POINT('',(3.,6.661338147751E-16,3.));
#270 = VECTOR('',#271,1.);
#271 = DIRECTION('',(0.,1.,-2.22044604925E-16));
#272 = ORIENTED_EDGE('',*,*,#273,.F.);
#273 = EDGE_CURVE('',#274,#266,#276,.T.);
#274 = VERTEX_POINT('',#275);
#275 = CARTESIAN_POINT('',(3.,5.E-02,2.31));
#276 = LINE('',#277,#278);
#277 = CARTESIAN_POINT('',(3.,5.E-02,-3.));
#278 = VECTOR('',#279,1.);
#279 = DIRECTION('',(0.,2.22044604925E-16,1.));
#280 = ORIENTED_EDGE('',*,*,#281,.T.);
#281 = EDGE_CURVE('',#274,#282,#284,.T.);
#282 = VERTEX_POINT('',#283);
#283 = CARTESIAN_POINT('',(3.,0.2,2.31));
#284 = LINE('',#285,#286);
#285 = CARTESIAN_POINT('',(3.,0.,2.31));
#286 = VECTOR('',#287,1.);
#287 = DIRECTION('',(0.,1.,-2.22044604925E-16));
#288 = ORIENTED_EDGE('',*,*,#289,.T.);
#289 = EDGE_CURVE('',#282,#290,#292,.T.);
#290 = VERTEX_POINT('',#291);
#291 = CARTESIAN_POINT('',(3.,0.2,2.09));
#292 = LINE('',#293,#294);
#293 = CARTESIAN_POINT('',(3.,0.2,2.31));
#294 = VECTOR('',#295,1.);
#295 = DIRECTION('',(0.,-2.22044604925E-16,-1.));
#296 = ORIENTED_EDGE('',*,*,#297,.F.);
#297 = EDGE_CURVE('',#298,#290,#300,.T.);
#298 = VERTEX_POINT('',#299);
#299 = CARTESIAN_POINT('',(3.,5.E-02,2.09));
#300 = LINE('',#301,#302);
#301 = CARTESIAN_POINT('',(3.,0.,2.09));
#302 = VECTOR('',#303,1.);
#303 = DIRECTION('',(0.,1.,-2.22044604925E-16));
#304 = ORIENTED_EDGE('',*,*,#305,.F.);
#305 = EDGE_CURVE('',#306,#298,#308,.T.);
#306 = VERTEX_POINT('',#307);
#307 = CARTESIAN_POINT('',(3.,5.E-02,1.91));
#308 = LINE('',#309,#310);
#309 = CARTESIAN_POINT('',(3.,5.E-02,-3.));
#310 = VECTOR('',#311,1.);
#311 = DIRECTION('',(0.,2.22044604925E-16,1.));
#312 = ORIENTED_EDGE('',*,*,#313,.T.);
#313 = EDGE_CURVE('',#306,#314,#316,.T.);
#314 = VERTEX_POINT('',#315);
#315 = CARTESIAN_POINT('',(3.,0.2,1.91));
#316 = LINE('',#317,#318);
#317 = CARTESIAN_POINT('',(3.,0.,1.91));
#318 = VECTOR('',#319,1.);
#319 = DIRECTION('',(0.,1.,-2.22044604925E-16));
#320 = ORIENTED_EDGE('',*,*,#321,.T.);
#321 = EDGE_CURVE('',#314,#322,#324,.T.);
#322 = VERTEX_POINT('',#323);
#323 = CARTESIAN_POINT('',(3.,0.2,1.69));
#324 = LINE('',#325,#326);
#325 = CARTESIAN_POINT('',(3.,0.2,1.91));
#326 = VECTOR('',#327,1.);
#327 = DIRECTION('',(0.,-2.22044604925E-16,-1.));
#328 = ORIENTED_EDGE('',*,*,#329,.F.);
#329 = EDGE_CURVE('',#330,#322,#332,.T.);
#330 = VERTEX_POINT('',#331);
#331 = CARTESIAN_POINT('',(3.,5.E-02,1.69));
#332 = LINE('',#333,#334);
#333 = CARTESIAN_POINT('',(3.,0.,1.69));
#334 = VECTOR('',#335,1.);
#335 = DIRECTION('',(0.,1.,-2.22044604925E-16));
#336 = ORIENTED_EDGE('',*,*,#337,.F.);
#337 = EDGE_CURVE('',#338,#330,#340,.T.);
#338 = VERTEX_POINT('',#339);
#339 = CARTESIAN_POINT('',(3.,5.E-02,1.51));
#340 = LINE('',#341,#342);
#341 = CARTESIAN_POINT('',(3.,5.E-02,-3.));
#342 = VECTOR('',#343,1.);
#343 = DIRECTION('',(0.,2.22044604925E-16,1.));
#344 = ORIENTED_EDGE('',*,*,#345,.T.);
#345 = EDGE_CURVE('',#338,#346,#348,.T.);
#346 = VERTEX_POINT('',#347);
#347 = CARTESIAN_POINT('',(3.,0.2,1.51));
#348 = LINE('',#349,#350);
#349 = CARTESIAN_POINT('',(3.,0.,1.51));
#350 = VECTOR('',#351,1.);
#351 = DIRECTION('',(0.,1.,-2.22044604925E-16));
#352 = ORIENTED_EDGE('',*,*,#353,.T.);
#353 = EDGE_CURVE('',#346,#354,#356,.T.);
#354 = VERTEX_POINT('',#355);
#355 = CARTESIAN_POINT('',(3.,0.2,1.29));
#356 = LINE('',#357,#358);
#357 = CARTESIAN_POINT('',(3.,0.2,1.51));
#358 = VECTOR('',#359,1.);
#359 = DIRECTION('',(0.,-2.22044604925E-16,-1.));
#360 = ORIENTED_EDGE('',*,*,#361,.F.);
#361 = EDGE_CURVE('',#362,#354,#364,.T.);
#362 = VERTEX_POINT('',#363);
#363 = CARTESIAN_POINT('',(3.,5.E-02,1.29));
#364 = LINE('',#365,#366);
#365 = CARTESIAN_POINT('',(3.,0.,1.29));
#366 = VECTOR('',#367,1.);
#367 = DIRECTION('',(0.,1.,-2.22044604925E-16));
#368 = ORIENTED_EDGE('',*,*,#369,.F.);
#369 = EDGE_CURVE('',#370,#362,#372,.T.);
#370 = VERTEX_POINT('',#371);
#371 = CARTESIAN_POINT('',(3.,5.E-02,1.11));
#372 = LINE('',#373,#374);
#373 = CARTESIAN_POINT('',(3.,5.E-02,-3.));
#374 = VECTOR('',#375,1.);
#375 = DIRECTION('',(0.,2.22044604925E-16,1.));
#376 = ORIENTED_EDGE('',*,*,#377,.T.);
#377 = EDGE_CURVE('',#370,#378,#380,.T.);
#378 = VERTEX_POINT('',#379);
#379 = CARTESIAN_POINT('',(3.,0.2,1.11));
#380 = LINE('',#381,#382);
#381 = CARTESIAN_POINT('',(3.,0.,1.11));
#382 = VECTOR('',#383,1.);
#383 = DIRECTION('',(0.,1.,-2.22044604925E-16));
#384 = ORIENTED_EDGE('',*,*,#385,.T.);
#385 = EDGE_CURVE('',#378,#386,#388,.T.);
#386 = VERTEX_POINT('',#387);
#387 = CARTESIAN_POINT('',(3.,0.2,0.89));
#388 = LINE('',#389,#390);
#389 = CARTESIAN_POINT('',(3.,0.2,1.11));
#390 = VECTOR('',#391,1.);
#391 = DIRECTION('',(0.,-2.22044604925E-16,-1.));
#392 = ORIENTED_EDGE('',*,*,#393,.F.);
#393 = EDGE_CURVE('',#394,#386,#396,.T.);
#394 = VERTEX_POINT('',#395);
#395 = CARTESIAN_POINT('',(3.,5.E-02,0.89));
#396 = LINE('',#397,#398);
#397 = CARTESIAN_POINT('',(3.,0.,0.89));
#398 = VECTOR('',#399,1.);
#399 = DIRECTION('',(0.,1.,-2.22044604925E-16));
#400 = ORIENTED_EDGE('',*,*,#401,.F.);
#401 = EDGE_CURVE('',#402,#394,#404,.T.);
#402 = VERTEX_POINT('',#403);
#403 = CARTESIAN_POINT('',(3.,5.E-02,0.71));
#404 = LINE('',#405,#406);
#405 = CARTESIAN_POINT('',(3.,5.E-02,-3.));
#406 = VECTOR('',#407,1.);
#407 = DIRECTION('',(0.,2.22044604925E-16,1.));
#408 = ORIENTED_EDGE('',*,*,#409,.T.);
#409 = EDGE_CURVE('',#402,#410,#412,.T.);
#410 = VERTEX_POINT('',#411);
#411 = CARTESIAN_POINT('',(3.,0.2,0.71));
#412 = LINE('',#413,#414);
#413 = CARTESIAN_POINT('',(3.,0.,0.71));
#414 = VECTOR('',#415,1.);
#415 = DIRECTION('',(0.,1.,-2.22044604925E-16));
#416 = ORIENTED_EDGE('',*,*,#417,.T.);
#417 = EDGE_CURVE('',#410,#418,#420,.T.);
#418 = VERTEX_POINT('',#419);
#419 = CARTESIAN_POINT('',(3.,0.2,0.49));
#420 = LINE('',#421,#422);
#421 = CARTESIAN_POINT('',(3.,0.2,0.71));
#422 = VECTOR('',#423,1.);
#423 = DIRECTION('',(0.,-2.22044604925E-16,-1.));
#424 = ORIENTED_EDGE('',*,*,#425,.F.);
#425 = EDGE_CURVE('',#426,#418,#428,.T.);
#426 = VERTEX_POINT('',#427);
#427 = CARTESIAN_POINT('',(3.,5.E-02,0.49));
#428 = LINE('',#429,#430);
#429 = CARTESIAN_POINT('',(3.,0.,0.49));
#430 = VECTOR('',#431,1.);
#431 = DIRECTION('',(0.,1.,-2.22044604925E-16));
#432 = ORIENTED_EDGE('',*,*,#433,.F.);
#433 = EDGE_CURVE('',#434,#426,#436,.T.);
#434 = VERTEX_POINT('',#435);
#435 = CARTESIAN_POINT('',(3.,5.E-02,0.31));
#436 = LINE('',#437,#438);
#437 = CARTESIAN_POINT('',(3.,5.E-02,-3.));
#438 = VECTOR('',#439,1.);
#439 = DIRECTION('',(0.,2.22044604925E-16,1.));
#440 = ORIENTED_EDGE('',*,*,#441,.T.);
#441 = EDGE_CURVE('',#434,#442,#444,.T.);
#442 = VERTEX_POINT('',#443);
#443 = CARTESIAN_POINT('',(3.,0.2,0.31));
#444 = LINE('',#445,#446);
#445 = CARTESIAN_POINT('',(3.,0.,0.31));
#446 = VECTOR('',#447,1.);
#447 = DIRECTION('',(0.,1.,-2.22044604925E-16));
#448 = ORIENTED_EDGE('',*,*,#449,.T.);
#449 = EDGE_CURVE('',#442,#450,#452,.T.);
#450 = VERTEX_POINT('',#451);
#451 = CARTESIAN_POINT('',(3.,0.2,9.E-02));
#452 = LINE('',#453,#454);
#453 = CARTESIAN_POINT('',(3.,0.2,0.31));
#454 = VECTOR('',#455,1.);
#455 = DIRECTION('',(0.,-2.22044604925E-16,-1.));
#456 = ORIENTED_EDGE('',*,*,#457,.F.);
#457 = EDGE_CURVE('',#458,#450,#460,.T.);
#458 = VERTEX_POINT('',#459);
#459 = CARTESIAN_POINT('',(3.,5.E-02,9.E-02));
#460 = LINE('',#461,#462);
#461 = CARTESIAN_POINT('',(3.,0.,9.E-02));
#462 = VECTOR('',#463,1.);
#463 = DIRECTION('',(0.,1.,-2.22044604925E-16));
#464 = ORIENTED_EDGE('',*,*,#465,.F.);
#465 = EDGE_CURVE('',#466,#458,#468,.T.);
#466 = VERTEX_POINT('',#467);
#467 = CARTESIAN_POINT('',(3.,5.E-02,-9.E-02));
#468 = LINE('',#469,#470);
#469 = CARTESIAN_POINT('',(3.,5.E-02,-3.));
#470 = VECTOR('',#471,1.);
#471 = DIRECTION('',(0.,2.22044604925E-16,1.));
#472 = ORIENTED_EDGE('',*,*,#473,.T.);
#473 = EDGE_CURVE('',#466,#474,#476,.T.);
#474 = VERTEX_POINT('',#475);
#475 = CARTESIAN_POINT('',(3.,0.2,-9.E-02));
#476 = LINE('',#477,#478);
#477 = CARTESIAN_POINT('',(3.,-4.440892098501E-16,-9.E-02));
#478 = VECTOR('',#479,1.);
#479 = DIRECTION('',(0.,1.,-2.22044604925E-16));
#480 = ORIENTED_EDGE('',*,*,#481,.T.);
#481 = EDGE_CURVE('',#474,#482,#484,.T.);
#482 = VERTEX_POINT('',#483);
#483 = CARTESIAN_POINT('',(3.,0.2,-0.31));
#484 = LINE('',#485,#486);
#485 = CARTESIAN_POINT('',(3.,0.2,-9.E-02));
#486 = VECTOR('',#487,1.);
#487 = DIRECTION('',(0.,-2.22044604925E-16,-1.));
#488 = ORIENTED_EDGE('',*,*,#489,.F.);
#489 = EDGE_CURVE('',#490,#482,#492,.T.);
#490 = VERTEX_POINT('',#491);
#491 = CARTESIAN_POINT('',(3.,5.E-02,-0.31));
#492 = LINE('',#493,#494);
#493 = CARTESIAN_POINT('',(3.,-4.440892098501E-16,-0.31));
#494 = VECTOR('',#495,1.);
#495 = DIRECTION('',(0.,1.,-2.22044604925E-16));
#496 = ORIENTED_EDGE('',*,*,#497,.F.);
#497 = EDGE_CURVE('',#498,#490,#500,.T.);
#498 = VERTEX_POINT('',#499);
#499 = CARTESIAN_POINT('',(3.,5.E-02,-0.49));
#500 = LINE('',#501,#502);
#501 = CARTESIAN_POINT('',(3.,5.E-02,-3.));
#502 = VECTOR('',#503,1.);
#503 = DIRECTION('',(0.,2.22044604925E-16,1.));
#504 = ORIENTED_EDGE('',*,*,#505,.T.);
#505 = EDGE_CURVE('',#498,#506,#508,.T.);
#506 = VERTEX_POINT('',#507);
#507 = CARTESIAN_POINT('',(3.,0.2,-0.49));
#508 = LINE('',#509,#510);
#509 = CARTESIAN_POINT('',(3.,-2.22044604925E-16,-0.49));
#510 = VECTOR('',#511,1.);
#511 = DIRECTION('',(0.,1.,-2.22044604925E-16));
#512 = ORIENTED_EDGE('',*,*,#513,.T.);
#513 = EDGE_CURVE('',#506,#514,#516,.T.);
#514 = VERTEX_POINT('',#515);
#515 = CARTESIAN_POINT('',(3.,0.2,-0.71));
#516 = LINE('',#517,#518);
#517 = CARTESIAN_POINT('',(3.,0.2,-0.49));
#518 = VECTOR('',#519,1.);
#519 = DIRECTION('',(0.,-2.22044604925E-16,-1.));
#520 = ORIENTED_EDGE('',*,*,#521,.F.);
#521 = EDGE_CURVE('',#522,#514,#524,.T.);
#522 = VERTEX_POINT('',#523);
#523 = CARTESIAN_POINT('',(3.,5.E-02,-0.71));
#524 = LINE('',#525,#526);
#525 = CARTESIAN_POINT('',(3.,-2.22044604925E-16,-0.71));
#526 = VECTOR('',#527,1.);
#527 = DIRECTION('',(0.,1.,-2.22044604925E-16));
#528 = ORIENTED_EDGE('',*,*,#529,.F.);
#529 = EDGE_CURVE('',#530,#522,#532,.T.);
#530 = VERTEX_POINT('',#531);
#531 = CARTESIAN_POINT('',(3.,5.E-02,-0.89));
#532 = LINE('',#533,#534);
#533 = CARTESIAN_POINT('',(3.,5.E-02,-3.));
#534 = VECTOR('',#535,1.);
#535 = DIRECTION('',(0.,2.22044604925E-16,1.));
#536 = ORIENTED_EDGE('',*,*,#537,.T.);
#537 = EDGE_CURVE('',#530,#538,#540,.T.);
#538 = VERTEX_POINT('',#539);
#539 = CARTESIAN_POINT('',(3.,0.2,-0.89));
#540 = LINE('',#541,#542);
#541 = CARTESIAN_POINT('',(3.,-2.22044604925E-16,-0.89));
#542 = VECTOR('',#543,1.);
#543 = DIRECTION('',(0.,1.,-2.22044604925E-16));
#544 = ORIENTED_EDGE('',*,*,#545,.T.);
#545 = EDGE_CURVE('',#538,#546,#548,.T.);
#546 = VERTEX_POINT('',#547);
#547 = CARTESIAN_POINT('',(3.,0.2,-1.11));
#548 = LINE('',#549,#550);
#549 = CARTESIAN_POINT('',(3.,0.2,-0.89));
#550 = VECTOR('',#551,1.);
#551 = DIRECTION('',(0.,-2.22044604925E-16,-1.));
#552 = ORIENTED_EDGE('',*,*,#553,.F.);
#553 = EDGE_CURVE('',#554,#546,#556,.T.);
#554 = VERTEX_POINT('',#555);
#555 = CARTESIAN_POINT('',(3.,5.E-02,-1.11));
#556 = LINE('',#557,#558);
#557 = CARTESIAN_POINT('',(3.,-2.22044604925E-16,-1.11));
#558 = VECTOR('',#559,1.);
#559 = DIRECTION('',(0.,1.,-2.22044604925E-16));
#560 = ORIENTED_EDGE('',*,*,#561,.F.);
#561 = EDGE_CURVE('',#562,#554,#564,.T.);
#562 = VERTEX_POINT('',#563);
#563 = CARTESIAN_POINT('',(3.,5.E-02,-1.29));
#564 = LINE('',#565,#566);
#565 = CARTESIAN_POINT('',(3.,5.E-02,-3.));
#566 = VECTOR('',#567,1.);
#567 = DIRECTION('',(0.,2.22044604925E-16,1.));
#568 = ORIENTED_EDGE('',*,*,#569,.T.);
#569 = EDGE_CURVE('',#562,#570,#572,.T.);
#570 = VERTEX_POINT('',#571);
#571 = CARTESIAN_POINT('',(3.,0.2,-1.29));
#572 = LINE('',#573,#574);
#573 = CARTESIAN_POINT('',(3.,-3.330669073875E-16,-1.29));
#574 = VECTOR('',#575,1.);
#575 = DIRECTION('',(0.,1.,-2.22044604925E-16));
#576 = ORIENTED_EDGE('',*,*,#577,.T.);
#577 = EDGE_CURVE('',#570,#578,#580,.T.);
#578 = VERTEX_POINT('',#579);
#579 = CARTESIAN_POINT('',(3.,0.2,-1.51));
#580 = LINE('',#581,#582);
#581 = CARTESIAN_POINT('',(3.,0.2,-1.29));
#582 = VECTOR('',#583,1.);
#583 = DIRECTION('',(0.,-2.22044604925E-16,-1.));
#584 = ORIENTED_EDGE('',*,*,#585,.F.);
#585 = EDGE_CURVE('',#586,#578,#588,.T.);
#586 = VERTEX_POINT('',#587);
#587 = CARTESIAN_POINT('',(3.,5.E-02,-1.51));
#588 = LINE('',#589,#590);
#589 = CARTESIAN_POINT('',(3.,-4.440892098501E-16,-1.51));
#590 = VECTOR('',#591,1.);
#591 = DIRECTION('',(0.,1.,-2.22044604925E-16));
#592 = ORIENTED_EDGE('',*,*,#593,.F.);
#593 = EDGE_CURVE('',#594,#586,#596,.T.);
#594 = VERTEX_POINT('',#595);
#595 = CARTESIAN_POINT('',(3.,5.E-02,-1.69));
#596 = LINE('',#597,#598);
#597 = CARTESIAN_POINT('',(3.,5.E-02,-3.));
#598 = VECTOR('',#599,1.);
#599 = DIRECTION('',(0.,2.22044604925E-16,1.));
#600 = ORIENTED_EDGE('',*,*,#601,.T.);
#601 = EDGE_CURVE('',#594,#602,#604,.T.);
#602 = VERTEX_POINT('',#603);
#603 = CARTESIAN_POINT('',(3.,0.2,-1.69));
#604 = LINE('',#605,#606);
#605 = CARTESIAN_POINT('',(3.,-3.885780586188E-16,-1.69));
#606 = VECTOR('',#607,1.);
#607 = DIRECTION('',(0.,1.,-2.22044604925E-16));
#608 = ORIENTED_EDGE('',*,*,#609,.T.);
#609 = EDGE_CURVE('',#602,#610,#612,.T.);
#610 = VERTEX_POINT('',#611);
#611 = CARTESIAN_POINT('',(3.,0.2,-1.91));
#612 = LINE('',#613,#614);
#613 = CARTESIAN_POINT('',(3.,0.2,-1.69));
#614 = VECTOR('',#615,1.);
#615 = DIRECTION('',(0.,-2.22044604925E-16,-1.));
#616 = ORIENTED_EDGE('',*,*,#617,.F.);
#617 = EDGE_CURVE('',#618,#610,#620,.T.);
#618 = VERTEX_POINT('',#619);
#619 = CARTESIAN_POINT('',(3.,5.E-02,-1.91));
#620 = LINE('',#621,#622);
#621 = CARTESIAN_POINT('',(3.,-4.440892098501E-16,-1.91));
#622 = VECTOR('',#623,1.);
#623 = DIRECTION('',(0.,1.,-2.22044604925E-16));
#624 = ORIENTED_EDGE('',*,*,#625,.F.);
#625 = EDGE_CURVE('',#626,#618,#628,.T.);
#626 = VERTEX_POINT('',#627);
#627 = CARTESIAN_POINT('',(3.,5.E-02,-2.09));
#628 = LINE('',#629,#630);
#629 = CARTESIAN_POINT('',(3.,5.E-02,-3.));
#630 = VECTOR('',#631,1.);
#631 = DIRECTION('',(0.,2.22044604925E-16,1.));
#632 = ORIENTED_EDGE('',*,*,#633,.T.);
#633 = EDGE_CURVE('',#626,#634,#636,.T.);
#634 = VERTEX_POINT('',#635);
#635 = CARTESIAN_POINT('',(3.,0.2,-2.09));
#636 = LINE('',#637,#638);
#637 = CARTESIAN_POINT('',(3.,-4.640732242933E-16,-2.09));
#638 = VECTOR('',#639,1.);
#639 = DIRECTION('',(0.,1.,-2.22044604925E-16));
#640 = ORIENTED_EDGE('',*,*,#641,.T.);
#641 = EDGE_CURVE('',#634,#642,#644,.T.);
#642 = VERTEX_POINT('',#643);
#643 = CARTESIAN_POINT('',(3.,0.2,-2.31));
#644 = LINE('',#645,#646);
#645 = CARTESIAN_POINT('',(3.,0.2,-2.09));
#646 = VECTOR('',#647,1.);
#647 = DIRECTION('',(0.,-2.22044604925E-16,-1.));
#648 = ORIENTED_EDGE('',*,*,#649,.F.);
#649 = EDGE_CURVE('',#242,#642,#650,.T.);
#650 = LINE('',#651,#652);
#651 = CARTESIAN_POINT('',(3.,-5.129230373768E-16,-2.31));
#652 = VECTOR('',#653,1.);
#653 = DIRECTION('',(0.,1.,-2.22044604925E-16));
#654 = PLANE('',#655);
#655 = AXIS2_PLACEMENT_3D('',#656,#657,#658);
#656 = CARTESIAN_POINT('',(3.,-6.661338147751E-16,-3.));
#657 = DIRECTION('',(1.,0.,0.));
#658 = DIRECTION('',(0.,2.22044604925E-16,1.));
#659 = ADVANCED_FACE('',(#660),#2161,.F.);
#660 = FACE_BOUND('',#661,.F.);
#661 = EDGE_LOOP('',(#662,#663,#671,#679,#688,#696,#704,#712,#721,#729,
    #737,#745,#754,#762,#770,#778,#787,#795,#803,#811,#820,#828,#836,
    #844,#853,#861,#869,#877,#886,#894,#902,#910,#919,#927,#935,#943,
    #952,#960,#968,#976,#985,#993,#1001,#1009,#1018,#1026,#1034,#1042,
    #1051,#1059,#1067,#1075,#1083,#1092,#1100,#1108,#1116,#1125,#1133,
    #1141,#1149,#1158,#1166,#1174,#1182,#1191,#1199,#1207,#1215,#1224,
    #1232,#1240,#1248,#1257,#1265,#1273,#1281,#1290,#1298,#1306,#1314,
    #1323,#1331,#1339,#1347,#1356,#1364,#1372,#1380,#1389,#1397,#1405,
    #1413,#1422,#1430,#1438,#1446,#1455,#1463,#1471,#1479,#1487,#1496,
    #1504,#1512,#1520,#1529,#1537,#1545,#1553,#1562,#1570,#1578,#1586,
    #1595,#1603,#1611,#1619,#1628,#1636,#1644,#1652,#1661,#1669,#1677,
    #1685,#1694,#1702,#1710,#1718,#1727,#1735,#1743,#1751,#1760,#1768,
    #1776,#1784,#1793,#1801,#1809,#1817,#1826,#1834,#1842,#1850,#1859,
    #1867,#1873,#1874,#1882,#1891,#1897,#1898,#1906,#1915,#1921,#1922,
    #1930,#1939,#1945,#1946,#1954,#1963,#1969,#1970,#1978,#1987,#1993,
    #1994,#2002,#2011,#2017,#2018,#2026,#2035,#2041,#2042,#2050,#2059,
    #2065,#2066,#2074,#2083,#2089,#2090,#2098,#2107,#2113,#2114,#2122,
    #2131,#2137,#2138,#2146,#2155));
#662 = ORIENTED_EDGE('',*,*,#239,.F.);
#663 = ORIENTED_EDGE('',*,*,#664,.F.);
#664 = EDGE_CURVE('',#665,#240,#667,.T.);
#665 = VERTEX_POINT('',#666);
#666 = CARTESIAN_POINT('',(2.31,5.E-02,-3.));
#667 = LINE('',#668,#669);
#668 = CARTESIAN_POINT('',(-3.,5.E-02,-3.));
#669 = VECTOR('',#670,1.);
#670 = DIRECTION('',(1.,0.,0.));
#671 = ORIENTED_EDGE('',*,*,#672,.F.);
#672 = EDGE_CURVE('',#673,#665,#675,.T.);
#673 = VERTEX_POINT('',#674);
#674 = CARTESIAN_POINT('',(2.31,5.E-02,-2.625));
#675 = LINE('',#676,#677);
#676 = CARTESIAN_POINT('',(2.31,5.E-02,-1.5));
#677 = VECTOR('',#678,1.);
#678 = DIRECTION('',(0.,0.,-1.));
#679 = ORIENTED_EDGE('',*,*,#680,.T.);
#680 = EDGE_CURVE('',#673,#681,#683,.T.);
#681 = VERTEX_POINT('',#682);
#682 = CARTESIAN_POINT('',(2.09,5.E-02,-2.625));
#683 = CIRCLE('',#684,0.11);
#684 = AXIS2_PLACEMENT_3D('',#685,#686,#687);
#685 = CARTESIAN_POINT('',(2.2,5.E-02,-2.625));
#686 = DIRECTION('',(0.,-1.,2.22044604925E-16));
#687 = DIRECTION('',(1.,0.,0.));
#688 = ORIENTED_EDGE('',*,*,#689,.F.);
#689 = EDGE_CURVE('',#690,#681,#692,.T.);
#690 = VERTEX_POINT('',#691);
#691 = CARTESIAN_POINT('',(2.09,5.E-02,-3.));
#692 = LINE('',#693,#694);
#693 = CARTESIAN_POINT('',(2.09,5.E-02,-1.3125));
#694 = VECTOR('',#695,1.);
#695 = DIRECTION('',(0.,0.,1.));
#696 = ORIENTED_EDGE('',*,*,#697,.F.);
#697 = EDGE_CURVE('',#698,#690,#700,.T.);
#698 = VERTEX_POINT('',#699);
#699 = CARTESIAN_POINT('',(1.91,5.E-02,-3.));
#700 = LINE('',#701,#702);
#701 = CARTESIAN_POINT('',(-3.,5.E-02,-3.));
#702 = VECTOR('',#703,1.);
#703 = DIRECTION('',(1.,0.,0.));
#704 = ORIENTED_EDGE('',*,*,#705,.F.);
#705 = EDGE_CURVE('',#706,#698,#708,.T.);
#706 = VERTEX_POINT('',#707);
#707 = CARTESIAN_POINT('',(1.91,5.E-02,-2.625));
#708 = LINE('',#709,#710);
#709 = CARTESIAN_POINT('',(1.91,5.E-02,-1.5));
#710 = VECTOR('',#711,1.);
#711 = DIRECTION('',(0.,0.,-1.));
#712 = ORIENTED_EDGE('',*,*,#713,.T.);
#713 = EDGE_CURVE('',#706,#714,#716,.T.);
#714 = VERTEX_POINT('',#715);
#715 = CARTESIAN_POINT('',(1.69,5.E-02,-2.625));
#716 = CIRCLE('',#717,0.11);
#717 = AXIS2_PLACEMENT_3D('',#718,#719,#720);
#718 = CARTESIAN_POINT('',(1.8,5.E-02,-2.625));
#719 = DIRECTION('',(0.,-1.,2.22044604925E-16));
#720 = DIRECTION('',(1.,0.,0.));
#721 = ORIENTED_EDGE('',*,*,#722,.F.);
#722 = EDGE_CURVE('',#723,#714,#725,.T.);
#723 = VERTEX_POINT('',#724);
#724 = CARTESIAN_POINT('',(1.69,5.E-02,-3.));
#725 = LINE('',#726,#727);
#726 = CARTESIAN_POINT('',(1.69,5.E-02,-1.3125));
#727 = VECTOR('',#728,1.);
#728 = DIRECTION('',(0.,0.,1.));
#729 = ORIENTED_EDGE('',*,*,#730,.F.);
#730 = EDGE_CURVE('',#731,#723,#733,.T.);
#731 = VERTEX_POINT('',#732);
#732 = CARTESIAN_POINT('',(1.51,5.E-02,-3.));
#733 = LINE('',#734,#735);
#734 = CARTESIAN_POINT('',(-3.,5.E-02,-3.));
#735 = VECTOR('',#736,1.);
#736 = DIRECTION('',(1.,0.,0.));
#737 = ORIENTED_EDGE('',*,*,#738,.F.);
#738 = EDGE_CURVE('',#739,#731,#741,.T.);
#739 = VERTEX_POINT('',#740);
#740 = CARTESIAN_POINT('',(1.51,5.E-02,-2.625));
#741 = LINE('',#742,#743);
#742 = CARTESIAN_POINT('',(1.51,5.E-02,-1.5));
#743 = VECTOR('',#744,1.);
#744 = DIRECTION('',(0.,0.,-1.));
#745 = ORIENTED_EDGE('',*,*,#746,.T.);
#746 = EDGE_CURVE('',#739,#747,#749,.T.);
#747 = VERTEX_POINT('',#748);
#748 = CARTESIAN_POINT('',(1.29,5.E-02,-2.625));
#749 = CIRCLE('',#750,0.11);
#750 = AXIS2_PLACEMENT_3D('',#751,#752,#753);
#751 = CARTESIAN_POINT('',(1.4,5.E-02,-2.625));
#752 = DIRECTION('',(0.,-1.,2.22044604925E-16));
#753 = DIRECTION('',(1.,0.,0.));
#754 = ORIENTED_EDGE('',*,*,#755,.F.);
#755 = EDGE_CURVE('',#756,#747,#758,.T.);
#756 = VERTEX_POINT('',#757);
#757 = CARTESIAN_POINT('',(1.29,5.E-02,-3.));
#758 = LINE('',#759,#760);
#759 = CARTESIAN_POINT('',(1.29,5.E-02,-1.3125));
#760 = VECTOR('',#761,1.);
#761 = DIRECTION('',(0.,0.,1.));
#762 = ORIENTED_EDGE('',*,*,#763,.F.);
#763 = EDGE_CURVE('',#764,#756,#766,.T.);
#764 = VERTEX_POINT('',#765);
#765 = CARTESIAN_POINT('',(1.11,5.E-02,-3.));
#766 = LINE('',#767,#768);
#767 = CARTESIAN_POINT('',(-3.,5.E-02,-3.));
#768 = VECTOR('',#769,1.);
#769 = DIRECTION('',(1.,0.,0.));
#770 = ORIENTED_EDGE('',*,*,#771,.F.);
#771 = EDGE_CURVE('',#772,#764,#774,.T.);
#772 = VERTEX_POINT('',#773);
#773 = CARTESIAN_POINT('',(1.11,5.E-02,-2.625));
#774 = LINE('',#775,#776);
#775 = CARTESIAN_POINT('',(1.11,5.E-02,-1.5));
#776 = VECTOR('',#777,1.);
#777 = DIRECTION('',(0.,0.,-1.));
#778 = ORIENTED_EDGE('',*,*,#779,.T.);
#779 = EDGE_CURVE('',#772,#780,#782,.T.);
#780 = VERTEX_POINT('',#781);
#781 = CARTESIAN_POINT('',(0.89,5.E-02,-2.625));
#782 = CIRCLE('',#783,0.11);
#783 = AXIS2_PLACEMENT_3D('',#784,#785,#786);
#784 = CARTESIAN_POINT('',(1.,5.E-02,-2.625));
#785 = DIRECTION('',(0.,-1.,2.22044604925E-16));
#786 = DIRECTION('',(1.,0.,0.));
#787 = ORIENTED_EDGE('',*,*,#788,.F.);
#788 = EDGE_CURVE('',#789,#780,#791,.T.);
#789 = VERTEX_POINT('',#790);
#790 = CARTESIAN_POINT('',(0.89,5.E-02,-3.));
#791 = LINE('',#792,#793);
#792 = CARTESIAN_POINT('',(0.89,5.E-02,-1.3125));
#793 = VECTOR('',#794,1.);
#794 = DIRECTION('',(0.,0.,1.));
#795 = ORIENTED_EDGE('',*,*,#796,.F.);
#796 = EDGE_CURVE('',#797,#789,#799,.T.);
#797 = VERTEX_POINT('',#798);
#798 = CARTESIAN_POINT('',(0.71,5.E-02,-3.));
#799 = LINE('',#800,#801);
#800 = CARTESIAN_POINT('',(-3.,5.E-02,-3.));
#801 = VECTOR('',#802,1.);
#802 = DIRECTION('',(1.,0.,0.));
#803 = ORIENTED_EDGE('',*,*,#804,.F.);
#804 = EDGE_CURVE('',#805,#797,#807,.T.);
#805 = VERTEX_POINT('',#806);
#806 = CARTESIAN_POINT('',(0.71,5.E-02,-2.625));
#807 = LINE('',#808,#809);
#808 = CARTESIAN_POINT('',(0.71,5.E-02,-1.5));
#809 = VECTOR('',#810,1.);
#810 = DIRECTION('',(0.,0.,-1.));
#811 = ORIENTED_EDGE('',*,*,#812,.T.);
#812 = EDGE_CURVE('',#805,#813,#815,.T.);
#813 = VERTEX_POINT('',#814);
#814 = CARTESIAN_POINT('',(0.49,5.E-02,-2.625));
#815 = CIRCLE('',#816,0.11);
#816 = AXIS2_PLACEMENT_3D('',#817,#818,#819);
#817 = CARTESIAN_POINT('',(0.6,5.E-02,-2.625));
#818 = DIRECTION('',(0.,-1.,2.22044604925E-16));
#819 = DIRECTION('',(1.,0.,0.));
#820 = ORIENTED_EDGE('',*,*,#821,.F.);
#821 = EDGE_CURVE('',#822,#813,#824,.T.);
#822 = VERTEX_POINT('',#823);
#823 = CARTESIAN_POINT('',(0.49,5.E-02,-3.));
#824 = LINE('',#825,#826);
#825 = CARTESIAN_POINT('',(0.49,5.E-02,-1.3125));
#826 = VECTOR('',#827,1.);
#827 = DIRECTION('',(0.,0.,1.));
#828 = ORIENTED_EDGE('',*,*,#829,.F.);
#829 = EDGE_CURVE('',#830,#822,#832,.T.);
#830 = VERTEX_POINT('',#831);
#831 = CARTESIAN_POINT('',(0.31,5.E-02,-3.));
#832 = LINE('',#833,#834);
#833 = CARTESIAN_POINT('',(-3.,5.E-02,-3.));
#834 = VECTOR('',#835,1.);
#835 = DIRECTION('',(1.,0.,0.));
#836 = ORIENTED_EDGE('',*,*,#837,.F.);
#837 = EDGE_CURVE('',#838,#830,#840,.T.);
#838 = VERTEX_POINT('',#839);
#839 = CARTESIAN_POINT('',(0.31,5.E-02,-2.625));
#840 = LINE('',#841,#842);
#841 = CARTESIAN_POINT('',(0.31,5.E-02,-1.5));
#842 = VECTOR('',#843,1.);
#843 = DIRECTION('',(0.,0.,-1.));
#844 = ORIENTED_EDGE('',*,*,#845,.T.);
#845 = EDGE_CURVE('',#838,#846,#848,.T.);
#846 = VERTEX_POINT('',#847);
#847 = CARTESIAN_POINT('',(9.E-02,5.E-02,-2.625));
#848 = CIRCLE('',#849,0.11);
#849 = AXIS2_PLACEMENT_3D('',#850,#851,#852);
#850 = CARTESIAN_POINT('',(0.2,5.E-02,-2.625));
#851 = DIRECTION('',(0.,-1.,2.22044604925E-16));
#852 = DIRECTION('',(1.,0.,0.));
#853 = ORIENTED_EDGE('',*,*,#854,.F.);
#854 = EDGE_CURVE('',#855,#846,#857,.T.);
#855 = VERTEX_POINT('',#856);
#856 = CARTESIAN_POINT('',(9.E-02,5.E-02,-3.));
#857 = LINE('',#858,#859);
#858 = CARTESIAN_POINT('',(9.E-02,5.E-02,-1.3125));
#859 = VECTOR('',#860,1.);
#860 = DIRECTION('',(0.,0.,1.));
#861 = ORIENTED_EDGE('',*,*,#862,.F.);
#862 = EDGE_CURVE('',#863,#855,#865,.T.);
#863 = VERTEX_POINT('',#864);
#864 = CARTESIAN_POINT('',(-9.E-02,5.E-02,-3.));
#865 = LINE('',#866,#867);
#866 = CARTESIAN_POINT('',(-3.,5.E-02,-3.));
#867 = VECTOR('',#868,1.);
#868 = DIRECTION('',(1.,0.,0.));
#869 = ORIENTED_EDGE('',*,*,#870,.F.);
#870 = EDGE_CURVE('',#871,#863,#873,.T.);
#871 = VERTEX_POINT('',#872);
#872 = CARTESIAN_POINT('',(-9.E-02,5.E-02,-2.625));
#873 = LINE('',#874,#875);
#874 = CARTESIAN_POINT('',(-9.E-02,5.E-02,-1.5));
#875 = VECTOR('',#876,1.);
#876 = DIRECTION('',(0.,0.,-1.));
#877 = ORIENTED_EDGE('',*,*,#878,.T.);
#878 = EDGE_CURVE('',#871,#879,#881,.T.);
#879 = VERTEX_POINT('',#880);
#880 = CARTESIAN_POINT('',(-0.31,5.E-02,-2.625));
#881 = CIRCLE('',#882,0.11);
#882 = AXIS2_PLACEMENT_3D('',#883,#884,#885);
#883 = CARTESIAN_POINT('',(-0.2,5.E-02,-2.625));
#884 = DIRECTION('',(0.,-1.,2.22044604925E-16));
#885 = DIRECTION('',(1.,0.,0.));
#886 = ORIENTED_EDGE('',*,*,#887,.F.);
#887 = EDGE_CURVE('',#888,#879,#890,.T.);
#888 = VERTEX_POINT('',#889);
#889 = CARTESIAN_POINT('',(-0.31,5.E-02,-3.));
#890 = LINE('',#891,#892);
#891 = CARTESIAN_POINT('',(-0.31,5.E-02,-1.3125));
#892 = VECTOR('',#893,1.);
#893 = DIRECTION('',(0.,0.,1.));
#894 = ORIENTED_EDGE('',*,*,#895,.F.);
#895 = EDGE_CURVE('',#896,#888,#898,.T.);
#896 = VERTEX_POINT('',#897);
#897 = CARTESIAN_POINT('',(-0.49,5.E-02,-3.));
#898 = LINE('',#899,#900);
#899 = CARTESIAN_POINT('',(-3.,5.E-02,-3.));
#900 = VECTOR('',#901,1.);
#901 = DIRECTION('',(1.,0.,0.));
#902 = ORIENTED_EDGE('',*,*,#903,.F.);
#903 = EDGE_CURVE('',#904,#896,#906,.T.);
#904 = VERTEX_POINT('',#905);
#905 = CARTESIAN_POINT('',(-0.49,5.E-02,-2.625));
#906 = LINE('',#907,#908);
#907 = CARTESIAN_POINT('',(-0.49,5.E-02,-1.5));
#908 = VECTOR('',#909,1.);
#909 = DIRECTION('',(0.,0.,-1.));
#910 = ORIENTED_EDGE('',*,*,#911,.T.);
#911 = EDGE_CURVE('',#904,#912,#914,.T.);
#912 = VERTEX_POINT('',#913);
#913 = CARTESIAN_POINT('',(-0.71,5.E-02,-2.625));
#914 = CIRCLE('',#915,0.11);
#915 = AXIS2_PLACEMENT_3D('',#916,#917,#918);
#916 = CARTESIAN_POINT('',(-0.6,5.E-02,-2.625));
#917 = DIRECTION('',(0.,-1.,2.22044604925E-16));
#918 = DIRECTION('',(1.,0.,0.));
#919 = ORIENTED_EDGE('',*,*,#920,.F.);
#920 = EDGE_CURVE('',#921,#912,#923,.T.);
#921 = VERTEX_POINT('',#922);
#922 = CARTESIAN_POINT('',(-0.71,5.E-02,-3.));
#923 = LINE('',#924,#925);
#924 = CARTESIAN_POINT('',(-0.71,5.E-02,-1.3125));
#925 = VECTOR('',#926,1.);
#926 = DIRECTION('',(0.,0.,1.));
#927 = ORIENTED_EDGE('',*,*,#928,.F.);
#928 = EDGE_CURVE('',#929,#921,#931,.T.);
#929 = VERTEX_POINT('',#930);
#930 = CARTESIAN_POINT('',(-0.89,5.E-02,-3.));
#931 = LINE('',#932,#933);
#932 = CARTESIAN_POINT('',(-3.,5.E-02,-3.));
#933 = VECTOR('',#934,1.);
#934 = DIRECTION('',(1.,0.,0.));
#935 = ORIENTED_EDGE('',*,*,#936,.F.);
#936 = EDGE_CURVE('',#937,#929,#939,.T.);
#937 = VERTEX_POINT('',#938);
#938 = CARTESIAN_POINT('',(-0.89,5.E-02,-2.625));
#939 = LINE('',#940,#941);
#940 = CARTESIAN_POINT('',(-0.89,5.E-02,-1.5));
#941 = VECTOR('',#942,1.);
#942 = DIRECTION('',(0.,0.,-1.));
#943 = ORIENTED_EDGE('',*,*,#944,.T.);
#944 = EDGE_CURVE('',#937,#945,#947,.T.);
#945 = VERTEX_POINT('',#946);
#946 = CARTESIAN_POINT('',(-1.11,5.E-02,-2.625));
#947 = CIRCLE('',#948,0.11);
#948 = AXIS2_PLACEMENT_3D('',#949,#950,#951);
#949 = CARTESIAN_POINT('',(-1.,5.E-02,-2.625));
#950 = DIRECTION('',(0.,-1.,2.22044604925E-16));
#951 = DIRECTION('',(1.,0.,0.));
#952 = ORIENTED_EDGE('',*,*,#953,.F.);
#953 = EDGE_CURVE('',#954,#945,#956,.T.);
#954 = VERTEX_POINT('',#955);
#955 = CARTESIAN_POINT('',(-1.11,5.E-02,-3.));
#956 = LINE('',#957,#958);
#957 = CARTESIAN_POINT('',(-1.11,5.E-02,-1.3125));
#958 = VECTOR('',#959,1.);
#959 = DIRECTION('',(0.,0.,1.));
#960 = ORIENTED_EDGE('',*,*,#961,.F.);
#961 = EDGE_CURVE('',#962,#954,#964,.T.);
#962 = VERTEX_POINT('',#963);
#963 = CARTESIAN_POINT('',(-1.29,5.E-02,-3.));
#964 = LINE('',#965,#966);
#965 = CARTESIAN_POINT('',(-3.,5.E-02,-3.));
#966 = VECTOR('',#967,1.);
#967 = DIRECTION('',(1.,0.,0.));
#968 = ORIENTED_EDGE('',*,*,#969,.F.);
#969 = EDGE_CURVE('',#970,#962,#972,.T.);
#970 = VERTEX_POINT('',#971);
#971 = CARTESIAN_POINT('',(-1.29,5.E-02,-2.625));
#972 = LINE('',#973,#974);
#973 = CARTESIAN_POINT('',(-1.29,5.E-02,-1.5));
#974 = VECTOR('',#975,1.);
#975 = DIRECTION('',(0.,0.,-1.));
#976 = ORIENTED_EDGE('',*,*,#977,.T.);
#977 = EDGE_CURVE('',#970,#978,#980,.T.);
#978 = VERTEX_POINT('',#979);
#979 = CARTESIAN_POINT('',(-1.51,5.E-02,-2.625));
#980 = CIRCLE('',#981,0.11);
#981 = AXIS2_PLACEMENT_3D('',#982,#983,#984);
#982 = CARTESIAN_POINT('',(-1.4,5.E-02,-2.625));
#983 = DIRECTION('',(0.,-1.,2.22044604925E-16));
#984 = DIRECTION('',(1.,0.,0.));
#985 = ORIENTED_EDGE('',*,*,#986,.F.);
#986 = EDGE_CURVE('',#987,#978,#989,.T.);
#987 = VERTEX_POINT('',#988);
#988 = CARTESIAN_POINT('',(-1.51,5.E-02,-3.));
#989 = LINE('',#990,#991);
#990 = CARTESIAN_POINT('',(-1.51,5.E-02,-1.3125));
#991 = VECTOR('',#992,1.);
#992 = DIRECTION('',(0.,0.,1.));
#993 = ORIENTED_EDGE('',*,*,#994,.F.);
#994 = EDGE_CURVE('',#995,#987,#997,.T.);
#995 = VERTEX_POINT('',#996);
#996 = CARTESIAN_POINT('',(-1.69,5.E-02,-3.));
#997 = LINE('',#998,#999);
#998 = CARTESIAN_POINT('',(-3.,5.E-02,-3.));
#999 = VECTOR('',#1000,1.);
#1000 = DIRECTION('',(1.,0.,0.));
#1001 = ORIENTED_EDGE('',*,*,#1002,.F.);
#1002 = EDGE_CURVE('',#1003,#995,#1005,.T.);
#1003 = VERTEX_POINT('',#1004);
#1004 = CARTESIAN_POINT('',(-1.69,5.E-02,-2.625));
#1005 = LINE('',#1006,#1007);
#1006 = CARTESIAN_POINT('',(-1.69,5.E-02,-1.5));
#1007 = VECTOR('',#1008,1.);
#1008 = DIRECTION('',(0.,0.,-1.));
#1009 = ORIENTED_EDGE('',*,*,#1010,.T.);
#1010 = EDGE_CURVE('',#1003,#1011,#1013,.T.);
#1011 = VERTEX_POINT('',#1012);
#1012 = CARTESIAN_POINT('',(-1.91,5.E-02,-2.625));
#1013 = CIRCLE('',#1014,0.11);
#1014 = AXIS2_PLACEMENT_3D('',#1015,#1016,#1017);
#1015 = CARTESIAN_POINT('',(-1.8,5.E-02,-2.625));
#1016 = DIRECTION('',(0.,-1.,2.22044604925E-16));
#1017 = DIRECTION('',(1.,0.,0.));
#1018 = ORIENTED_EDGE('',*,*,#1019,.F.);
#1019 = EDGE_CURVE('',#1020,#1011,#1022,.T.);
#1020 = VERTEX_POINT('',#1021);
#1021 = CARTESIAN_POINT('',(-1.91,5.E-02,-3.));
#1022 = LINE('',#1023,#1024);
#1023 = CARTESIAN_POINT('',(-1.91,5.E-02,-1.3125));
#1024 = VECTOR('',#1025,1.);
#1025 = DIRECTION('',(0.,0.,1.));
#1026 = ORIENTED_EDGE('',*,*,#1027,.F.);
#1027 = EDGE_CURVE('',#1028,#1020,#1030,.T.);
#1028 = VERTEX_POINT('',#1029);
#1029 = CARTESIAN_POINT('',(-2.09,5.E-02,-3.));
#1030 = LINE('',#1031,#1032);
#1031 = CARTESIAN_POINT('',(-3.,5.E-02,-3.));
#1032 = VECTOR('',#1033,1.);
#1033 = DIRECTION('',(1.,0.,0.));
#1034 = ORIENTED_EDGE('',*,*,#1035,.F.);
#1035 = EDGE_CURVE('',#1036,#1028,#1038,.T.);
#1036 = VERTEX_POINT('',#1037);
#1037 = CARTESIAN_POINT('',(-2.09,5.E-02,-2.625));
#1038 = LINE('',#1039,#1040);
#1039 = CARTESIAN_POINT('',(-2.09,5.E-02,-1.5));
#1040 = VECTOR('',#1041,1.);
#1041 = DIRECTION('',(0.,0.,-1.));
#1042 = ORIENTED_EDGE('',*,*,#1043,.T.);
#1043 = EDGE_CURVE('',#1036,#1044,#1046,.T.);
#1044 = VERTEX_POINT('',#1045);
#1045 = CARTESIAN_POINT('',(-2.31,5.E-02,-2.625));
#1046 = CIRCLE('',#1047,0.11);
#1047 = AXIS2_PLACEMENT_3D('',#1048,#1049,#1050);
#1048 = CARTESIAN_POINT('',(-2.2,5.E-02,-2.625));
#1049 = DIRECTION('',(0.,-1.,2.22044604925E-16));
#1050 = DIRECTION('',(1.,0.,0.));
#1051 = ORIENTED_EDGE('',*,*,#1052,.F.);
#1052 = EDGE_CURVE('',#1053,#1044,#1055,.T.);
#1053 = VERTEX_POINT('',#1054);
#1054 = CARTESIAN_POINT('',(-2.31,5.E-02,-3.));
#1055 = LINE('',#1056,#1057);
#1056 = CARTESIAN_POINT('',(-2.31,5.E-02,-1.3125));
#1057 = VECTOR('',#1058,1.);
#1058 = DIRECTION('',(0.,0.,1.));
#1059 = ORIENTED_EDGE('',*,*,#1060,.F.);
#1060 = EDGE_CURVE('',#1061,#1053,#1063,.T.);
#1061 = VERTEX_POINT('',#1062);
#1062 = CARTESIAN_POINT('',(-3.,5.E-02,-3.));
#1063 = LINE('',#1064,#1065);
#1064 = CARTESIAN_POINT('',(-3.,5.E-02,-3.));
#1065 = VECTOR('',#1066,1.);
#1066 = DIRECTION('',(1.,0.,0.));
#1067 = ORIENTED_EDGE('',*,*,#1068,.F.);
#1068 = EDGE_CURVE('',#1069,#1061,#1071,.T.);
#1069 = VERTEX_POINT('',#1070);
#1070 = CARTESIAN_POINT('',(-3.,5.E-02,-2.31));
#1071 = LINE('',#1072,#1073);
#1072 = CARTESIAN_POINT('',(-3.,5.E-02,3.));
#1073 = VECTOR('',#1074,1.);
#1074 = DIRECTION('',(0.,-2.22044604925E-16,-1.));
#1075 = ORIENTED_EDGE('',*,*,#1076,.T.);
#1076 = EDGE_CURVE('',#1069,#1077,#1079,.T.);
#1077 = VERTEX_POINT('',#1078);
#1078 = CARTESIAN_POINT('',(-2.625,5.E-02,-2.31));
#1079 = LINE('',#1080,#1081);
#1080 = CARTESIAN_POINT('',(-1.3125,5.E-02,-2.31));
#1081 = VECTOR('',#1082,1.);
#1082 = DIRECTION('',(1.,0.,0.));
#1083 = ORIENTED_EDGE('',*,*,#1084,.T.);
#1084 = EDGE_CURVE('',#1077,#1085,#1087,.T.);
#1085 = VERTEX_POINT('',#1086);
#1086 = CARTESIAN_POINT('',(-2.625,5.E-02,-2.09));
#1087 = CIRCLE('',#1088,0.11);
#1088 = AXIS2_PLACEMENT_3D('',#1089,#1090,#1091);
#1089 = CARTESIAN_POINT('',(-2.625,5.E-02,-2.2));
#1090 = DIRECTION('',(0.,-1.,2.22044604925E-16));
#1091 = DIRECTION('',(1.,0.,0.));
#1092 = ORIENTED_EDGE('',*,*,#1093,.T.);
#1093 = EDGE_CURVE('',#1085,#1094,#1096,.T.);
#1094 = VERTEX_POINT('',#1095);
#1095 = CARTESIAN_POINT('',(-3.,5.E-02,-2.09));
#1096 = LINE('',#1097,#1098);
#1097 = CARTESIAN_POINT('',(-1.5,5.E-02,-2.09));
#1098 = VECTOR('',#1099,1.);
#1099 = DIRECTION('',(-1.,0.,0.));
#1100 = ORIENTED_EDGE('',*,*,#1101,.F.);
#1101 = EDGE_CURVE('',#1102,#1094,#1104,.T.);
#1102 = VERTEX_POINT('',#1103);
#1103 = CARTESIAN_POINT('',(-3.,5.E-02,-1.91));
#1104 = LINE('',#1105,#1106);
#1105 = CARTESIAN_POINT('',(-3.,5.E-02,3.));
#1106 = VECTOR('',#1107,1.);
#1107 = DIRECTION('',(0.,-2.22044604925E-16,-1.));
#1108 = ORIENTED_EDGE('',*,*,#1109,.T.);
#1109 = EDGE_CURVE('',#1102,#1110,#1112,.T.);
#1110 = VERTEX_POINT('',#1111);
#1111 = CARTESIAN_POINT('',(-2.625,5.E-02,-1.91));
#1112 = LINE('',#1113,#1114);
#1113 = CARTESIAN_POINT('',(-1.3125,5.E-02,-1.91));
#1114 = VECTOR('',#1115,1.);
#1115 = DIRECTION('',(1.,0.,0.));
#1116 = ORIENTED_EDGE('',*,*,#1117,.T.);
#1117 = EDGE_CURVE('',#1110,#1118,#1120,.T.);
#1118 = VERTEX_POINT('',#1119);
#1119 = CARTESIAN_POINT('',(-2.625,5.E-02,-1.69));
#1120 = CIRCLE('',#1121,0.11);
#1121 = AXIS2_PLACEMENT_3D('',#1122,#1123,#1124);
#1122 = CARTESIAN_POINT('',(-2.625,5.E-02,-1.8));
#1123 = DIRECTION('',(0.,-1.,2.22044604925E-16));
#1124 = DIRECTION('',(1.,0.,0.));
#1125 = ORIENTED_EDGE('',*,*,#1126,.T.);
#1126 = EDGE_CURVE('',#1118,#1127,#1129,.T.);
#1127 = VERTEX_POINT('',#1128);
#1128 = CARTESIAN_POINT('',(-3.,5.E-02,-1.69));
#1129 = LINE('',#1130,#1131);
#1130 = CARTESIAN_POINT('',(-1.5,5.E-02,-1.69));
#1131 = VECTOR('',#1132,1.);
#1132 = DIRECTION('',(-1.,0.,0.));
#1133 = ORIENTED_EDGE('',*,*,#1134,.F.);
#1134 = EDGE_CURVE('',#1135,#1127,#1137,.T.);
#1135 = VERTEX_POINT('',#1136);
#1136 = CARTESIAN_POINT('',(-3.,5.E-02,-1.51));
#1137 = LINE('',#1138,#1139);
#1138 = CARTESIAN_POINT('',(-3.,5.E-02,3.));
#1139 = VECTOR('',#1140,1.);
#1140 = DIRECTION('',(0.,-2.22044604925E-16,-1.));
#1141 = ORIENTED_EDGE('',*,*,#1142,.T.);
#1142 = EDGE_CURVE('',#1135,#1143,#1145,.T.);
#1143 = VERTEX_POINT('',#1144);
#1144 = CARTESIAN_POINT('',(-2.625,5.E-02,-1.51));
#1145 = LINE('',#1146,#1147);
#1146 = CARTESIAN_POINT('',(-1.3125,5.E-02,-1.51));
#1147 = VECTOR('',#1148,1.);
#1148 = DIRECTION('',(1.,0.,0.));
#1149 = ORIENTED_EDGE('',*,*,#1150,.T.);
#1150 = EDGE_CURVE('',#1143,#1151,#1153,.T.);
#1151 = VERTEX_POINT('',#1152);
#1152 = CARTESIAN_POINT('',(-2.625,5.E-02,-1.29));
#1153 = CIRCLE('',#1154,0.11);
#1154 = AXIS2_PLACEMENT_3D('',#1155,#1156,#1157);
#1155 = CARTESIAN_POINT('',(-2.625,5.E-02,-1.4));
#1156 = DIRECTION('',(0.,-1.,2.22044604925E-16));
#1157 = DIRECTION('',(1.,0.,0.));
#1158 = ORIENTED_EDGE('',*,*,#1159,.T.);
#1159 = EDGE_CURVE('',#1151,#1160,#1162,.T.);
#1160 = VERTEX_POINT('',#1161);
#1161 = CARTESIAN_POINT('',(-3.,5.E-02,-1.29));
#1162 = LINE('',#1163,#1164);
#1163 = CARTESIAN_POINT('',(-1.5,5.E-02,-1.29));
#1164 = VECTOR('',#1165,1.);
#1165 = DIRECTION('',(-1.,0.,0.));
#1166 = ORIENTED_EDGE('',*,*,#1167,.F.);
#1167 = EDGE_CURVE('',#1168,#1160,#1170,.T.);
#1168 = VERTEX_POINT('',#1169);
#1169 = CARTESIAN_POINT('',(-3.,5.E-02,-1.11));
#1170 = LINE('',#1171,#1172);
#1171 = CARTESIAN_POINT('',(-3.,5.E-02,3.));
#1172 = VECTOR('',#1173,1.);
#1173 = DIRECTION('',(0.,-2.22044604925E-16,-1.));
#1174 = ORIENTED_EDGE('',*,*,#1175,.T.);
#1175 = EDGE_CURVE('',#1168,#1176,#1178,.T.);
#1176 = VERTEX_POINT('',#1177);
#1177 = CARTESIAN_POINT('',(-2.625,5.E-02,-1.11));
#1178 = LINE('',#1179,#1180);
#1179 = CARTESIAN_POINT('',(-1.3125,5.E-02,-1.11));
#1180 = VECTOR('',#1181,1.);
#1181 = DIRECTION('',(1.,0.,0.));
#1182 = ORIENTED_EDGE('',*,*,#1183,.T.);
#1183 = EDGE_CURVE('',#1176,#1184,#1186,.T.);
#1184 = VERTEX_POINT('',#1185);
#1185 = CARTESIAN_POINT('',(-2.625,5.E-02,-0.89));
#1186 = CIRCLE('',#1187,0.11);
#1187 = AXIS2_PLACEMENT_3D('',#1188,#1189,#1190);
#1188 = CARTESIAN_POINT('',(-2.625,5.E-02,-1.));
#1189 = DIRECTION('',(0.,-1.,2.22044604925E-16));
#1190 = DIRECTION('',(1.,0.,0.));
#1191 = ORIENTED_EDGE('',*,*,#1192,.T.);
#1192 = EDGE_CURVE('',#1184,#1193,#1195,.T.);
#1193 = VERTEX_POINT('',#1194);
#1194 = CARTESIAN_POINT('',(-3.,5.E-02,-0.89));
#1195 = LINE('',#1196,#1197);
#1196 = CARTESIAN_POINT('',(-1.5,5.E-02,-0.89));
#1197 = VECTOR('',#1198,1.);
#1198 = DIRECTION('',(-1.,0.,0.));
#1199 = ORIENTED_EDGE('',*,*,#1200,.F.);
#1200 = EDGE_CURVE('',#1201,#1193,#1203,.T.);
#1201 = VERTEX_POINT('',#1202);
#1202 = CARTESIAN_POINT('',(-3.,5.E-02,-0.71));
#1203 = LINE('',#1204,#1205);
#1204 = CARTESIAN_POINT('',(-3.,5.E-02,3.));
#1205 = VECTOR('',#1206,1.);
#1206 = DIRECTION('',(0.,-2.22044604925E-16,-1.));
#1207 = ORIENTED_EDGE('',*,*,#1208,.T.);
#1208 = EDGE_CURVE('',#1201,#1209,#1211,.T.);
#1209 = VERTEX_POINT('',#1210);
#1210 = CARTESIAN_POINT('',(-2.625,5.E-02,-0.71));
#1211 = LINE('',#1212,#1213);
#1212 = CARTESIAN_POINT('',(-1.3125,5.E-02,-0.71));
#1213 = VECTOR('',#1214,1.);
#1214 = DIRECTION('',(1.,0.,0.));
#1215 = ORIENTED_EDGE('',*,*,#1216,.T.);
#1216 = EDGE_CURVE('',#1209,#1217,#1219,.T.);
#1217 = VERTEX_POINT('',#1218);
#1218 = CARTESIAN_POINT('',(-2.625,5.E-02,-0.49));
#1219 = CIRCLE('',#1220,0.11);
#1220 = AXIS2_PLACEMENT_3D('',#1221,#1222,#1223);
#1221 = CARTESIAN_POINT('',(-2.625,5.E-02,-0.6));
#1222 = DIRECTION('',(0.,-1.,2.22044604925E-16));
#1223 = DIRECTION('',(1.,0.,0.));
#1224 = ORIENTED_EDGE('',*,*,#1225,.T.);
#1225 = EDGE_CURVE('',#1217,#1226,#1228,.T.);
#1226 = VERTEX_POINT('',#1227);
#1227 = CARTESIAN_POINT('',(-3.,5.E-02,-0.49));
#1228 = LINE('',#1229,#1230);
#1229 = CARTESIAN_POINT('',(-1.5,5.E-02,-0.49));
#1230 = VECTOR('',#1231,1.);
#1231 = DIRECTION('',(-1.,0.,0.));
#1232 = ORIENTED_EDGE('',*,*,#1233,.F.);
#1233 = EDGE_CURVE('',#1234,#1226,#1236,.T.);
#1234 = VERTEX_POINT('',#1235);
#1235 = CARTESIAN_POINT('',(-3.,5.E-02,-0.31));
#1236 = LINE('',#1237,#1238);
#1237 = CARTESIAN_POINT('',(-3.,5.E-02,3.));
#1238 = VECTOR('',#1239,1.);
#1239 = DIRECTION('',(0.,-2.22044604925E-16,-1.));
#1240 = ORIENTED_EDGE('',*,*,#1241,.T.);
#1241 = EDGE_CURVE('',#1234,#1242,#1244,.T.);
#1242 = VERTEX_POINT('',#1243);
#1243 = CARTESIAN_POINT('',(-2.625,5.E-02,-0.31));
#1244 = LINE('',#1245,#1246);
#1245 = CARTESIAN_POINT('',(-1.3125,5.E-02,-0.31));
#1246 = VECTOR('',#1247,1.);
#1247 = DIRECTION('',(1.,0.,0.));
#1248 = ORIENTED_EDGE('',*,*,#1249,.T.);
#1249 = EDGE_CURVE('',#1242,#1250,#1252,.T.);
#1250 = VERTEX_POINT('',#1251);
#1251 = CARTESIAN_POINT('',(-2.625,5.E-02,-9.E-02));
#1252 = CIRCLE('',#1253,0.11);
#1253 = AXIS2_PLACEMENT_3D('',#1254,#1255,#1256);
#1254 = CARTESIAN_POINT('',(-2.625,5.E-02,-0.2));
#1255 = DIRECTION('',(0.,-1.,2.22044604925E-16));
#1256 = DIRECTION('',(1.,0.,0.));
#1257 = ORIENTED_EDGE('',*,*,#1258,.T.);
#1258 = EDGE_CURVE('',#1250,#1259,#1261,.T.);
#1259 = VERTEX_POINT('',#1260);
#1260 = CARTESIAN_POINT('',(-3.,5.E-02,-9.E-02));
#1261 = LINE('',#1262,#1263);
#1262 = CARTESIAN_POINT('',(-1.5,5.E-02,-9.E-02));
#1263 = VECTOR('',#1264,1.);
#1264 = DIRECTION('',(-1.,0.,0.));
#1265 = ORIENTED_EDGE('',*,*,#1266,.F.);
#1266 = EDGE_CURVE('',#1267,#1259,#1269,.T.);
#1267 = VERTEX_POINT('',#1268);
#1268 = CARTESIAN_POINT('',(-3.,5.E-02,9.E-02));
#1269 = LINE('',#1270,#1271);
#1270 = CARTESIAN_POINT('',(-3.,5.E-02,3.));
#1271 = VECTOR('',#1272,1.);
#1272 = DIRECTION('',(0.,-2.22044604925E-16,-1.));
#1273 = ORIENTED_EDGE('',*,*,#1274,.T.);
#1274 = EDGE_CURVE('',#1267,#1275,#1277,.T.);
#1275 = VERTEX_POINT('',#1276);
#1276 = CARTESIAN_POINT('',(-2.625,5.E-02,9.E-02));
#1277 = LINE('',#1278,#1279);
#1278 = CARTESIAN_POINT('',(-1.3125,5.E-02,9.E-02));
#1279 = VECTOR('',#1280,1.);
#1280 = DIRECTION('',(1.,0.,0.));
#1281 = ORIENTED_EDGE('',*,*,#1282,.T.);
#1282 = EDGE_CURVE('',#1275,#1283,#1285,.T.);
#1283 = VERTEX_POINT('',#1284);
#1284 = CARTESIAN_POINT('',(-2.625,5.E-02,0.31));
#1285 = CIRCLE('',#1286,0.11);
#1286 = AXIS2_PLACEMENT_3D('',#1287,#1288,#1289);
#1287 = CARTESIAN_POINT('',(-2.625,5.E-02,0.2));
#1288 = DIRECTION('',(0.,-1.,2.22044604925E-16));
#1289 = DIRECTION('',(1.,0.,0.));
#1290 = ORIENTED_EDGE('',*,*,#1291,.T.);
#1291 = EDGE_CURVE('',#1283,#1292,#1294,.T.);
#1292 = VERTEX_POINT('',#1293);
#1293 = CARTESIAN_POINT('',(-3.,5.E-02,0.31));
#1294 = LINE('',#1295,#1296);
#1295 = CARTESIAN_POINT('',(-1.5,5.E-02,0.31));
#1296 = VECTOR('',#1297,1.);
#1297 = DIRECTION('',(-1.,0.,0.));
#1298 = ORIENTED_EDGE('',*,*,#1299,.F.);
#1299 = EDGE_CURVE('',#1300,#1292,#1302,.T.);
#1300 = VERTEX_POINT('',#1301);
#1301 = CARTESIAN_POINT('',(-3.,5.E-02,0.49));
#1302 = LINE('',#1303,#1304);
#1303 = CARTESIAN_POINT('',(-3.,5.E-02,3.));
#1304 = VECTOR('',#1305,1.);
#1305 = DIRECTION('',(0.,-2.22044604925E-16,-1.));
#1306 = ORIENTED_EDGE('',*,*,#1307,.T.);
#1307 = EDGE_CURVE('',#1300,#1308,#1310,.T.);
#1308 = VERTEX_POINT('',#1309);
#1309 = CARTESIAN_POINT('',(-2.625,5.E-02,0.49));
#1310 = LINE('',#1311,#1312);
#1311 = CARTESIAN_POINT('',(-1.3125,5.E-02,0.49));
#1312 = VECTOR('',#1313,1.);
#1313 = DIRECTION('',(1.,0.,0.));
#1314 = ORIENTED_EDGE('',*,*,#1315,.T.);
#1315 = EDGE_CURVE('',#1308,#1316,#1318,.T.);
#1316 = VERTEX_POINT('',#1317);
#1317 = CARTESIAN_POINT('',(-2.625,5.E-02,0.71));
#1318 = CIRCLE('',#1319,0.11);
#1319 = AXIS2_PLACEMENT_3D('',#1320,#1321,#1322);
#1320 = CARTESIAN_POINT('',(-2.625,5.E-02,0.6));
#1321 = DIRECTION('',(0.,-1.,2.22044604925E-16));
#1322 = DIRECTION('',(1.,0.,0.));
#1323 = ORIENTED_EDGE('',*,*,#1324,.T.);
#1324 = EDGE_CURVE('',#1316,#1325,#1327,.T.);
#1325 = VERTEX_POINT('',#1326);
#1326 = CARTESIAN_POINT('',(-3.,5.E-02,0.71));
#1327 = LINE('',#1328,#1329);
#1328 = CARTESIAN_POINT('',(-1.5,5.E-02,0.71));
#1329 = VECTOR('',#1330,1.);
#1330 = DIRECTION('',(-1.,0.,0.));
#1331 = ORIENTED_EDGE('',*,*,#1332,.F.);
#1332 = EDGE_CURVE('',#1333,#1325,#1335,.T.);
#1333 = VERTEX_POINT('',#1334);
#1334 = CARTESIAN_POINT('',(-3.,5.E-02,0.89));
#1335 = LINE('',#1336,#1337);
#1336 = CARTESIAN_POINT('',(-3.,5.E-02,3.));
#1337 = VECTOR('',#1338,1.);
#1338 = DIRECTION('',(0.,-2.22044604925E-16,-1.));
#1339 = ORIENTED_EDGE('',*,*,#1340,.T.);
#1340 = EDGE_CURVE('',#1333,#1341,#1343,.T.);
#1341 = VERTEX_POINT('',#1342);
#1342 = CARTESIAN_POINT('',(-2.625,5.E-02,0.89));
#1343 = LINE('',#1344,#1345);
#1344 = CARTESIAN_POINT('',(-1.3125,5.E-02,0.89));
#1345 = VECTOR('',#1346,1.);
#1346 = DIRECTION('',(1.,0.,0.));
#1347 = ORIENTED_EDGE('',*,*,#1348,.T.);
#1348 = EDGE_CURVE('',#1341,#1349,#1351,.T.);
#1349 = VERTEX_POINT('',#1350);
#1350 = CARTESIAN_POINT('',(-2.625,5.E-02,1.11));
#1351 = CIRCLE('',#1352,0.11);
#1352 = AXIS2_PLACEMENT_3D('',#1353,#1354,#1355);
#1353 = CARTESIAN_POINT('',(-2.625,5.E-02,1.));
#1354 = DIRECTION('',(0.,-1.,2.22044604925E-16));
#1355 = DIRECTION('',(1.,0.,0.));
#1356 = ORIENTED_EDGE('',*,*,#1357,.T.);
#1357 = EDGE_CURVE('',#1349,#1358,#1360,.T.);
#1358 = VERTEX_POINT('',#1359);
#1359 = CARTESIAN_POINT('',(-3.,5.E-02,1.11));
#1360 = LINE('',#1361,#1362);
#1361 = CARTESIAN_POINT('',(-1.5,5.E-02,1.11));
#1362 = VECTOR('',#1363,1.);
#1363 = DIRECTION('',(-1.,0.,0.));
#1364 = ORIENTED_EDGE('',*,*,#1365,.F.);
#1365 = EDGE_CURVE('',#1366,#1358,#1368,.T.);
#1366 = VERTEX_POINT('',#1367);
#1367 = CARTESIAN_POINT('',(-3.,5.E-02,1.29));
#1368 = LINE('',#1369,#1370);
#1369 = CARTESIAN_POINT('',(-3.,5.E-02,3.));
#1370 = VECTOR('',#1371,1.);
#1371 = DIRECTION('',(0.,-2.22044604925E-16,-1.));
#1372 = ORIENTED_EDGE('',*,*,#1373,.T.);
#1373 = EDGE_CURVE('',#1366,#1374,#1376,.T.);
#1374 = VERTEX_POINT('',#1375);
#1375 = CARTESIAN_POINT('',(-2.625,5.E-02,1.29));
#1376 = LINE('',#1377,#1378);
#1377 = CARTESIAN_POINT('',(-1.3125,5.E-02,1.29));
#1378 = VECTOR('',#1379,1.);
#1379 = DIRECTION('',(1.,0.,0.));
#1380 = ORIENTED_EDGE('',*,*,#1381,.T.);
#1381 = EDGE_CURVE('',#1374,#1382,#1384,.T.);
#1382 = VERTEX_POINT('',#1383);
#1383 = CARTESIAN_POINT('',(-2.625,5.E-02,1.51));
#1384 = CIRCLE('',#1385,0.11);
#1385 = AXIS2_PLACEMENT_3D('',#1386,#1387,#1388);
#1386 = CARTESIAN_POINT('',(-2.625,5.E-02,1.4));
#1387 = DIRECTION('',(0.,-1.,2.22044604925E-16));
#1388 = DIRECTION('',(1.,0.,0.));
#1389 = ORIENTED_EDGE('',*,*,#1390,.T.);
#1390 = EDGE_CURVE('',#1382,#1391,#1393,.T.);
#1391 = VERTEX_POINT('',#1392);
#1392 = CARTESIAN_POINT('',(-3.,5.E-02,1.51));
#1393 = LINE('',#1394,#1395);
#1394 = CARTESIAN_POINT('',(-1.5,5.E-02,1.51));
#1395 = VECTOR('',#1396,1.);
#1396 = DIRECTION('',(-1.,0.,0.));
#1397 = ORIENTED_EDGE('',*,*,#1398,.F.);
#1398 = EDGE_CURVE('',#1399,#1391,#1401,.T.);
#1399 = VERTEX_POINT('',#1400);
#1400 = CARTESIAN_POINT('',(-3.,5.E-02,1.69));
#1401 = LINE('',#1402,#1403);
#1402 = CARTESIAN_POINT('',(-3.,5.E-02,3.));
#1403 = VECTOR('',#1404,1.);
#1404 = DIRECTION('',(0.,-2.22044604925E-16,-1.));
#1405 = ORIENTED_EDGE('',*,*,#1406,.T.);
#1406 = EDGE_CURVE('',#1399,#1407,#1409,.T.);
#1407 = VERTEX_POINT('',#1408);
#1408 = CARTESIAN_POINT('',(-2.625,5.E-02,1.69));
#1409 = LINE('',#1410,#1411);
#1410 = CARTESIAN_POINT('',(-1.3125,5.E-02,1.69));
#1411 = VECTOR('',#1412,1.);
#1412 = DIRECTION('',(1.,0.,0.));
#1413 = ORIENTED_EDGE('',*,*,#1414,.T.);
#1414 = EDGE_CURVE('',#1407,#1415,#1417,.T.);
#1415 = VERTEX_POINT('',#1416);
#1416 = CARTESIAN_POINT('',(-2.625,5.E-02,1.91));
#1417 = CIRCLE('',#1418,0.11);
#1418 = AXIS2_PLACEMENT_3D('',#1419,#1420,#1421);
#1419 = CARTESIAN_POINT('',(-2.625,5.E-02,1.8));
#1420 = DIRECTION('',(0.,-1.,2.22044604925E-16));
#1421 = DIRECTION('',(1.,0.,0.));
#1422 = ORIENTED_EDGE('',*,*,#1423,.T.);
#1423 = EDGE_CURVE('',#1415,#1424,#1426,.T.);
#1424 = VERTEX_POINT('',#1425);
#1425 = CARTESIAN_POINT('',(-3.,5.E-02,1.91));
#1426 = LINE('',#1427,#1428);
#1427 = CARTESIAN_POINT('',(-1.5,5.E-02,1.91));
#1428 = VECTOR('',#1429,1.);
#1429 = DIRECTION('',(-1.,0.,0.));
#1430 = ORIENTED_EDGE('',*,*,#1431,.F.);
#1431 = EDGE_CURVE('',#1432,#1424,#1434,.T.);
#1432 = VERTEX_POINT('',#1433);
#1433 = CARTESIAN_POINT('',(-3.,5.E-02,2.09));
#1434 = LINE('',#1435,#1436);
#1435 = CARTESIAN_POINT('',(-3.,5.E-02,3.));
#1436 = VECTOR('',#1437,1.);
#1437 = DIRECTION('',(0.,-2.22044604925E-16,-1.));
#1438 = ORIENTED_EDGE('',*,*,#1439,.T.);
#1439 = EDGE_CURVE('',#1432,#1440,#1442,.T.);
#1440 = VERTEX_POINT('',#1441);
#1441 = CARTESIAN_POINT('',(-2.625,5.E-02,2.09));
#1442 = LINE('',#1443,#1444);
#1443 = CARTESIAN_POINT('',(-1.3125,5.E-02,2.09));
#1444 = VECTOR('',#1445,1.);
#1445 = DIRECTION('',(1.,0.,0.));
#1446 = ORIENTED_EDGE('',*,*,#1447,.T.);
#1447 = EDGE_CURVE('',#1440,#1448,#1450,.T.);
#1448 = VERTEX_POINT('',#1449);
#1449 = CARTESIAN_POINT('',(-2.625,5.E-02,2.31));
#1450 = CIRCLE('',#1451,0.11);
#1451 = AXIS2_PLACEMENT_3D('',#1452,#1453,#1454);
#1452 = CARTESIAN_POINT('',(-2.625,5.E-02,2.2));
#1453 = DIRECTION('',(0.,-1.,2.22044604925E-16));
#1454 = DIRECTION('',(1.,0.,0.));
#1455 = ORIENTED_EDGE('',*,*,#1456,.T.);
#1456 = EDGE_CURVE('',#1448,#1457,#1459,.T.);
#1457 = VERTEX_POINT('',#1458);
#1458 = CARTESIAN_POINT('',(-3.,5.E-02,2.31));
#1459 = LINE('',#1460,#1461);
#1460 = CARTESIAN_POINT('',(-1.5,5.E-02,2.31));
#1461 = VECTOR('',#1462,1.);
#1462 = DIRECTION('',(-1.,0.,0.));
#1463 = ORIENTED_EDGE('',*,*,#1464,.F.);
#1464 = EDGE_CURVE('',#1465,#1457,#1467,.T.);
#1465 = VERTEX_POINT('',#1466);
#1466 = CARTESIAN_POINT('',(-3.,5.E-02,3.));
#1467 = LINE('',#1468,#1469);
#1468 = CARTESIAN_POINT('',(-3.,5.E-02,3.));
#1469 = VECTOR('',#1470,1.);
#1470 = DIRECTION('',(0.,-2.22044604925E-16,-1.));
#1471 = ORIENTED_EDGE('',*,*,#1472,.F.);
#1472 = EDGE_CURVE('',#1473,#1465,#1475,.T.);
#1473 = VERTEX_POINT('',#1474);
#1474 = CARTESIAN_POINT('',(-2.31,5.E-02,3.));
#1475 = LINE('',#1476,#1477);
#1476 = CARTESIAN_POINT('',(3.,5.E-02,3.));
#1477 = VECTOR('',#1478,1.);
#1478 = DIRECTION('',(-1.,0.,0.));
#1479 = ORIENTED_EDGE('',*,*,#1480,.T.);
#1480 = EDGE_CURVE('',#1473,#1481,#1483,.T.);
#1481 = VERTEX_POINT('',#1482);
#1482 = CARTESIAN_POINT('',(-2.31,5.E-02,2.625));
#1483 = LINE('',#1484,#1485);
#1484 = CARTESIAN_POINT('',(-2.31,5.E-02,1.3125));
#1485 = VECTOR('',#1486,1.);
#1486 = DIRECTION('',(0.,0.,-1.));
#1487 = ORIENTED_EDGE('',*,*,#1488,.T.);
#1488 = EDGE_CURVE('',#1481,#1489,#1491,.T.);
#1489 = VERTEX_POINT('',#1490);
#1490 = CARTESIAN_POINT('',(-2.09,5.E-02,2.625));
#1491 = CIRCLE('',#1492,0.11);
#1492 = AXIS2_PLACEMENT_3D('',#1493,#1494,#1495);
#1493 = CARTESIAN_POINT('',(-2.2,5.E-02,2.625));
#1494 = DIRECTION('',(0.,-1.,2.22044604925E-16));
#1495 = DIRECTION('',(1.,0.,0.));
#1496 = ORIENTED_EDGE('',*,*,#1497,.T.);
#1497 = EDGE_CURVE('',#1489,#1498,#1500,.T.);
#1498 = VERTEX_POINT('',#1499);
#1499 = CARTESIAN_POINT('',(-2.09,5.E-02,3.));
#1500 = LINE('',#1501,#1502);
#1501 = CARTESIAN_POINT('',(-2.09,5.E-02,1.5));
#1502 = VECTOR('',#1503,1.);
#1503 = DIRECTION('',(0.,0.,1.));
#1504 = ORIENTED_EDGE('',*,*,#1505,.F.);
#1505 = EDGE_CURVE('',#1506,#1498,#1508,.T.);
#1506 = VERTEX_POINT('',#1507);
#1507 = CARTESIAN_POINT('',(-1.91,5.E-02,3.));
#1508 = LINE('',#1509,#1510);
#1509 = CARTESIAN_POINT('',(3.,5.E-02,3.));
#1510 = VECTOR('',#1511,1.);
#1511 = DIRECTION('',(-1.,0.,0.));
#1512 = ORIENTED_EDGE('',*,*,#1513,.T.);
#1513 = EDGE_CURVE('',#1506,#1514,#1516,.T.);
#1514 = VERTEX_POINT('',#1515);
#1515 = CARTESIAN_POINT('',(-1.91,5.E-02,2.625));
#1516 = LINE('',#1517,#1518);
#1517 = CARTESIAN_POINT('',(-1.91,5.E-02,1.3125));
#1518 = VECTOR('',#1519,1.);
#1519 = DIRECTION('',(0.,0.,-1.));
#1520 = ORIENTED_EDGE('',*,*,#1521,.T.);
#1521 = EDGE_CURVE('',#1514,#1522,#1524,.T.);
#1522 = VERTEX_POINT('',#1523);
#1523 = CARTESIAN_POINT('',(-1.69,5.E-02,2.625));
#1524 = CIRCLE('',#1525,0.11);
#1525 = AXIS2_PLACEMENT_3D('',#1526,#1527,#1528);
#1526 = CARTESIAN_POINT('',(-1.8,5.E-02,2.625));
#1527 = DIRECTION('',(0.,-1.,2.22044604925E-16));
#1528 = DIRECTION('',(1.,0.,0.));
#1529 = ORIENTED_EDGE('',*,*,#1530,.T.);
#1530 = EDGE_CURVE('',#1522,#1531,#1533,.T.);
#1531 = VERTEX_POINT('',#1532);
#1532 = CARTESIAN_POINT('',(-1.69,5.E-02,3.));
#1533 = LINE('',#1534,#1535);
#1534 = CARTESIAN_POINT('',(-1.69,5.E-02,1.5));
#1535 = VECTOR('',#1536,1.);
#1536 = DIRECTION('',(0.,0.,1.));
#1537 = ORIENTED_EDGE('',*,*,#1538,.F.);
#1538 = EDGE_CURVE('',#1539,#1531,#1541,.T.);
#1539 = VERTEX_POINT('',#1540);
#1540 = CARTESIAN_POINT('',(-1.51,5.E-02,3.));
#1541 = LINE('',#1542,#1543);
#1542 = CARTESIAN_POINT('',(3.,5.E-02,3.));
#1543 = VECTOR('',#1544,1.);
#1544 = DIRECTION('',(-1.,0.,0.));
#1545 = ORIENTED_EDGE('',*,*,#1546,.T.);
#1546 = EDGE_CURVE('',#1539,#1547,#1549,.T.);
#1547 = VERTEX_POINT('',#1548);
#1548 = CARTESIAN_POINT('',(-1.51,5.E-02,2.625));
#1549 = LINE('',#1550,#1551);
#1550 = CARTESIAN_POINT('',(-1.51,5.E-02,1.3125));
#1551 = VECTOR('',#1552,1.);
#1552 = DIRECTION('',(0.,0.,-1.));
#1553 = ORIENTED_EDGE('',*,*,#1554,.T.);
#1554 = EDGE_CURVE('',#1547,#1555,#1557,.T.);
#1555 = VERTEX_POINT('',#1556);
#1556 = CARTESIAN_POINT('',(-1.29,5.E-02,2.625));
#1557 = CIRCLE('',#1558,0.11);
#1558 = AXIS2_PLACEMENT_3D('',#1559,#1560,#1561);
#1559 = CARTESIAN_POINT('',(-1.4,5.E-02,2.625));
#1560 = DIRECTION('',(0.,-1.,2.22044604925E-16));
#1561 = DIRECTION('',(1.,0.,0.));
#1562 = ORIENTED_EDGE('',*,*,#1563,.T.);
#1563 = EDGE_CURVE('',#1555,#1564,#1566,.T.);
#1564 = VERTEX_POINT('',#1565);
#1565 = CARTESIAN_POINT('',(-1.29,5.E-02,3.));
#1566 = LINE('',#1567,#1568);
#1567 = CARTESIAN_POINT('',(-1.29,5.E-02,1.5));
#1568 = VECTOR('',#1569,1.);
#1569 = DIRECTION('',(0.,0.,1.));
#1570 = ORIENTED_EDGE('',*,*,#1571,.F.);
#1571 = EDGE_CURVE('',#1572,#1564,#1574,.T.);
#1572 = VERTEX_POINT('',#1573);
#1573 = CARTESIAN_POINT('',(-1.11,5.E-02,3.));
#1574 = LINE('',#1575,#1576);
#1575 = CARTESIAN_POINT('',(3.,5.E-02,3.));
#1576 = VECTOR('',#1577,1.);
#1577 = DIRECTION('',(-1.,0.,0.));
#1578 = ORIENTED_EDGE('',*,*,#1579,.T.);
#1579 = EDGE_CURVE('',#1572,#1580,#1582,.T.);
#1580 = VERTEX_POINT('',#1581);
#1581 = CARTESIAN_POINT('',(-1.11,5.E-02,2.625));
#1582 = LINE('',#1583,#1584);
#1583 = CARTESIAN_POINT('',(-1.11,5.E-02,1.3125));
#1584 = VECTOR('',#1585,1.);
#1585 = DIRECTION('',(0.,0.,-1.));
#1586 = ORIENTED_EDGE('',*,*,#1587,.T.);
#1587 = EDGE_CURVE('',#1580,#1588,#1590,.T.);
#1588 = VERTEX_POINT('',#1589);
#1589 = CARTESIAN_POINT('',(-0.89,5.E-02,2.625));
#1590 = CIRCLE('',#1591,0.11);
#1591 = AXIS2_PLACEMENT_3D('',#1592,#1593,#1594);
#1592 = CARTESIAN_POINT('',(-1.,5.E-02,2.625));
#1593 = DIRECTION('',(0.,-1.,2.22044604925E-16));
#1594 = DIRECTION('',(1.,0.,0.));
#1595 = ORIENTED_EDGE('',*,*,#1596,.T.);
#1596 = EDGE_CURVE('',#1588,#1597,#1599,.T.);
#1597 = VERTEX_POINT('',#1598);
#1598 = CARTESIAN_POINT('',(-0.89,5.E-02,3.));
#1599 = LINE('',#1600,#1601);
#1600 = CARTESIAN_POINT('',(-0.89,5.E-02,1.5));
#1601 = VECTOR('',#1602,1.);
#1602 = DIRECTION('',(0.,0.,1.));
#1603 = ORIENTED_EDGE('',*,*,#1604,.F.);
#1604 = EDGE_CURVE('',#1605,#1597,#1607,.T.);
#1605 = VERTEX_POINT('',#1606);
#1606 = CARTESIAN_POINT('',(-0.71,5.E-02,3.));
#1607 = LINE('',#1608,#1609);
#1608 = CARTESIAN_POINT('',(3.,5.E-02,3.));
#1609 = VECTOR('',#1610,1.);
#1610 = DIRECTION('',(-1.,0.,0.));
#1611 = ORIENTED_EDGE('',*,*,#1612,.T.);
#1612 = EDGE_CURVE('',#1605,#1613,#1615,.T.);
#1613 = VERTEX_POINT('',#1614);
#1614 = CARTESIAN_POINT('',(-0.71,5.E-02,2.625));
#1615 = LINE('',#1616,#1617);
#1616 = CARTESIAN_POINT('',(-0.71,5.E-02,1.3125));
#1617 = VECTOR('',#1618,1.);
#1618 = DIRECTION('',(0.,0.,-1.));
#1619 = ORIENTED_EDGE('',*,*,#1620,.T.);
#1620 = EDGE_CURVE('',#1613,#1621,#1623,.T.);
#1621 = VERTEX_POINT('',#1622);
#1622 = CARTESIAN_POINT('',(-0.49,5.E-02,2.625));
#1623 = CIRCLE('',#1624,0.11);
#1624 = AXIS2_PLACEMENT_3D('',#1625,#1626,#1627);
#1625 = CARTESIAN_POINT('',(-0.6,5.E-02,2.625));
#1626 = DIRECTION('',(0.,-1.,2.22044604925E-16));
#1627 = DIRECTION('',(1.,0.,0.));
#1628 = ORIENTED_EDGE('',*,*,#1629,.T.);
#1629 = EDGE_CURVE('',#1621,#1630,#1632,.T.);
#1630 = VERTEX_POINT('',#1631);
#1631 = CARTESIAN_POINT('',(-0.49,5.E-02,3.));
#1632 = LINE('',#1633,#1634);
#1633 = CARTESIAN_POINT('',(-0.49,5.E-02,1.5));
#1634 = VECTOR('',#1635,1.);
#1635 = DIRECTION('',(0.,0.,1.));
#1636 = ORIENTED_EDGE('',*,*,#1637,.F.);
#1637 = EDGE_CURVE('',#1638,#1630,#1640,.T.);
#1638 = VERTEX_POINT('',#1639);
#1639 = CARTESIAN_POINT('',(-0.31,5.E-02,3.));
#1640 = LINE('',#1641,#1642);
#1641 = CARTESIAN_POINT('',(3.,5.E-02,3.));
#1642 = VECTOR('',#1643,1.);
#1643 = DIRECTION('',(-1.,0.,0.));
#1644 = ORIENTED_EDGE('',*,*,#1645,.T.);
#1645 = EDGE_CURVE('',#1638,#1646,#1648,.T.);
#1646 = VERTEX_POINT('',#1647);
#1647 = CARTESIAN_POINT('',(-0.31,5.E-02,2.625));
#1648 = LINE('',#1649,#1650);
#1649 = CARTESIAN_POINT('',(-0.31,5.E-02,1.3125));
#1650 = VECTOR('',#1651,1.);
#1651 = DIRECTION('',(0.,0.,-1.));
#1652 = ORIENTED_EDGE('',*,*,#1653,.T.);
#1653 = EDGE_CURVE('',#1646,#1654,#1656,.T.);
#1654 = VERTEX_POINT('',#1655);
#1655 = CARTESIAN_POINT('',(-9.E-02,5.E-02,2.625));
#1656 = CIRCLE('',#1657,0.11);
#1657 = AXIS2_PLACEMENT_3D('',#1658,#1659,#1660);
#1658 = CARTESIAN_POINT('',(-0.2,5.E-02,2.625));
#1659 = DIRECTION('',(0.,-1.,2.22044604925E-16));
#1660 = DIRECTION('',(1.,0.,0.));
#1661 = ORIENTED_EDGE('',*,*,#1662,.T.);
#1662 = EDGE_CURVE('',#1654,#1663,#1665,.T.);
#1663 = VERTEX_POINT('',#1664);
#1664 = CARTESIAN_POINT('',(-9.E-02,5.E-02,3.));
#1665 = LINE('',#1666,#1667);
#1666 = CARTESIAN_POINT('',(-9.E-02,5.E-02,1.5));
#1667 = VECTOR('',#1668,1.);
#1668 = DIRECTION('',(0.,0.,1.));
#1669 = ORIENTED_EDGE('',*,*,#1670,.F.);
#1670 = EDGE_CURVE('',#1671,#1663,#1673,.T.);
#1671 = VERTEX_POINT('',#1672);
#1672 = CARTESIAN_POINT('',(9.E-02,5.E-02,3.));
#1673 = LINE('',#1674,#1675);
#1674 = CARTESIAN_POINT('',(3.,5.E-02,3.));
#1675 = VECTOR('',#1676,1.);
#1676 = DIRECTION('',(-1.,0.,0.));
#1677 = ORIENTED_EDGE('',*,*,#1678,.T.);
#1678 = EDGE_CURVE('',#1671,#1679,#1681,.T.);
#1679 = VERTEX_POINT('',#1680);
#1680 = CARTESIAN_POINT('',(9.E-02,5.E-02,2.625));
#1681 = LINE('',#1682,#1683);
#1682 = CARTESIAN_POINT('',(9.E-02,5.E-02,1.3125));
#1683 = VECTOR('',#1684,1.);
#1684 = DIRECTION('',(0.,0.,-1.));
#1685 = ORIENTED_EDGE('',*,*,#1686,.T.);
#1686 = EDGE_CURVE('',#1679,#1687,#1689,.T.);
#1687 = VERTEX_POINT('',#1688);
#1688 = CARTESIAN_POINT('',(0.31,5.E-02,2.625));
#1689 = CIRCLE('',#1690,0.11);
#1690 = AXIS2_PLACEMENT_3D('',#1691,#1692,#1693);
#1691 = CARTESIAN_POINT('',(0.2,5.E-02,2.625));
#1692 = DIRECTION('',(0.,-1.,2.22044604925E-16));
#1693 = DIRECTION('',(1.,0.,0.));
#1694 = ORIENTED_EDGE('',*,*,#1695,.T.);
#1695 = EDGE_CURVE('',#1687,#1696,#1698,.T.);
#1696 = VERTEX_POINT('',#1697);
#1697 = CARTESIAN_POINT('',(0.31,5.E-02,3.));
#1698 = LINE('',#1699,#1700);
#1699 = CARTESIAN_POINT('',(0.31,5.E-02,1.5));
#1700 = VECTOR('',#1701,1.);
#1701 = DIRECTION('',(0.,0.,1.));
#1702 = ORIENTED_EDGE('',*,*,#1703,.F.);
#1703 = EDGE_CURVE('',#1704,#1696,#1706,.T.);
#1704 = VERTEX_POINT('',#1705);
#1705 = CARTESIAN_POINT('',(0.49,5.E-02,3.));
#1706 = LINE('',#1707,#1708);
#1707 = CARTESIAN_POINT('',(3.,5.E-02,3.));
#1708 = VECTOR('',#1709,1.);
#1709 = DIRECTION('',(-1.,0.,0.));
#1710 = ORIENTED_EDGE('',*,*,#1711,.T.);
#1711 = EDGE_CURVE('',#1704,#1712,#1714,.T.);
#1712 = VERTEX_POINT('',#1713);
#1713 = CARTESIAN_POINT('',(0.49,5.E-02,2.625));
#1714 = LINE('',#1715,#1716);
#1715 = CARTESIAN_POINT('',(0.49,5.E-02,1.3125));
#1716 = VECTOR('',#1717,1.);
#1717 = DIRECTION('',(0.,0.,-1.));
#1718 = ORIENTED_EDGE('',*,*,#1719,.T.);
#1719 = EDGE_CURVE('',#1712,#1720,#1722,.T.);
#1720 = VERTEX_POINT('',#1721);
#1721 = CARTESIAN_POINT('',(0.71,5.E-02,2.625));
#1722 = CIRCLE('',#1723,0.11);
#1723 = AXIS2_PLACEMENT_3D('',#1724,#1725,#1726);
#1724 = CARTESIAN_POINT('',(0.6,5.E-02,2.625));
#1725 = DIRECTION('',(0.,-1.,2.22044604925E-16));
#1726 = DIRECTION('',(1.,0.,0.));
#1727 = ORIENTED_EDGE('',*,*,#1728,.T.);
#1728 = EDGE_CURVE('',#1720,#1729,#1731,.T.);
#1729 = VERTEX_POINT('',#1730);
#1730 = CARTESIAN_POINT('',(0.71,5.E-02,3.));
#1731 = LINE('',#1732,#1733);
#1732 = CARTESIAN_POINT('',(0.71,5.E-02,1.5));
#1733 = VECTOR('',#1734,1.);
#1734 = DIRECTION('',(0.,0.,1.));
#1735 = ORIENTED_EDGE('',*,*,#1736,.F.);
#1736 = EDGE_CURVE('',#1737,#1729,#1739,.T.);
#1737 = VERTEX_POINT('',#1738);
#1738 = CARTESIAN_POINT('',(0.89,5.E-02,3.));
#1739 = LINE('',#1740,#1741);
#1740 = CARTESIAN_POINT('',(3.,5.E-02,3.));
#1741 = VECTOR('',#1742,1.);
#1742 = DIRECTION('',(-1.,0.,0.));
#1743 = ORIENTED_EDGE('',*,*,#1744,.T.);
#1744 = EDGE_CURVE('',#1737,#1745,#1747,.T.);
#1745 = VERTEX_POINT('',#1746);
#1746 = CARTESIAN_POINT('',(0.89,5.E-02,2.625));
#1747 = LINE('',#1748,#1749);
#1748 = CARTESIAN_POINT('',(0.89,5.E-02,1.3125));
#1749 = VECTOR('',#1750,1.);
#1750 = DIRECTION('',(0.,0.,-1.));
#1751 = ORIENTED_EDGE('',*,*,#1752,.T.);
#1752 = EDGE_CURVE('',#1745,#1753,#1755,.T.);
#1753 = VERTEX_POINT('',#1754);
#1754 = CARTESIAN_POINT('',(1.11,5.E-02,2.625));
#1755 = CIRCLE('',#1756,0.11);
#1756 = AXIS2_PLACEMENT_3D('',#1757,#1758,#1759);
#1757 = CARTESIAN_POINT('',(1.,5.E-02,2.625));
#1758 = DIRECTION('',(0.,-1.,2.22044604925E-16));
#1759 = DIRECTION('',(1.,0.,0.));
#1760 = ORIENTED_EDGE('',*,*,#1761,.T.);
#1761 = EDGE_CURVE('',#1753,#1762,#1764,.T.);
#1762 = VERTEX_POINT('',#1763);
#1763 = CARTESIAN_POINT('',(1.11,5.E-02,3.));
#1764 = LINE('',#1765,#1766);
#1765 = CARTESIAN_POINT('',(1.11,5.E-02,1.5));
#1766 = VECTOR('',#1767,1.);
#1767 = DIRECTION('',(0.,0.,1.));
#1768 = ORIENTED_EDGE('',*,*,#1769,.F.);
#1769 = EDGE_CURVE('',#1770,#1762,#1772,.T.);
#1770 = VERTEX_POINT('',#1771);
#1771 = CARTESIAN_POINT('',(1.29,5.E-02,3.));
#1772 = LINE('',#1773,#1774);
#1773 = CARTESIAN_POINT('',(3.,5.E-02,3.));
#1774 = VECTOR('',#1775,1.);
#1775 = DIRECTION('',(-1.,0.,0.));
#1776 = ORIENTED_EDGE('',*,*,#1777,.T.);
#1777 = EDGE_CURVE('',#1770,#1778,#1780,.T.);
#1778 = VERTEX_POINT('',#1779);
#1779 = CARTESIAN_POINT('',(1.29,5.E-02,2.625));
#1780 = LINE('',#1781,#1782);
#1781 = CARTESIAN_POINT('',(1.29,5.E-02,1.3125));
#1782 = VECTOR('',#1783,1.);
#1783 = DIRECTION('',(0.,0.,-1.));
#1784 = ORIENTED_EDGE('',*,*,#1785,.T.);
#1785 = EDGE_CURVE('',#1778,#1786,#1788,.T.);
#1786 = VERTEX_POINT('',#1787);
#1787 = CARTESIAN_POINT('',(1.51,5.E-02,2.625));
#1788 = CIRCLE('',#1789,0.11);
#1789 = AXIS2_PLACEMENT_3D('',#1790,#1791,#1792);
#1790 = CARTESIAN_POINT('',(1.4,5.E-02,2.625));
#1791 = DIRECTION('',(0.,-1.,2.22044604925E-16));
#1792 = DIRECTION('',(1.,0.,0.));
#1793 = ORIENTED_EDGE('',*,*,#1794,.T.);
#1794 = EDGE_CURVE('',#1786,#1795,#1797,.T.);
#1795 = VERTEX_POINT('',#1796);
#1796 = CARTESIAN_POINT('',(1.51,5.E-02,3.));
#1797 = LINE('',#1798,#1799);
#1798 = CARTESIAN_POINT('',(1.51,5.E-02,1.5));
#1799 = VECTOR('',#1800,1.);
#1800 = DIRECTION('',(0.,0.,1.));
#1801 = ORIENTED_EDGE('',*,*,#1802,.F.);
#1802 = EDGE_CURVE('',#1803,#1795,#1805,.T.);
#1803 = VERTEX_POINT('',#1804);
#1804 = CARTESIAN_POINT('',(1.69,5.E-02,3.));
#1805 = LINE('',#1806,#1807);
#1806 = CARTESIAN_POINT('',(3.,5.E-02,3.));
#1807 = VECTOR('',#1808,1.);
#1808 = DIRECTION('',(-1.,0.,0.));
#1809 = ORIENTED_EDGE('',*,*,#1810,.T.);
#1810 = EDGE_CURVE('',#1803,#1811,#1813,.T.);
#1811 = VERTEX_POINT('',#1812);
#1812 = CARTESIAN_POINT('',(1.69,5.E-02,2.625));
#1813 = LINE('',#1814,#1815);
#1814 = CARTESIAN_POINT('',(1.69,5.E-02,1.3125));
#1815 = VECTOR('',#1816,1.);
#1816 = DIRECTION('',(0.,0.,-1.));
#1817 = ORIENTED_EDGE('',*,*,#1818,.T.);
#1818 = EDGE_CURVE('',#1811,#1819,#1821,.T.);
#1819 = VERTEX_POINT('',#1820);
#1820 = CARTESIAN_POINT('',(1.91,5.E-02,2.625));
#1821 = CIRCLE('',#1822,0.11);
#1822 = AXIS2_PLACEMENT_3D('',#1823,#1824,#1825);
#1823 = CARTESIAN_POINT('',(1.8,5.E-02,2.625));
#1824 = DIRECTION('',(0.,-1.,2.22044604925E-16));
#1825 = DIRECTION('',(1.,0.,0.));
#1826 = ORIENTED_EDGE('',*,*,#1827,.T.);
#1827 = EDGE_CURVE('',#1819,#1828,#1830,.T.);
#1828 = VERTEX_POINT('',#1829);
#1829 = CARTESIAN_POINT('',(1.91,5.E-02,3.));
#1830 = LINE('',#1831,#1832);
#1831 = CARTESIAN_POINT('',(1.91,5.E-02,1.5));
#1832 = VECTOR('',#1833,1.);
#1833 = DIRECTION('',(0.,0.,1.));
#1834 = ORIENTED_EDGE('',*,*,#1835,.F.);
#1835 = EDGE_CURVE('',#1836,#1828,#1838,.T.);
#1836 = VERTEX_POINT('',#1837);
#1837 = CARTESIAN_POINT('',(2.09,5.E-02,3.));
#1838 = LINE('',#1839,#1840);
#1839 = CARTESIAN_POINT('',(3.,5.E-02,3.));
#1840 = VECTOR('',#1841,1.);
#1841 = DIRECTION('',(-1.,0.,0.));
#1842 = ORIENTED_EDGE('',*,*,#1843,.T.);
#1843 = EDGE_CURVE('',#1836,#1844,#1846,.T.);
#1844 = VERTEX_POINT('',#1845);
#1845 = CARTESIAN_POINT('',(2.09,5.E-02,2.625));
#1846 = LINE('',#1847,#1848);
#1847 = CARTESIAN_POINT('',(2.09,5.E-02,1.3125));
#1848 = VECTOR('',#1849,1.);
#1849 = DIRECTION('',(0.,0.,-1.));
#1850 = ORIENTED_EDGE('',*,*,#1851,.T.);
#1851 = EDGE_CURVE('',#1844,#1852,#1854,.T.);
#1852 = VERTEX_POINT('',#1853);
#1853 = CARTESIAN_POINT('',(2.31,5.E-02,2.625));
#1854 = CIRCLE('',#1855,0.11);
#1855 = AXIS2_PLACEMENT_3D('',#1856,#1857,#1858);
#1856 = CARTESIAN_POINT('',(2.2,5.E-02,2.625));
#1857 = DIRECTION('',(0.,-1.,2.22044604925E-16));
#1858 = DIRECTION('',(1.,0.,0.));
#1859 = ORIENTED_EDGE('',*,*,#1860,.T.);
#1860 = EDGE_CURVE('',#1852,#1861,#1863,.T.);
#1861 = VERTEX_POINT('',#1862);
#1862 = CARTESIAN_POINT('',(2.31,5.E-02,3.));
#1863 = LINE('',#1864,#1865);
#1864 = CARTESIAN_POINT('',(2.31,5.E-02,1.5));
#1865 = VECTOR('',#1866,1.);
#1866 = DIRECTION('',(0.,0.,1.));
#1867 = ORIENTED_EDGE('',*,*,#1868,.F.);
#1868 = EDGE_CURVE('',#266,#1861,#1869,.T.);
#1869 = LINE('',#1870,#1871);
#1870 = CARTESIAN_POINT('',(3.,5.E-02,3.));
#1871 = VECTOR('',#1872,1.);
#1872 = DIRECTION('',(-1.,0.,0.));
#1873 = ORIENTED_EDGE('',*,*,#273,.F.);
#1874 = ORIENTED_EDGE('',*,*,#1875,.T.);
#1875 = EDGE_CURVE('',#274,#1876,#1878,.T.);
#1876 = VERTEX_POINT('',#1877);
#1877 = CARTESIAN_POINT('',(2.625,5.E-02,2.31));
#1878 = LINE('',#1879,#1880);
#1879 = CARTESIAN_POINT('',(1.3125,5.E-02,2.31));
#1880 = VECTOR('',#1881,1.);
#1881 = DIRECTION('',(-1.,0.,0.));
#1882 = ORIENTED_EDGE('',*,*,#1883,.T.);
#1883 = EDGE_CURVE('',#1876,#1884,#1886,.T.);
#1884 = VERTEX_POINT('',#1885);
#1885 = CARTESIAN_POINT('',(2.625,5.E-02,2.09));
#1886 = CIRCLE('',#1887,0.11);
#1887 = AXIS2_PLACEMENT_3D('',#1888,#1889,#1890);
#1888 = CARTESIAN_POINT('',(2.625,5.E-02,2.2));
#1889 = DIRECTION('',(0.,-1.,2.22044604925E-16));
#1890 = DIRECTION('',(1.,0.,0.));
#1891 = ORIENTED_EDGE('',*,*,#1892,.T.);
#1892 = EDGE_CURVE('',#1884,#298,#1893,.T.);
#1893 = LINE('',#1894,#1895);
#1894 = CARTESIAN_POINT('',(1.5,5.E-02,2.09));
#1895 = VECTOR('',#1896,1.);
#1896 = DIRECTION('',(1.,0.,0.));
#1897 = ORIENTED_EDGE('',*,*,#305,.F.);
#1898 = ORIENTED_EDGE('',*,*,#1899,.T.);
#1899 = EDGE_CURVE('',#306,#1900,#1902,.T.);
#1900 = VERTEX_POINT('',#1901);
#1901 = CARTESIAN_POINT('',(2.625,5.E-02,1.91));
#1902 = LINE('',#1903,#1904);
#1903 = CARTESIAN_POINT('',(1.3125,5.E-02,1.91));
#1904 = VECTOR('',#1905,1.);
#1905 = DIRECTION('',(-1.,0.,0.));
#1906 = ORIENTED_EDGE('',*,*,#1907,.T.);
#1907 = EDGE_CURVE('',#1900,#1908,#1910,.T.);
#1908 = VERTEX_POINT('',#1909);
#1909 = CARTESIAN_POINT('',(2.625,5.E-02,1.69));
#1910 = CIRCLE('',#1911,0.11);
#1911 = AXIS2_PLACEMENT_3D('',#1912,#1913,#1914);
#1912 = CARTESIAN_POINT('',(2.625,5.E-02,1.8));
#1913 = DIRECTION('',(0.,-1.,2.22044604925E-16));
#1914 = DIRECTION('',(1.,0.,0.));
#1915 = ORIENTED_EDGE('',*,*,#1916,.T.);
#1916 = EDGE_CURVE('',#1908,#330,#1917,.T.);
#1917 = LINE('',#1918,#1919);
#1918 = CARTESIAN_POINT('',(1.5,5.E-02,1.69));
#1919 = VECTOR('',#1920,1.);
#1920 = DIRECTION('',(1.,0.,0.));
#1921 = ORIENTED_EDGE('',*,*,#337,.F.);
#1922 = ORIENTED_EDGE('',*,*,#1923,.T.);
#1923 = EDGE_CURVE('',#338,#1924,#1926,.T.);
#1924 = VERTEX_POINT('',#1925);
#1925 = CARTESIAN_POINT('',(2.625,5.E-02,1.51));
#1926 = LINE('',#1927,#1928);
#1927 = CARTESIAN_POINT('',(1.3125,5.E-02,1.51));
#1928 = VECTOR('',#1929,1.);
#1929 = DIRECTION('',(-1.,0.,0.));
#1930 = ORIENTED_EDGE('',*,*,#1931,.T.);
#1931 = EDGE_CURVE('',#1924,#1932,#1934,.T.);
#1932 = VERTEX_POINT('',#1933);
#1933 = CARTESIAN_POINT('',(2.625,5.E-02,1.29));
#1934 = CIRCLE('',#1935,0.11);
#1935 = AXIS2_PLACEMENT_3D('',#1936,#1937,#1938);
#1936 = CARTESIAN_POINT('',(2.625,5.E-02,1.4));
#1937 = DIRECTION('',(0.,-1.,2.22044604925E-16));
#1938 = DIRECTION('',(1.,0.,0.));
#1939 = ORIENTED_EDGE('',*,*,#1940,.T.);
#1940 = EDGE_CURVE('',#1932,#362,#1941,.T.);
#1941 = LINE('',#1942,#1943);
#1942 = CARTESIAN_POINT('',(1.5,5.E-02,1.29));
#1943 = VECTOR('',#1944,1.);
#1944 = DIRECTION('',(1.,0.,0.));
#1945 = ORIENTED_EDGE('',*,*,#369,.F.);
#1946 = ORIENTED_EDGE('',*,*,#1947,.T.);
#1947 = EDGE_CURVE('',#370,#1948,#1950,.T.);
#1948 = VERTEX_POINT('',#1949);
#1949 = CARTESIAN_POINT('',(2.625,5.E-02,1.11));
#1950 = LINE('',#1951,#1952);
#1951 = CARTESIAN_POINT('',(1.3125,5.E-02,1.11));
#1952 = VECTOR('',#1953,1.);
#1953 = DIRECTION('',(-1.,0.,0.));
#1954 = ORIENTED_EDGE('',*,*,#1955,.T.);
#1955 = EDGE_CURVE('',#1948,#1956,#1958,.T.);
#1956 = VERTEX_POINT('',#1957);
#1957 = CARTESIAN_POINT('',(2.625,5.E-02,0.89));
#1958 = CIRCLE('',#1959,0.11);
#1959 = AXIS2_PLACEMENT_3D('',#1960,#1961,#1962);
#1960 = CARTESIAN_POINT('',(2.625,5.E-02,1.));
#1961 = DIRECTION('',(0.,-1.,2.22044604925E-16));
#1962 = DIRECTION('',(1.,0.,0.));
#1963 = ORIENTED_EDGE('',*,*,#1964,.T.);
#1964 = EDGE_CURVE('',#1956,#394,#1965,.T.);
#1965 = LINE('',#1966,#1967);
#1966 = CARTESIAN_POINT('',(1.5,5.E-02,0.89));
#1967 = VECTOR('',#1968,1.);
#1968 = DIRECTION('',(1.,0.,0.));
#1969 = ORIENTED_EDGE('',*,*,#401,.F.);
#1970 = ORIENTED_EDGE('',*,*,#1971,.T.);
#1971 = EDGE_CURVE('',#402,#1972,#1974,.T.);
#1972 = VERTEX_POINT('',#1973);
#1973 = CARTESIAN_POINT('',(2.625,5.E-02,0.71));
#1974 = LINE('',#1975,#1976);
#1975 = CARTESIAN_POINT('',(1.3125,5.E-02,0.71));
#1976 = VECTOR('',#1977,1.);
#1977 = DIRECTION('',(-1.,0.,0.));
#1978 = ORIENTED_EDGE('',*,*,#1979,.T.);
#1979 = EDGE_CURVE('',#1972,#1980,#1982,.T.);
#1980 = VERTEX_POINT('',#1981);
#1981 = CARTESIAN_POINT('',(2.625,5.E-02,0.49));
#1982 = CIRCLE('',#1983,0.11);
#1983 = AXIS2_PLACEMENT_3D('',#1984,#1985,#1986);
#1984 = CARTESIAN_POINT('',(2.625,5.E-02,0.6));
#1985 = DIRECTION('',(0.,-1.,2.22044604925E-16));
#1986 = DIRECTION('',(1.,0.,0.));
#1987 = ORIENTED_EDGE('',*,*,#1988,.T.);
#1988 = EDGE_CURVE('',#1980,#426,#1989,.T.);
#1989 = LINE('',#1990,#1991);
#1990 = CARTESIAN_POINT('',(1.5,5.E-02,0.49));
#1991 = VECTOR('',#1992,1.);
#1992 = DIRECTION('',(1.,0.,0.));
#1993 = ORIENTED_EDGE('',*,*,#433,.F.);
#1994 = ORIENTED_EDGE('',*,*,#1995,.T.);
#1995 = EDGE_CURVE('',#434,#1996,#1998,.T.);
#1996 = VERTEX_POINT('',#1997);
#1997 = CARTESIAN_POINT('',(2.625,5.E-02,0.31));
#1998 = LINE('',#1999,#2000);
#1999 = CARTESIAN_POINT('',(1.3125,5.E-02,0.31));
#2000 = VECTOR('',#2001,1.);
#2001 = DIRECTION('',(-1.,0.,0.));
#2002 = ORIENTED_EDGE('',*,*,#2003,.T.);
#2003 = EDGE_CURVE('',#1996,#2004,#2006,.T.);
#2004 = VERTEX_POINT('',#2005);
#2005 = CARTESIAN_POINT('',(2.625,5.E-02,9.E-02));
#2006 = CIRCLE('',#2007,0.11);
#2007 = AXIS2_PLACEMENT_3D('',#2008,#2009,#2010);
#2008 = CARTESIAN_POINT('',(2.625,5.E-02,0.2));
#2009 = DIRECTION('',(0.,-1.,2.22044604925E-16));
#2010 = DIRECTION('',(1.,0.,0.));
#2011 = ORIENTED_EDGE('',*,*,#2012,.T.);
#2012 = EDGE_CURVE('',#2004,#458,#2013,.T.);
#2013 = LINE('',#2014,#2015);
#2014 = CARTESIAN_POINT('',(1.5,5.E-02,9.E-02));
#2015 = VECTOR('',#2016,1.);
#2016 = DIRECTION('',(1.,0.,0.));
#2017 = ORIENTED_EDGE('',*,*,#465,.F.);
#2018 = ORIENTED_EDGE('',*,*,#2019,.T.);
#2019 = EDGE_CURVE('',#466,#2020,#2022,.T.);
#2020 = VERTEX_POINT('',#2021);
#2021 = CARTESIAN_POINT('',(2.625,5.E-02,-9.E-02));
#2022 = LINE('',#2023,#2024);
#2023 = CARTESIAN_POINT('',(1.3125,5.E-02,-9.E-02));
#2024 = VECTOR('',#2025,1.);
#2025 = DIRECTION('',(-1.,0.,0.));
#2026 = ORIENTED_EDGE('',*,*,#2027,.T.);
#2027 = EDGE_CURVE('',#2020,#2028,#2030,.T.);
#2028 = VERTEX_POINT('',#2029);
#2029 = CARTESIAN_POINT('',(2.625,5.E-02,-0.31));
#2030 = CIRCLE('',#2031,0.11);
#2031 = AXIS2_PLACEMENT_3D('',#2032,#2033,#2034);
#2032 = CARTESIAN_POINT('',(2.625,5.E-02,-0.2));
#2033 = DIRECTION('',(0.,-1.,2.22044604925E-16));
#2034 = DIRECTION('',(1.,0.,0.));
#2035 = ORIENTED_EDGE('',*,*,#2036,.T.);
#2036 = EDGE_CURVE('',#2028,#490,#2037,.T.);
#2037 = LINE('',#2038,#2039);
#2038 = CARTESIAN_POINT('',(1.5,5.E-02,-0.31));
#2039 = VECTOR('',#2040,1.);
#2040 = DIRECTION('',(1.,0.,0.));
#2041 = ORIENTED_EDGE('',*,*,#497,.F.);
#2042 = ORIENTED_EDGE('',*,*,#2043,.T.);
#2043 = EDGE_CURVE('',#498,#2044,#2046,.T.);
#2044 = VERTEX_POINT('',#2045);
#2045 = CARTESIAN_POINT('',(2.625,5.E-02,-0.49));
#2046 = LINE('',#2047,#2048);
#2047 = CARTESIAN_POINT('',(1.3125,5.E-02,-0.49));
#2048 = VECTOR('',#2049,1.);
#2049 = DIRECTION('',(-1.,0.,0.));
#2050 = ORIENTED_EDGE('',*,*,#2051,.T.);
#2051 = EDGE_CURVE('',#2044,#2052,#2054,.T.);
#2052 = VERTEX_POINT('',#2053);
#2053 = CARTESIAN_POINT('',(2.625,5.E-02,-0.71));
#2054 = CIRCLE('',#2055,0.11);
#2055 = AXIS2_PLACEMENT_3D('',#2056,#2057,#2058);
#2056 = CARTESIAN_POINT('',(2.625,5.E-02,-0.6));
#2057 = DIRECTION('',(0.,-1.,2.22044604925E-16));
#2058 = DIRECTION('',(1.,0.,0.));
#2059 = ORIENTED_EDGE('',*,*,#2060,.T.);
#2060 = EDGE_CURVE('',#2052,#522,#2061,.T.);
#2061 = LINE('',#2062,#2063);
#2062 = CARTESIAN_POINT('',(1.5,5.E-02,-0.71));
#2063 = VECTOR('',#2064,1.);
#2064 = DIRECTION('',(1.,0.,0.));
#2065 = ORIENTED_EDGE('',*,*,#529,.F.);
#2066 = ORIENTED_EDGE('',*,*,#2067,.T.);
#2067 = EDGE_CURVE('',#530,#2068,#2070,.T.);
#2068 = VERTEX_POINT('',#2069);
#2069 = CARTESIAN_POINT('',(2.625,5.E-02,-0.89));
#2070 = LINE('',#2071,#2072);
#2071 = CARTESIAN_POINT('',(1.3125,5.E-02,-0.89));
#2072 = VECTOR('',#2073,1.);
#2073 = DIRECTION('',(-1.,0.,0.));
#2074 = ORIENTED_EDGE('',*,*,#2075,.T.);
#2075 = EDGE_CURVE('',#2068,#2076,#2078,.T.);
#2076 = VERTEX_POINT('',#2077);
#2077 = CARTESIAN_POINT('',(2.625,5.E-02,-1.11));
#2078 = CIRCLE('',#2079,0.11);
#2079 = AXIS2_PLACEMENT_3D('',#2080,#2081,#2082);
#2080 = CARTESIAN_POINT('',(2.625,5.E-02,-1.));
#2081 = DIRECTION('',(0.,-1.,2.22044604925E-16));
#2082 = DIRECTION('',(1.,0.,0.));
#2083 = ORIENTED_EDGE('',*,*,#2084,.T.);
#2084 = EDGE_CURVE('',#2076,#554,#2085,.T.);
#2085 = LINE('',#2086,#2087);
#2086 = CARTESIAN_POINT('',(1.5,5.E-02,-1.11));
#2087 = VECTOR('',#2088,1.);
#2088 = DIRECTION('',(1.,0.,0.));
#2089 = ORIENTED_EDGE('',*,*,#561,.F.);
#2090 = ORIENTED_EDGE('',*,*,#2091,.T.);
#2091 = EDGE_CURVE('',#562,#2092,#2094,.T.);
#2092 = VERTEX_POINT('',#2093);
#2093 = CARTESIAN_POINT('',(2.625,5.E-02,-1.29));
#2094 = LINE('',#2095,#2096);
#2095 = CARTESIAN_POINT('',(1.3125,5.E-02,-1.29));
#2096 = VECTOR('',#2097,1.);
#2097 = DIRECTION('',(-1.,0.,0.));
#2098 = ORIENTED_EDGE('',*,*,#2099,.T.);
#2099 = EDGE_CURVE('',#2092,#2100,#2102,.T.);
#2100 = VERTEX_POINT('',#2101);
#2101 = CARTESIAN_POINT('',(2.625,5.E-02,-1.51));
#2102 = CIRCLE('',#2103,0.11);
#2103 = AXIS2_PLACEMENT_3D('',#2104,#2105,#2106);
#2104 = CARTESIAN_POINT('',(2.625,5.E-02,-1.4));
#2105 = DIRECTION('',(0.,-1.,2.22044604925E-16));
#2106 = DIRECTION('',(1.,0.,0.));
#2107 = ORIENTED_EDGE('',*,*,#2108,.T.);
#2108 = EDGE_CURVE('',#2100,#586,#2109,.T.);
#2109 = LINE('',#2110,#2111);
#2110 = CARTESIAN_POINT('',(1.5,5.E-02,-1.51));
#2111 = VECTOR('',#2112,1.);
#2112 = DIRECTION('',(1.,0.,0.));
#2113 = ORIENTED_EDGE('',*,*,#593,.F.);
#2114 = ORIENTED_EDGE('',*,*,#2115,.T.);
#2115 = EDGE_CURVE('',#594,#2116,#2118,.T.);
#2116 = VERTEX_POINT('',#2117);
#2117 = CARTESIAN_POINT('',(2.625,5.E-02,-1.69));
#2118 = LINE('',#2119,#2120);
#2119 = CARTESIAN_POINT('',(1.3125,5.E-02,-1.69));
#2120 = VECTOR('',#2121,1.);
#2121 = DIRECTION('',(-1.,0.,0.));
#2122 = ORIENTED_EDGE('',*,*,#2123,.T.);
#2123 = EDGE_CURVE('',#2116,#2124,#2126,.T.);
#2124 = VERTEX_POINT('',#2125);
#2125 = CARTESIAN_POINT('',(2.625,5.E-02,-1.91));
#2126 = CIRCLE('',#2127,0.11);
#2127 = AXIS2_PLACEMENT_3D('',#2128,#2129,#2130);
#2128 = CARTESIAN_POINT('',(2.625,5.E-02,-1.8));
#2129 = DIRECTION('',(0.,-1.,2.22044604925E-16));
#2130 = DIRECTION('',(1.,0.,0.));
#2131 = ORIENTED_EDGE('',*,*,#2132,.T.);
#2132 = EDGE_CURVE('',#2124,#618,#2133,.T.);
#2133 = LINE('',#2134,#2135);
#2134 = CARTESIAN_POINT('',(1.5,5.E-02,-1.91));
#2135 = VECTOR('',#2136,1.);
#2136 = DIRECTION('',(1.,0.,0.));
#2137 = ORIENTED_EDGE('',*,*,#625,.F.);
#2138 = ORIENTED_EDGE('',*,*,#2139,.T.);
#2139 = EDGE_CURVE('',#626,#2140,#2142,.T.);
#2140 = VERTEX_POINT('',#2141);
#2141 = CARTESIAN_POINT('',(2.625,5.E-02,-2.09));
#2142 = LINE('',#2143,#2144);
#2143 = CARTESIAN_POINT('',(1.3125,5.E-02,-2.09));
#2144 = VECTOR('',#2145,1.);
#2145 = DIRECTION('',(-1.,0.,0.));
#2146 = ORIENTED_EDGE('',*,*,#2147,.T.);
#2147 = EDGE_CURVE('',#2140,#2148,#2150,.T.);
#2148 = VERTEX_POINT('',#2149);
#2149 = CARTESIAN_POINT('',(2.625,5.E-02,-2.31));
#2150 = CIRCLE('',#2151,0.11);
#2151 = AXIS2_PLACEMENT_3D('',#2152,#2153,#2154);
#2152 = CARTESIAN_POINT('',(2.625,5.E-02,-2.2));
#2153 = DIRECTION('',(0.,-1.,2.22044604925E-16));
#2154 = DIRECTION('',(1.,0.,0.));
#2155 = ORIENTED_EDGE('',*,*,#2156,.T.);
#2156 = EDGE_CURVE('',#2148,#242,#2157,.T.);
#2157 = LINE('',#2158,#2159);
#2158 = CARTESIAN_POINT('',(1.5,5.E-02,-2.31));
#2159 = VECTOR('',#2160,1.);
#2160 = DIRECTION('',(1.,0.,0.));
#2161 = PLANE('',#2162);
#2162 = AXIS2_PLACEMENT_3D('',#2163,#2164,#2165);
#2163 = CARTESIAN_POINT('',(0.,5.E-02,-1.387778780781E-17));
#2164 = DIRECTION('',(0.,1.,0.));
#2165 = DIRECTION('',(0.,0.,1.));
#2166 = ADVANCED_FACE('',(#2167),#2185,.T.);
#2167 = FACE_BOUND('',#2168,.T.);
#2168 = EDGE_LOOP('',(#2169,#2170,#2171,#2179));
#2169 = ORIENTED_EDGE('',*,*,#2156,.T.);
#2170 = ORIENTED_EDGE('',*,*,#649,.T.);
#2171 = ORIENTED_EDGE('',*,*,#2172,.T.);
#2172 = EDGE_CURVE('',#642,#2173,#2175,.T.);
#2173 = VERTEX_POINT('',#2174);
#2174 = CARTESIAN_POINT('',(2.625,0.2,-2.31));
#2175 = LINE('',#2176,#2177);
#2176 = CARTESIAN_POINT('',(3.,0.2,-2.31));
#2177 = VECTOR('',#2178,1.);
#2178 = DIRECTION('',(-1.,0.,0.));
#2179 = ORIENTED_EDGE('',*,*,#2180,.F.);
#2180 = EDGE_CURVE('',#2148,#2173,#2181,.T.);
#2181 = LINE('',#2182,#2183);
#2182 = CARTESIAN_POINT('',(2.625,-5.129230373768E-16,-2.31));
#2183 = VECTOR('',#2184,1.);
#2184 = DIRECTION('',(0.,1.,-2.22044604925E-16));
#2185 = PLANE('',#2186);
#2186 = AXIS2_PLACEMENT_3D('',#2187,#2188,#2189);
#2187 = CARTESIAN_POINT('',(3.,-5.129230373768E-16,-2.31));
#2188 = DIRECTION('',(0.,2.22044604925E-16,1.));
#2189 = DIRECTION('',(-1.,0.,0.));
#2190 = ADVANCED_FACE('',(#2191),#2210,.F.);
#2191 = FACE_BOUND('',#2192,.F.);
#2192 = EDGE_LOOP('',(#2193,#2194,#2195,#2204));
#2193 = ORIENTED_EDGE('',*,*,#641,.T.);
#2194 = ORIENTED_EDGE('',*,*,#2172,.T.);
#2195 = ORIENTED_EDGE('',*,*,#2196,.F.);
#2196 = EDGE_CURVE('',#2197,#2173,#2199,.T.);
#2197 = VERTEX_POINT('',#2198);
#2198 = CARTESIAN_POINT('',(2.625,0.2,-2.09));
#2199 = CIRCLE('',#2200,0.11);
#2200 = AXIS2_PLACEMENT_3D('',#2201,#2202,#2203);
#2201 = CARTESIAN_POINT('',(2.625,0.2,-2.2));
#2202 = DIRECTION('',(0.,-1.,2.22044604925E-16));
#2203 = DIRECTION('',(1.,0.,0.));
#2204 = ORIENTED_EDGE('',*,*,#2205,.T.);
#2205 = EDGE_CURVE('',#2197,#634,#2206,.T.);
#2206 = LINE('',#2207,#2208);
#2207 = CARTESIAN_POINT('',(2.625,0.2,-2.09));
#2208 = VECTOR('',#2209,1.);
#2209 = DIRECTION('',(1.,0.,0.));
#2210 = PLANE('',#2211);
#2211 = AXIS2_PLACEMENT_3D('',#2212,#2213,#2214);
#2212 = CARTESIAN_POINT('',(2.780513219406,0.2,-2.2));
#2213 = DIRECTION('',(0.,1.,0.));
#2214 = DIRECTION('',(0.,0.,1.));
#2215 = ADVANCED_FACE('',(#2216),#2227,.T.);
#2216 = FACE_BOUND('',#2217,.T.);
#2217 = EDGE_LOOP('',(#2218,#2219,#2225,#2226));
#2218 = ORIENTED_EDGE('',*,*,#2139,.T.);
#2219 = ORIENTED_EDGE('',*,*,#2220,.T.);
#2220 = EDGE_CURVE('',#2140,#2197,#2221,.T.);
#2221 = LINE('',#2222,#2223);
#2222 = CARTESIAN_POINT('',(2.625,-4.640732242933E-16,-2.09));
#2223 = VECTOR('',#2224,1.);
#2224 = DIRECTION('',(0.,1.,-2.22044604925E-16));
#2225 = ORIENTED_EDGE('',*,*,#2205,.T.);
#2226 = ORIENTED_EDGE('',*,*,#633,.F.);
#2227 = PLANE('',#2228);
#2228 = AXIS2_PLACEMENT_3D('',#2229,#2230,#2231);
#2229 = CARTESIAN_POINT('',(2.625,-4.640732242933E-16,-2.09));
#2230 = DIRECTION('',(0.,-2.22044604925E-16,-1.));
#2231 = DIRECTION('',(1.,0.,0.));
#2232 = ADVANCED_FACE('',(#2233),#2251,.T.);
#2233 = FACE_BOUND('',#2234,.T.);
#2234 = EDGE_LOOP('',(#2235,#2236,#2237,#2245));
#2235 = ORIENTED_EDGE('',*,*,#2132,.T.);
#2236 = ORIENTED_EDGE('',*,*,#617,.T.);
#2237 = ORIENTED_EDGE('',*,*,#2238,.T.);
#2238 = EDGE_CURVE('',#610,#2239,#2241,.T.);
#2239 = VERTEX_POINT('',#2240);
#2240 = CARTESIAN_POINT('',(2.625,0.2,-1.91));
#2241 = LINE('',#2242,#2243);
#2242 = CARTESIAN_POINT('',(3.,0.2,-1.91));
#2243 = VECTOR('',#2244,1.);
#2244 = DIRECTION('',(-1.,0.,0.));
#2245 = ORIENTED_EDGE('',*,*,#2246,.F.);
#2246 = EDGE_CURVE('',#2124,#2239,#2247,.T.);
#2247 = LINE('',#2248,#2249);
#2248 = CARTESIAN_POINT('',(2.625,-4.440892098501E-16,-1.91));
#2249 = VECTOR('',#2250,1.);
#2250 = DIRECTION('',(0.,1.,-2.22044604925E-16));
#2251 = PLANE('',#2252);
#2252 = AXIS2_PLACEMENT_3D('',#2253,#2254,#2255);
#2253 = CARTESIAN_POINT('',(3.,-4.440892098501E-16,-1.91));
#2254 = DIRECTION('',(0.,2.22044604925E-16,1.));
#2255 = DIRECTION('',(-1.,0.,0.));
#2256 = ADVANCED_FACE('',(#2257),#2276,.F.);
#2257 = FACE_BOUND('',#2258,.F.);
#2258 = EDGE_LOOP('',(#2259,#2260,#2261,#2270));
#2259 = ORIENTED_EDGE('',*,*,#609,.T.);
#2260 = ORIENTED_EDGE('',*,*,#2238,.T.);
#2261 = ORIENTED_EDGE('',*,*,#2262,.F.);
#2262 = EDGE_CURVE('',#2263,#2239,#2265,.T.);
#2263 = VERTEX_POINT('',#2264);
#2264 = CARTESIAN_POINT('',(2.625,0.2,-1.69));
#2265 = CIRCLE('',#2266,0.11);
#2266 = AXIS2_PLACEMENT_3D('',#2267,#2268,#2269);
#2267 = CARTESIAN_POINT('',(2.625,0.2,-1.8));
#2268 = DIRECTION('',(0.,-1.,2.22044604925E-16));
#2269 = DIRECTION('',(1.,0.,0.));
#2270 = ORIENTED_EDGE('',*,*,#2271,.T.);
#2271 = EDGE_CURVE('',#2263,#602,#2272,.T.);
#2272 = LINE('',#2273,#2274);
#2273 = CARTESIAN_POINT('',(2.625,0.2,-1.69));
#2274 = VECTOR('',#2275,1.);
#2275 = DIRECTION('',(1.,0.,0.));
#2276 = PLANE('',#2277);
#2277 = AXIS2_PLACEMENT_3D('',#2278,#2279,#2280);
#2278 = CARTESIAN_POINT('',(2.780513219406,0.2,-1.8));
#2279 = DIRECTION('',(0.,1.,0.));
#2280 = DIRECTION('',(0.,0.,1.));
#2281 = ADVANCED_FACE('',(#2282),#2293,.T.);
#2282 = FACE_BOUND('',#2283,.T.);
#2283 = EDGE_LOOP('',(#2284,#2285,#2291,#2292));
#2284 = ORIENTED_EDGE('',*,*,#2115,.T.);
#2285 = ORIENTED_EDGE('',*,*,#2286,.T.);
#2286 = EDGE_CURVE('',#2116,#2263,#2287,.T.);
#2287 = LINE('',#2288,#2289);
#2288 = CARTESIAN_POINT('',(2.625,-3.885780586188E-16,-1.69));
#2289 = VECTOR('',#2290,1.);
#2290 = DIRECTION('',(0.,1.,-2.22044604925E-16));
#2291 = ORIENTED_EDGE('',*,*,#2271,.T.);
#2292 = ORIENTED_EDGE('',*,*,#601,.F.);
#2293 = PLANE('',#2294);
#2294 = AXIS2_PLACEMENT_3D('',#2295,#2296,#2297);
#2295 = CARTESIAN_POINT('',(2.625,-3.885780586188E-16,-1.69));
#2296 = DIRECTION('',(0.,-2.22044604925E-16,-1.));
#2297 = DIRECTION('',(1.,0.,0.));
#2298 = ADVANCED_FACE('',(#2299),#2317,.T.);
#2299 = FACE_BOUND('',#2300,.T.);
#2300 = EDGE_LOOP('',(#2301,#2302,#2303,#2311));
#2301 = ORIENTED_EDGE('',*,*,#2108,.T.);
#2302 = ORIENTED_EDGE('',*,*,#585,.T.);
#2303 = ORIENTED_EDGE('',*,*,#2304,.T.);
#2304 = EDGE_CURVE('',#578,#2305,#2307,.T.);
#2305 = VERTEX_POINT('',#2306);
#2306 = CARTESIAN_POINT('',(2.625,0.2,-1.51));
#2307 = LINE('',#2308,#2309);
#2308 = CARTESIAN_POINT('',(3.,0.2,-1.51));
#2309 = VECTOR('',#2310,1.);
#2310 = DIRECTION('',(-1.,0.,0.));
#2311 = ORIENTED_EDGE('',*,*,#2312,.F.);
#2312 = EDGE_CURVE('',#2100,#2305,#2313,.T.);
#2313 = LINE('',#2314,#2315);
#2314 = CARTESIAN_POINT('',(2.625,-4.440892098501E-16,-1.51));
#2315 = VECTOR('',#2316,1.);
#2316 = DIRECTION('',(0.,1.,-2.22044604925E-16));
#2317 = PLANE('',#2318);
#2318 = AXIS2_PLACEMENT_3D('',#2319,#2320,#2321);
#2319 = CARTESIAN_POINT('',(3.,-4.440892098501E-16,-1.51));
#2320 = DIRECTION('',(0.,2.22044604925E-16,1.));
#2321 = DIRECTION('',(-1.,0.,0.));
#2322 = ADVANCED_FACE('',(#2323),#2342,.F.);
#2323 = FACE_BOUND('',#2324,.F.);
#2324 = EDGE_LOOP('',(#2325,#2326,#2327,#2336));
#2325 = ORIENTED_EDGE('',*,*,#577,.T.);
#2326 = ORIENTED_EDGE('',*,*,#2304,.T.);
#2327 = ORIENTED_EDGE('',*,*,#2328,.F.);
#2328 = EDGE_CURVE('',#2329,#2305,#2331,.T.);
#2329 = VERTEX_POINT('',#2330);
#2330 = CARTESIAN_POINT('',(2.625,0.2,-1.29));
#2331 = CIRCLE('',#2332,0.11);
#2332 = AXIS2_PLACEMENT_3D('',#2333,#2334,#2335);
#2333 = CARTESIAN_POINT('',(2.625,0.2,-1.4));
#2334 = DIRECTION('',(0.,-1.,2.22044604925E-16));
#2335 = DIRECTION('',(1.,0.,0.));
#2336 = ORIENTED_EDGE('',*,*,#2337,.T.);
#2337 = EDGE_CURVE('',#2329,#570,#2338,.T.);
#2338 = LINE('',#2339,#2340);
#2339 = CARTESIAN_POINT('',(2.625,0.2,-1.29));
#2340 = VECTOR('',#2341,1.);
#2341 = DIRECTION('',(1.,0.,0.));
#2342 = PLANE('',#2343);
#2343 = AXIS2_PLACEMENT_3D('',#2344,#2345,#2346);
#2344 = CARTESIAN_POINT('',(2.780513219406,0.2,-1.4));
#2345 = DIRECTION('',(0.,1.,0.));
#2346 = DIRECTION('',(0.,0.,1.));
#2347 = ADVANCED_FACE('',(#2348),#2359,.T.);
#2348 = FACE_BOUND('',#2349,.T.);
#2349 = EDGE_LOOP('',(#2350,#2351,#2357,#2358));
#2350 = ORIENTED_EDGE('',*,*,#2091,.T.);
#2351 = ORIENTED_EDGE('',*,*,#2352,.T.);
#2352 = EDGE_CURVE('',#2092,#2329,#2353,.T.);
#2353 = LINE('',#2354,#2355);
#2354 = CARTESIAN_POINT('',(2.625,-3.330669073875E-16,-1.29));
#2355 = VECTOR('',#2356,1.);
#2356 = DIRECTION('',(0.,1.,-2.22044604925E-16));
#2357 = ORIENTED_EDGE('',*,*,#2337,.T.);
#2358 = ORIENTED_EDGE('',*,*,#569,.F.);
#2359 = PLANE('',#2360);
#2360 = AXIS2_PLACEMENT_3D('',#2361,#2362,#2363);
#2361 = CARTESIAN_POINT('',(2.625,-3.330669073875E-16,-1.29));
#2362 = DIRECTION('',(0.,-2.22044604925E-16,-1.));
#2363 = DIRECTION('',(1.,0.,0.));
#2364 = ADVANCED_FACE('',(#2365),#2383,.T.);
#2365 = FACE_BOUND('',#2366,.T.);
#2366 = EDGE_LOOP('',(#2367,#2368,#2369,#2377));
#2367 = ORIENTED_EDGE('',*,*,#2084,.T.);
#2368 = ORIENTED_EDGE('',*,*,#553,.T.);
#2369 = ORIENTED_EDGE('',*,*,#2370,.T.);
#2370 = EDGE_CURVE('',#546,#2371,#2373,.T.);
#2371 = VERTEX_POINT('',#2372);
#2372 = CARTESIAN_POINT('',(2.625,0.2,-1.11));
#2373 = LINE('',#2374,#2375);
#2374 = CARTESIAN_POINT('',(3.,0.2,-1.11));
#2375 = VECTOR('',#2376,1.);
#2376 = DIRECTION('',(-1.,0.,0.));
#2377 = ORIENTED_EDGE('',*,*,#2378,.F.);
#2378 = EDGE_CURVE('',#2076,#2371,#2379,.T.);
#2379 = LINE('',#2380,#2381);
#2380 = CARTESIAN_POINT('',(2.625,-2.22044604925E-16,-1.11));
#2381 = VECTOR('',#2382,1.);
#2382 = DIRECTION('',(0.,1.,-2.22044604925E-16));
#2383 = PLANE('',#2384);
#2384 = AXIS2_PLACEMENT_3D('',#2385,#2386,#2387);
#2385 = CARTESIAN_POINT('',(3.,-2.22044604925E-16,-1.11));
#2386 = DIRECTION('',(0.,2.22044604925E-16,1.));
#2387 = DIRECTION('',(-1.,0.,0.));
#2388 = ADVANCED_FACE('',(#2389),#2408,.F.);
#2389 = FACE_BOUND('',#2390,.F.);
#2390 = EDGE_LOOP('',(#2391,#2392,#2393,#2402));
#2391 = ORIENTED_EDGE('',*,*,#545,.T.);
#2392 = ORIENTED_EDGE('',*,*,#2370,.T.);
#2393 = ORIENTED_EDGE('',*,*,#2394,.F.);
#2394 = EDGE_CURVE('',#2395,#2371,#2397,.T.);
#2395 = VERTEX_POINT('',#2396);
#2396 = CARTESIAN_POINT('',(2.625,0.2,-0.89));
#2397 = CIRCLE('',#2398,0.11);
#2398 = AXIS2_PLACEMENT_3D('',#2399,#2400,#2401);
#2399 = CARTESIAN_POINT('',(2.625,0.2,-1.));
#2400 = DIRECTION('',(0.,-1.,2.22044604925E-16));
#2401 = DIRECTION('',(1.,0.,0.));
#2402 = ORIENTED_EDGE('',*,*,#2403,.T.);
#2403 = EDGE_CURVE('',#2395,#538,#2404,.T.);
#2404 = LINE('',#2405,#2406);
#2405 = CARTESIAN_POINT('',(2.625,0.2,-0.89));
#2406 = VECTOR('',#2407,1.);
#2407 = DIRECTION('',(1.,0.,0.));
#2408 = PLANE('',#2409);
#2409 = AXIS2_PLACEMENT_3D('',#2410,#2411,#2412);
#2410 = CARTESIAN_POINT('',(2.780513219406,0.2,-1.));
#2411 = DIRECTION('',(0.,1.,0.));
#2412 = DIRECTION('',(0.,0.,1.));
#2413 = ADVANCED_FACE('',(#2414),#2425,.T.);
#2414 = FACE_BOUND('',#2415,.T.);
#2415 = EDGE_LOOP('',(#2416,#2417,#2423,#2424));
#2416 = ORIENTED_EDGE('',*,*,#2067,.T.);
#2417 = ORIENTED_EDGE('',*,*,#2418,.T.);
#2418 = EDGE_CURVE('',#2068,#2395,#2419,.T.);
#2419 = LINE('',#2420,#2421);
#2420 = CARTESIAN_POINT('',(2.625,-2.22044604925E-16,-0.89));
#2421 = VECTOR('',#2422,1.);
#2422 = DIRECTION('',(0.,1.,-2.22044604925E-16));
#2423 = ORIENTED_EDGE('',*,*,#2403,.T.);
#2424 = ORIENTED_EDGE('',*,*,#537,.F.);
#2425 = PLANE('',#2426);
#2426 = AXIS2_PLACEMENT_3D('',#2427,#2428,#2429);
#2427 = CARTESIAN_POINT('',(2.625,-2.22044604925E-16,-0.89));
#2428 = DIRECTION('',(0.,-2.22044604925E-16,-1.));
#2429 = DIRECTION('',(1.,0.,0.));
#2430 = ADVANCED_FACE('',(#2431),#2449,.T.);
#2431 = FACE_BOUND('',#2432,.T.);
#2432 = EDGE_LOOP('',(#2433,#2434,#2435,#2443));
#2433 = ORIENTED_EDGE('',*,*,#2060,.T.);
#2434 = ORIENTED_EDGE('',*,*,#521,.T.);
#2435 = ORIENTED_EDGE('',*,*,#2436,.T.);
#2436 = EDGE_CURVE('',#514,#2437,#2439,.T.);
#2437 = VERTEX_POINT('',#2438);
#2438 = CARTESIAN_POINT('',(2.625,0.2,-0.71));
#2439 = LINE('',#2440,#2441);
#2440 = CARTESIAN_POINT('',(3.,0.2,-0.71));
#2441 = VECTOR('',#2442,1.);
#2442 = DIRECTION('',(-1.,0.,0.));
#2443 = ORIENTED_EDGE('',*,*,#2444,.F.);
#2444 = EDGE_CURVE('',#2052,#2437,#2445,.T.);
#2445 = LINE('',#2446,#2447);
#2446 = CARTESIAN_POINT('',(2.625,-2.22044604925E-16,-0.71));
#2447 = VECTOR('',#2448,1.);
#2448 = DIRECTION('',(0.,1.,-2.22044604925E-16));
#2449 = PLANE('',#2450);
#2450 = AXIS2_PLACEMENT_3D('',#2451,#2452,#2453);
#2451 = CARTESIAN_POINT('',(3.,-2.22044604925E-16,-0.71));
#2452 = DIRECTION('',(0.,2.22044604925E-16,1.));
#2453 = DIRECTION('',(-1.,0.,0.));
#2454 = ADVANCED_FACE('',(#2455),#2474,.F.);
#2455 = FACE_BOUND('',#2456,.F.);
#2456 = EDGE_LOOP('',(#2457,#2458,#2459,#2468));
#2457 = ORIENTED_EDGE('',*,*,#513,.T.);
#2458 = ORIENTED_EDGE('',*,*,#2436,.T.);
#2459 = ORIENTED_EDGE('',*,*,#2460,.F.);
#2460 = EDGE_CURVE('',#2461,#2437,#2463,.T.);
#2461 = VERTEX_POINT('',#2462);
#2462 = CARTESIAN_POINT('',(2.625,0.2,-0.49));
#2463 = CIRCLE('',#2464,0.11);
#2464 = AXIS2_PLACEMENT_3D('',#2465,#2466,#2467);
#2465 = CARTESIAN_POINT('',(2.625,0.2,-0.6));
#2466 = DIRECTION('',(0.,-1.,2.22044604925E-16));
#2467 = DIRECTION('',(1.,0.,0.));
#2468 = ORIENTED_EDGE('',*,*,#2469,.T.);
#2469 = EDGE_CURVE('',#2461,#506,#2470,.T.);
#2470 = LINE('',#2471,#2472);
#2471 = CARTESIAN_POINT('',(2.625,0.2,-0.49));
#2472 = VECTOR('',#2473,1.);
#2473 = DIRECTION('',(1.,0.,0.));
#2474 = PLANE('',#2475);
#2475 = AXIS2_PLACEMENT_3D('',#2476,#2477,#2478);
#2476 = CARTESIAN_POINT('',(2.780513219406,0.2,-0.6));
#2477 = DIRECTION('',(0.,1.,0.));
#2478 = DIRECTION('',(0.,0.,1.));
#2479 = ADVANCED_FACE('',(#2480),#2491,.T.);
#2480 = FACE_BOUND('',#2481,.T.);
#2481 = EDGE_LOOP('',(#2482,#2483,#2489,#2490));
#2482 = ORIENTED_EDGE('',*,*,#2043,.T.);
#2483 = ORIENTED_EDGE('',*,*,#2484,.T.);
#2484 = EDGE_CURVE('',#2044,#2461,#2485,.T.);
#2485 = LINE('',#2486,#2487);
#2486 = CARTESIAN_POINT('',(2.625,-2.22044604925E-16,-0.49));
#2487 = VECTOR('',#2488,1.);
#2488 = DIRECTION('',(0.,1.,-2.22044604925E-16));
#2489 = ORIENTED_EDGE('',*,*,#2469,.T.);
#2490 = ORIENTED_EDGE('',*,*,#505,.F.);
#2491 = PLANE('',#2492);
#2492 = AXIS2_PLACEMENT_3D('',#2493,#2494,#2495);
#2493 = CARTESIAN_POINT('',(2.625,-2.22044604925E-16,-0.49));
#2494 = DIRECTION('',(0.,-2.22044604925E-16,-1.));
#2495 = DIRECTION('',(1.,0.,0.));
#2496 = ADVANCED_FACE('',(#2497),#2515,.T.);
#2497 = FACE_BOUND('',#2498,.T.);
#2498 = EDGE_LOOP('',(#2499,#2500,#2501,#2509));
#2499 = ORIENTED_EDGE('',*,*,#2036,.T.);
#2500 = ORIENTED_EDGE('',*,*,#489,.T.);
#2501 = ORIENTED_EDGE('',*,*,#2502,.T.);
#2502 = EDGE_CURVE('',#482,#2503,#2505,.T.);
#2503 = VERTEX_POINT('',#2504);
#2504 = CARTESIAN_POINT('',(2.625,0.2,-0.31));
#2505 = LINE('',#2506,#2507);
#2506 = CARTESIAN_POINT('',(3.,0.2,-0.31));
#2507 = VECTOR('',#2508,1.);
#2508 = DIRECTION('',(-1.,0.,0.));
#2509 = ORIENTED_EDGE('',*,*,#2510,.F.);
#2510 = EDGE_CURVE('',#2028,#2503,#2511,.T.);
#2511 = LINE('',#2512,#2513);
#2512 = CARTESIAN_POINT('',(2.625,-4.440892098501E-16,-0.31));
#2513 = VECTOR('',#2514,1.);
#2514 = DIRECTION('',(0.,1.,-2.22044604925E-16));
#2515 = PLANE('',#2516);
#2516 = AXIS2_PLACEMENT_3D('',#2517,#2518,#2519);
#2517 = CARTESIAN_POINT('',(3.,-4.440892098501E-16,-0.31));
#2518 = DIRECTION('',(0.,2.22044604925E-16,1.));
#2519 = DIRECTION('',(-1.,0.,0.));
#2520 = ADVANCED_FACE('',(#2521),#2540,.F.);
#2521 = FACE_BOUND('',#2522,.F.);
#2522 = EDGE_LOOP('',(#2523,#2524,#2525,#2534));
#2523 = ORIENTED_EDGE('',*,*,#481,.T.);
#2524 = ORIENTED_EDGE('',*,*,#2502,.T.);
#2525 = ORIENTED_EDGE('',*,*,#2526,.F.);
#2526 = EDGE_CURVE('',#2527,#2503,#2529,.T.);
#2527 = VERTEX_POINT('',#2528);
#2528 = CARTESIAN_POINT('',(2.625,0.2,-9.E-02));
#2529 = CIRCLE('',#2530,0.11);
#2530 = AXIS2_PLACEMENT_3D('',#2531,#2532,#2533);
#2531 = CARTESIAN_POINT('',(2.625,0.2,-0.2));
#2532 = DIRECTION('',(0.,-1.,2.22044604925E-16));
#2533 = DIRECTION('',(1.,0.,0.));
#2534 = ORIENTED_EDGE('',*,*,#2535,.T.);
#2535 = EDGE_CURVE('',#2527,#474,#2536,.T.);
#2536 = LINE('',#2537,#2538);
#2537 = CARTESIAN_POINT('',(2.625,0.2,-9.E-02));
#2538 = VECTOR('',#2539,1.);
#2539 = DIRECTION('',(1.,0.,0.));
#2540 = PLANE('',#2541);
#2541 = AXIS2_PLACEMENT_3D('',#2542,#2543,#2544);
#2542 = CARTESIAN_POINT('',(2.780513219406,0.2,-0.2));
#2543 = DIRECTION('',(0.,1.,0.));
#2544 = DIRECTION('',(0.,0.,1.));
#2545 = ADVANCED_FACE('',(#2546),#2557,.T.);
#2546 = FACE_BOUND('',#2547,.T.);
#2547 = EDGE_LOOP('',(#2548,#2549,#2555,#2556));
#2548 = ORIENTED_EDGE('',*,*,#2019,.T.);
#2549 = ORIENTED_EDGE('',*,*,#2550,.T.);
#2550 = EDGE_CURVE('',#2020,#2527,#2551,.T.);
#2551 = LINE('',#2552,#2553);
#2552 = CARTESIAN_POINT('',(2.625,-4.440892098501E-16,-9.E-02));
#2553 = VECTOR('',#2554,1.);
#2554 = DIRECTION('',(0.,1.,-2.22044604925E-16));
#2555 = ORIENTED_EDGE('',*,*,#2535,.T.);
#2556 = ORIENTED_EDGE('',*,*,#473,.F.);
#2557 = PLANE('',#2558);
#2558 = AXIS2_PLACEMENT_3D('',#2559,#2560,#2561);
#2559 = CARTESIAN_POINT('',(2.625,-4.440892098501E-16,-9.E-02));
#2560 = DIRECTION('',(0.,-2.22044604925E-16,-1.));
#2561 = DIRECTION('',(1.,0.,0.));
#2562 = ADVANCED_FACE('',(#2563),#2581,.T.);
#2563 = FACE_BOUND('',#2564,.T.);
#2564 = EDGE_LOOP('',(#2565,#2566,#2567,#2575));
#2565 = ORIENTED_EDGE('',*,*,#2012,.T.);
#2566 = ORIENTED_EDGE('',*,*,#457,.T.);
#2567 = ORIENTED_EDGE('',*,*,#2568,.T.);
#2568 = EDGE_CURVE('',#450,#2569,#2571,.T.);
#2569 = VERTEX_POINT('',#2570);
#2570 = CARTESIAN_POINT('',(2.625,0.2,9.E-02));
#2571 = LINE('',#2572,#2573);
#2572 = CARTESIAN_POINT('',(3.,0.2,9.E-02));
#2573 = VECTOR('',#2574,1.);
#2574 = DIRECTION('',(-1.,0.,0.));
#2575 = ORIENTED_EDGE('',*,*,#2576,.F.);
#2576 = EDGE_CURVE('',#2004,#2569,#2577,.T.);
#2577 = LINE('',#2578,#2579);
#2578 = CARTESIAN_POINT('',(2.625,0.,9.E-02));
#2579 = VECTOR('',#2580,1.);
#2580 = DIRECTION('',(0.,1.,-2.22044604925E-16));
#2581 = PLANE('',#2582);
#2582 = AXIS2_PLACEMENT_3D('',#2583,#2584,#2585);
#2583 = CARTESIAN_POINT('',(3.,0.,9.E-02));
#2584 = DIRECTION('',(0.,2.22044604925E-16,1.));
#2585 = DIRECTION('',(-1.,0.,0.));
#2586 = ADVANCED_FACE('',(#2587),#2606,.F.);
#2587 = FACE_BOUND('',#2588,.F.);
#2588 = EDGE_LOOP('',(#2589,#2590,#2591,#2600));
#2589 = ORIENTED_EDGE('',*,*,#449,.T.);
#2590 = ORIENTED_EDGE('',*,*,#2568,.T.);
#2591 = ORIENTED_EDGE('',*,*,#2592,.F.);
#2592 = EDGE_CURVE('',#2593,#2569,#2595,.T.);
#2593 = VERTEX_POINT('',#2594);
#2594 = CARTESIAN_POINT('',(2.625,0.2,0.31));
#2595 = CIRCLE('',#2596,0.11);
#2596 = AXIS2_PLACEMENT_3D('',#2597,#2598,#2599);
#2597 = CARTESIAN_POINT('',(2.625,0.2,0.2));
#2598 = DIRECTION('',(0.,-1.,2.22044604925E-16));
#2599 = DIRECTION('',(1.,0.,0.));
#2600 = ORIENTED_EDGE('',*,*,#2601,.T.);
#2601 = EDGE_CURVE('',#2593,#442,#2602,.T.);
#2602 = LINE('',#2603,#2604);
#2603 = CARTESIAN_POINT('',(2.625,0.2,0.31));
#2604 = VECTOR('',#2605,1.);
#2605 = DIRECTION('',(1.,0.,0.));
#2606 = PLANE('',#2607);
#2607 = AXIS2_PLACEMENT_3D('',#2608,#2609,#2610);
#2608 = CARTESIAN_POINT('',(2.780513219406,0.2,0.2));
#2609 = DIRECTION('',(0.,1.,0.));
#2610 = DIRECTION('',(0.,0.,1.));
#2611 = ADVANCED_FACE('',(#2612),#2623,.T.);
#2612 = FACE_BOUND('',#2613,.T.);
#2613 = EDGE_LOOP('',(#2614,#2615,#2621,#2622));
#2614 = ORIENTED_EDGE('',*,*,#1995,.T.);
#2615 = ORIENTED_EDGE('',*,*,#2616,.T.);
#2616 = EDGE_CURVE('',#1996,#2593,#2617,.T.);
#2617 = LINE('',#2618,#2619);
#2618 = CARTESIAN_POINT('',(2.625,0.,0.31));
#2619 = VECTOR('',#2620,1.);
#2620 = DIRECTION('',(0.,1.,-2.22044604925E-16));
#2621 = ORIENTED_EDGE('',*,*,#2601,.T.);
#2622 = ORIENTED_EDGE('',*,*,#441,.F.);
#2623 = PLANE('',#2624);
#2624 = AXIS2_PLACEMENT_3D('',#2625,#2626,#2627);
#2625 = CARTESIAN_POINT('',(2.625,0.,0.31));
#2626 = DIRECTION('',(0.,-2.22044604925E-16,-1.));
#2627 = DIRECTION('',(1.,0.,0.));
#2628 = ADVANCED_FACE('',(#2629),#2647,.T.);
#2629 = FACE_BOUND('',#2630,.T.);
#2630 = EDGE_LOOP('',(#2631,#2632,#2633,#2641));
#2631 = ORIENTED_EDGE('',*,*,#1988,.T.);
#2632 = ORIENTED_EDGE('',*,*,#425,.T.);
#2633 = ORIENTED_EDGE('',*,*,#2634,.T.);
#2634 = EDGE_CURVE('',#418,#2635,#2637,.T.);
#2635 = VERTEX_POINT('',#2636);
#2636 = CARTESIAN_POINT('',(2.625,0.2,0.49));
#2637 = LINE('',#2638,#2639);
#2638 = CARTESIAN_POINT('',(3.,0.2,0.49));
#2639 = VECTOR('',#2640,1.);
#2640 = DIRECTION('',(-1.,0.,0.));
#2641 = ORIENTED_EDGE('',*,*,#2642,.F.);
#2642 = EDGE_CURVE('',#1980,#2635,#2643,.T.);
#2643 = LINE('',#2644,#2645);
#2644 = CARTESIAN_POINT('',(2.625,0.,0.49));
#2645 = VECTOR('',#2646,1.);
#2646 = DIRECTION('',(0.,1.,-2.22044604925E-16));
#2647 = PLANE('',#2648);
#2648 = AXIS2_PLACEMENT_3D('',#2649,#2650,#2651);
#2649 = CARTESIAN_POINT('',(3.,0.,0.49));
#2650 = DIRECTION('',(0.,2.22044604925E-16,1.));
#2651 = DIRECTION('',(-1.,0.,0.));
#2652 = ADVANCED_FACE('',(#2653),#2672,.F.);
#2653 = FACE_BOUND('',#2654,.F.);
#2654 = EDGE_LOOP('',(#2655,#2656,#2657,#2666));
#2655 = ORIENTED_EDGE('',*,*,#417,.T.);
#2656 = ORIENTED_EDGE('',*,*,#2634,.T.);
#2657 = ORIENTED_EDGE('',*,*,#2658,.F.);
#2658 = EDGE_CURVE('',#2659,#2635,#2661,.T.);
#2659 = VERTEX_POINT('',#2660);
#2660 = CARTESIAN_POINT('',(2.625,0.2,0.71));
#2661 = CIRCLE('',#2662,0.11);
#2662 = AXIS2_PLACEMENT_3D('',#2663,#2664,#2665);
#2663 = CARTESIAN_POINT('',(2.625,0.2,0.6));
#2664 = DIRECTION('',(0.,-1.,2.22044604925E-16));
#2665 = DIRECTION('',(1.,0.,0.));
#2666 = ORIENTED_EDGE('',*,*,#2667,.T.);
#2667 = EDGE_CURVE('',#2659,#410,#2668,.T.);
#2668 = LINE('',#2669,#2670);
#2669 = CARTESIAN_POINT('',(2.625,0.2,0.71));
#2670 = VECTOR('',#2671,1.);
#2671 = DIRECTION('',(1.,0.,0.));
#2672 = PLANE('',#2673);
#2673 = AXIS2_PLACEMENT_3D('',#2674,#2675,#2676);
#2674 = CARTESIAN_POINT('',(2.780513219406,0.2,0.6));
#2675 = DIRECTION('',(0.,1.,0.));
#2676 = DIRECTION('',(0.,0.,1.));
#2677 = ADVANCED_FACE('',(#2678),#2689,.T.);
#2678 = FACE_BOUND('',#2679,.T.);
#2679 = EDGE_LOOP('',(#2680,#2681,#2687,#2688));
#2680 = ORIENTED_EDGE('',*,*,#1971,.T.);
#2681 = ORIENTED_EDGE('',*,*,#2682,.T.);
#2682 = EDGE_CURVE('',#1972,#2659,#2683,.T.);
#2683 = LINE('',#2684,#2685);
#2684 = CARTESIAN_POINT('',(2.625,0.,0.71));
#2685 = VECTOR('',#2686,1.);
#2686 = DIRECTION('',(0.,1.,-2.22044604925E-16));
#2687 = ORIENTED_EDGE('',*,*,#2667,.T.);
#2688 = ORIENTED_EDGE('',*,*,#409,.F.);
#2689 = PLANE('',#2690);
#2690 = AXIS2_PLACEMENT_3D('',#2691,#2692,#2693);
#2691 = CARTESIAN_POINT('',(2.625,0.,0.71));
#2692 = DIRECTION('',(0.,-2.22044604925E-16,-1.));
#2693 = DIRECTION('',(1.,0.,0.));
#2694 = ADVANCED_FACE('',(#2695),#2713,.T.);
#2695 = FACE_BOUND('',#2696,.T.);
#2696 = EDGE_LOOP('',(#2697,#2698,#2699,#2707));
#2697 = ORIENTED_EDGE('',*,*,#1964,.T.);
#2698 = ORIENTED_EDGE('',*,*,#393,.T.);
#2699 = ORIENTED_EDGE('',*,*,#2700,.T.);
#2700 = EDGE_CURVE('',#386,#2701,#2703,.T.);
#2701 = VERTEX_POINT('',#2702);
#2702 = CARTESIAN_POINT('',(2.625,0.2,0.89));
#2703 = LINE('',#2704,#2705);
#2704 = CARTESIAN_POINT('',(3.,0.2,0.89));
#2705 = VECTOR('',#2706,1.);
#2706 = DIRECTION('',(-1.,0.,0.));
#2707 = ORIENTED_EDGE('',*,*,#2708,.F.);
#2708 = EDGE_CURVE('',#1956,#2701,#2709,.T.);
#2709 = LINE('',#2710,#2711);
#2710 = CARTESIAN_POINT('',(2.625,0.,0.89));
#2711 = VECTOR('',#2712,1.);
#2712 = DIRECTION('',(0.,1.,-2.22044604925E-16));
#2713 = PLANE('',#2714);
#2714 = AXIS2_PLACEMENT_3D('',#2715,#2716,#2717);
#2715 = CARTESIAN_POINT('',(3.,0.,0.89));
#2716 = DIRECTION('',(0.,2.22044604925E-16,1.));
#2717 = DIRECTION('',(-1.,0.,0.));
#2718 = ADVANCED_FACE('',(#2719),#2738,.F.);
#2719 = FACE_BOUND('',#2720,.F.);
#2720 = EDGE_LOOP('',(#2721,#2722,#2723,#2732));
#2721 = ORIENTED_EDGE('',*,*,#385,.T.);
#2722 = ORIENTED_EDGE('',*,*,#2700,.T.);
#2723 = ORIENTED_EDGE('',*,*,#2724,.F.);
#2724 = EDGE_CURVE('',#2725,#2701,#2727,.T.);
#2725 = VERTEX_POINT('',#2726);
#2726 = CARTESIAN_POINT('',(2.625,0.2,1.11));
#2727 = CIRCLE('',#2728,0.11);
#2728 = AXIS2_PLACEMENT_3D('',#2729,#2730,#2731);
#2729 = CARTESIAN_POINT('',(2.625,0.2,1.));
#2730 = DIRECTION('',(0.,-1.,2.22044604925E-16));
#2731 = DIRECTION('',(1.,0.,0.));
#2732 = ORIENTED_EDGE('',*,*,#2733,.T.);
#2733 = EDGE_CURVE('',#2725,#378,#2734,.T.);
#2734 = LINE('',#2735,#2736);
#2735 = CARTESIAN_POINT('',(2.625,0.2,1.11));
#2736 = VECTOR('',#2737,1.);
#2737 = DIRECTION('',(1.,0.,0.));
#2738 = PLANE('',#2739);
#2739 = AXIS2_PLACEMENT_3D('',#2740,#2741,#2742);
#2740 = CARTESIAN_POINT('',(2.780513219406,0.2,1.));
#2741 = DIRECTION('',(0.,1.,0.));
#2742 = DIRECTION('',(0.,0.,1.));
#2743 = ADVANCED_FACE('',(#2744),#2755,.T.);
#2744 = FACE_BOUND('',#2745,.T.);
#2745 = EDGE_LOOP('',(#2746,#2747,#2753,#2754));
#2746 = ORIENTED_EDGE('',*,*,#1947,.T.);
#2747 = ORIENTED_EDGE('',*,*,#2748,.T.);
#2748 = EDGE_CURVE('',#1948,#2725,#2749,.T.);
#2749 = LINE('',#2750,#2751);
#2750 = CARTESIAN_POINT('',(2.625,0.,1.11));
#2751 = VECTOR('',#2752,1.);
#2752 = DIRECTION('',(0.,1.,-2.22044604925E-16));
#2753 = ORIENTED_EDGE('',*,*,#2733,.T.);
#2754 = ORIENTED_EDGE('',*,*,#377,.F.);
#2755 = PLANE('',#2756);
#2756 = AXIS2_PLACEMENT_3D('',#2757,#2758,#2759);
#2757 = CARTESIAN_POINT('',(2.625,0.,1.11));
#2758 = DIRECTION('',(0.,-2.22044604925E-16,-1.));
#2759 = DIRECTION('',(1.,0.,0.));
#2760 = ADVANCED_FACE('',(#2761),#2779,.T.);
#2761 = FACE_BOUND('',#2762,.T.);
#2762 = EDGE_LOOP('',(#2763,#2764,#2765,#2773));
#2763 = ORIENTED_EDGE('',*,*,#1940,.T.);
#2764 = ORIENTED_EDGE('',*,*,#361,.T.);
#2765 = ORIENTED_EDGE('',*,*,#2766,.T.);
#2766 = EDGE_CURVE('',#354,#2767,#2769,.T.);
#2767 = VERTEX_POINT('',#2768);
#2768 = CARTESIAN_POINT('',(2.625,0.2,1.29));
#2769 = LINE('',#2770,#2771);
#2770 = CARTESIAN_POINT('',(3.,0.2,1.29));
#2771 = VECTOR('',#2772,1.);
#2772 = DIRECTION('',(-1.,0.,0.));
#2773 = ORIENTED_EDGE('',*,*,#2774,.F.);
#2774 = EDGE_CURVE('',#1932,#2767,#2775,.T.);
#2775 = LINE('',#2776,#2777);
#2776 = CARTESIAN_POINT('',(2.625,0.,1.29));
#2777 = VECTOR('',#2778,1.);
#2778 = DIRECTION('',(0.,1.,-2.22044604925E-16));
#2779 = PLANE('',#2780);
#2780 = AXIS2_PLACEMENT_3D('',#2781,#2782,#2783);
#2781 = CARTESIAN_POINT('',(3.,0.,1.29));
#2782 = DIRECTION('',(0.,2.22044604925E-16,1.));
#2783 = DIRECTION('',(-1.,0.,0.));
#2784 = ADVANCED_FACE('',(#2785),#2804,.F.);
#2785 = FACE_BOUND('',#2786,.F.);
#2786 = EDGE_LOOP('',(#2787,#2788,#2789,#2798));
#2787 = ORIENTED_EDGE('',*,*,#353,.T.);
#2788 = ORIENTED_EDGE('',*,*,#2766,.T.);
#2789 = ORIENTED_EDGE('',*,*,#2790,.F.);
#2790 = EDGE_CURVE('',#2791,#2767,#2793,.T.);
#2791 = VERTEX_POINT('',#2792);
#2792 = CARTESIAN_POINT('',(2.625,0.2,1.51));
#2793 = CIRCLE('',#2794,0.11);
#2794 = AXIS2_PLACEMENT_3D('',#2795,#2796,#2797);
#2795 = CARTESIAN_POINT('',(2.625,0.2,1.4));
#2796 = DIRECTION('',(0.,-1.,2.22044604925E-16));
#2797 = DIRECTION('',(1.,0.,0.));
#2798 = ORIENTED_EDGE('',*,*,#2799,.T.);
#2799 = EDGE_CURVE('',#2791,#346,#2800,.T.);
#2800 = LINE('',#2801,#2802);
#2801 = CARTESIAN_POINT('',(2.625,0.2,1.51));
#2802 = VECTOR('',#2803,1.);
#2803 = DIRECTION('',(1.,0.,0.));
#2804 = PLANE('',#2805);
#2805 = AXIS2_PLACEMENT_3D('',#2806,#2807,#2808);
#2806 = CARTESIAN_POINT('',(2.780513219406,0.2,1.4));
#2807 = DIRECTION('',(0.,1.,0.));
#2808 = DIRECTION('',(0.,0.,1.));
#2809 = ADVANCED_FACE('',(#2810),#2821,.T.);
#2810 = FACE_BOUND('',#2811,.T.);
#2811 = EDGE_LOOP('',(#2812,#2813,#2819,#2820));
#2812 = ORIENTED_EDGE('',*,*,#1923,.T.);
#2813 = ORIENTED_EDGE('',*,*,#2814,.T.);
#2814 = EDGE_CURVE('',#1924,#2791,#2815,.T.);
#2815 = LINE('',#2816,#2817);
#2816 = CARTESIAN_POINT('',(2.625,0.,1.51));
#2817 = VECTOR('',#2818,1.);
#2818 = DIRECTION('',(0.,1.,-2.22044604925E-16));
#2819 = ORIENTED_EDGE('',*,*,#2799,.T.);
#2820 = ORIENTED_EDGE('',*,*,#345,.F.);
#2821 = PLANE('',#2822);
#2822 = AXIS2_PLACEMENT_3D('',#2823,#2824,#2825);
#2823 = CARTESIAN_POINT('',(2.625,0.,1.51));
#2824 = DIRECTION('',(0.,-2.22044604925E-16,-1.));
#2825 = DIRECTION('',(1.,0.,0.));
#2826 = ADVANCED_FACE('',(#2827),#2845,.T.);
#2827 = FACE_BOUND('',#2828,.T.);
#2828 = EDGE_LOOP('',(#2829,#2830,#2831,#2839));
#2829 = ORIENTED_EDGE('',*,*,#1916,.T.);
#2830 = ORIENTED_EDGE('',*,*,#329,.T.);
#2831 = ORIENTED_EDGE('',*,*,#2832,.T.);
#2832 = EDGE_CURVE('',#322,#2833,#2835,.T.);
#2833 = VERTEX_POINT('',#2834);
#2834 = CARTESIAN_POINT('',(2.625,0.2,1.69));
#2835 = LINE('',#2836,#2837);
#2836 = CARTESIAN_POINT('',(3.,0.2,1.69));
#2837 = VECTOR('',#2838,1.);
#2838 = DIRECTION('',(-1.,0.,0.));
#2839 = ORIENTED_EDGE('',*,*,#2840,.F.);
#2840 = EDGE_CURVE('',#1908,#2833,#2841,.T.);
#2841 = LINE('',#2842,#2843);
#2842 = CARTESIAN_POINT('',(2.625,0.,1.69));
#2843 = VECTOR('',#2844,1.);
#2844 = DIRECTION('',(0.,1.,-2.22044604925E-16));
#2845 = PLANE('',#2846);
#2846 = AXIS2_PLACEMENT_3D('',#2847,#2848,#2849);
#2847 = CARTESIAN_POINT('',(3.,0.,1.69));
#2848 = DIRECTION('',(0.,2.22044604925E-16,1.));
#2849 = DIRECTION('',(-1.,0.,0.));
#2850 = ADVANCED_FACE('',(#2851),#2870,.F.);
#2851 = FACE_BOUND('',#2852,.F.);
#2852 = EDGE_LOOP('',(#2853,#2854,#2855,#2864));
#2853 = ORIENTED_EDGE('',*,*,#321,.T.);
#2854 = ORIENTED_EDGE('',*,*,#2832,.T.);
#2855 = ORIENTED_EDGE('',*,*,#2856,.F.);
#2856 = EDGE_CURVE('',#2857,#2833,#2859,.T.);
#2857 = VERTEX_POINT('',#2858);
#2858 = CARTESIAN_POINT('',(2.625,0.2,1.91));
#2859 = CIRCLE('',#2860,0.11);
#2860 = AXIS2_PLACEMENT_3D('',#2861,#2862,#2863);
#2861 = CARTESIAN_POINT('',(2.625,0.2,1.8));
#2862 = DIRECTION('',(0.,-1.,2.22044604925E-16));
#2863 = DIRECTION('',(1.,0.,0.));
#2864 = ORIENTED_EDGE('',*,*,#2865,.T.);
#2865 = EDGE_CURVE('',#2857,#314,#2866,.T.);
#2866 = LINE('',#2867,#2868);
#2867 = CARTESIAN_POINT('',(2.625,0.2,1.91));
#2868 = VECTOR('',#2869,1.);
#2869 = DIRECTION('',(1.,0.,0.));
#2870 = PLANE('',#2871);
#2871 = AXIS2_PLACEMENT_3D('',#2872,#2873,#2874);
#2872 = CARTESIAN_POINT('',(2.780513219406,0.2,1.8));
#2873 = DIRECTION('',(0.,1.,0.));
#2874 = DIRECTION('',(0.,0.,1.));
#2875 = ADVANCED_FACE('',(#2876),#2887,.T.);
#2876 = FACE_BOUND('',#2877,.T.);
#2877 = EDGE_LOOP('',(#2878,#2879,#2885,#2886));
#2878 = ORIENTED_EDGE('',*,*,#1899,.T.);
#2879 = ORIENTED_EDGE('',*,*,#2880,.T.);
#2880 = EDGE_CURVE('',#1900,#2857,#2881,.T.);
#2881 = LINE('',#2882,#2883);
#2882 = CARTESIAN_POINT('',(2.625,0.,1.91));
#2883 = VECTOR('',#2884,1.);
#2884 = DIRECTION('',(0.,1.,-2.22044604925E-16));
#2885 = ORIENTED_EDGE('',*,*,#2865,.T.);
#2886 = ORIENTED_EDGE('',*,*,#313,.F.);
#2887 = PLANE('',#2888);
#2888 = AXIS2_PLACEMENT_3D('',#2889,#2890,#2891);
#2889 = CARTESIAN_POINT('',(2.625,0.,1.91));
#2890 = DIRECTION('',(0.,-2.22044604925E-16,-1.));
#2891 = DIRECTION('',(1.,0.,0.));
#2892 = ADVANCED_FACE('',(#2893),#2911,.T.);
#2893 = FACE_BOUND('',#2894,.T.);
#2894 = EDGE_LOOP('',(#2895,#2896,#2897,#2905));
#2895 = ORIENTED_EDGE('',*,*,#1892,.T.);
#2896 = ORIENTED_EDGE('',*,*,#297,.T.);
#2897 = ORIENTED_EDGE('',*,*,#2898,.T.);
#2898 = EDGE_CURVE('',#290,#2899,#2901,.T.);
#2899 = VERTEX_POINT('',#2900);
#2900 = CARTESIAN_POINT('',(2.625,0.2,2.09));
#2901 = LINE('',#2902,#2903);
#2902 = CARTESIAN_POINT('',(3.,0.2,2.09));
#2903 = VECTOR('',#2904,1.);
#2904 = DIRECTION('',(-1.,0.,0.));
#2905 = ORIENTED_EDGE('',*,*,#2906,.F.);
#2906 = EDGE_CURVE('',#1884,#2899,#2907,.T.);
#2907 = LINE('',#2908,#2909);
#2908 = CARTESIAN_POINT('',(2.625,0.,2.09));
#2909 = VECTOR('',#2910,1.);
#2910 = DIRECTION('',(0.,1.,-2.22044604925E-16));
#2911 = PLANE('',#2912);
#2912 = AXIS2_PLACEMENT_3D('',#2913,#2914,#2915);
#2913 = CARTESIAN_POINT('',(3.,0.,2.09));
#2914 = DIRECTION('',(0.,2.22044604925E-16,1.));
#2915 = DIRECTION('',(-1.,0.,0.));
#2916 = ADVANCED_FACE('',(#2917),#2936,.F.);
#2917 = FACE_BOUND('',#2918,.F.);
#2918 = EDGE_LOOP('',(#2919,#2920,#2921,#2930));
#2919 = ORIENTED_EDGE('',*,*,#289,.T.);
#2920 = ORIENTED_EDGE('',*,*,#2898,.T.);
#2921 = ORIENTED_EDGE('',*,*,#2922,.F.);
#2922 = EDGE_CURVE('',#2923,#2899,#2925,.T.);
#2923 = VERTEX_POINT('',#2924);
#2924 = CARTESIAN_POINT('',(2.625,0.2,2.31));
#2925 = CIRCLE('',#2926,0.11);
#2926 = AXIS2_PLACEMENT_3D('',#2927,#2928,#2929);
#2927 = CARTESIAN_POINT('',(2.625,0.2,2.2));
#2928 = DIRECTION('',(0.,-1.,2.22044604925E-16));
#2929 = DIRECTION('',(1.,0.,0.));
#2930 = ORIENTED_EDGE('',*,*,#2931,.T.);
#2931 = EDGE_CURVE('',#2923,#282,#2932,.T.);
#2932 = LINE('',#2933,#2934);
#2933 = CARTESIAN_POINT('',(2.625,0.2,2.31));
#2934 = VECTOR('',#2935,1.);
#2935 = DIRECTION('',(1.,0.,0.));
#2936 = PLANE('',#2937);
#2937 = AXIS2_PLACEMENT_3D('',#2938,#2939,#2940);
#2938 = CARTESIAN_POINT('',(2.780513219406,0.2,2.2));
#2939 = DIRECTION('',(0.,1.,0.));
#2940 = DIRECTION('',(0.,0.,1.));
#2941 = ADVANCED_FACE('',(#2942),#2953,.T.);
#2942 = FACE_BOUND('',#2943,.T.);
#2943 = EDGE_LOOP('',(#2944,#2945,#2951,#2952));
#2944 = ORIENTED_EDGE('',*,*,#1875,.T.);
#2945 = ORIENTED_EDGE('',*,*,#2946,.T.);
#2946 = EDGE_CURVE('',#1876,#2923,#2947,.T.);
#2947 = LINE('',#2948,#2949);
#2948 = CARTESIAN_POINT('',(2.625,0.,2.31));
#2949 = VECTOR('',#2950,1.);
#2950 = DIRECTION('',(0.,1.,-2.22044604925E-16));
#2951 = ORIENTED_EDGE('',*,*,#2931,.T.);
#2952 = ORIENTED_EDGE('',*,*,#281,.F.);
#2953 = PLANE('',#2954);
#2954 = AXIS2_PLACEMENT_3D('',#2955,#2956,#2957);
#2955 = CARTESIAN_POINT('',(2.625,0.,2.31));
#2956 = DIRECTION('',(0.,-2.22044604925E-16,-1.));
#2957 = DIRECTION('',(1.,0.,0.));
#2958 = ADVANCED_FACE('',(#2959),#3253,.T.);
#2959 = FACE_BOUND('',#2960,.T.);
#2960 = EDGE_LOOP('',(#2961,#2962,#2963,#2971,#2977,#2978,#2986,#2994,
    #3000,#3001,#3009,#3017,#3023,#3024,#3032,#3040,#3046,#3047,#3055,
    #3063,#3069,#3070,#3078,#3086,#3092,#3093,#3101,#3109,#3115,#3116,
    #3124,#3132,#3138,#3139,#3147,#3155,#3161,#3162,#3170,#3178,#3184,
    #3185,#3193,#3201,#3207,#3208,#3216,#3224,#3230,#3231,#3239,#3247));
#2961 = ORIENTED_EDGE('',*,*,#1868,.F.);
#2962 = ORIENTED_EDGE('',*,*,#265,.T.);
#2963 = ORIENTED_EDGE('',*,*,#2964,.T.);
#2964 = EDGE_CURVE('',#258,#2965,#2967,.T.);
#2965 = VERTEX_POINT('',#2966);
#2966 = CARTESIAN_POINT('',(-3.,1.,3.));
#2967 = LINE('',#2968,#2969);
#2968 = CARTESIAN_POINT('',(3.,1.,3.));
#2969 = VECTOR('',#2970,1.);
#2970 = DIRECTION('',(-1.,0.,0.));
#2971 = ORIENTED_EDGE('',*,*,#2972,.F.);
#2972 = EDGE_CURVE('',#1465,#2965,#2973,.T.);
#2973 = LINE('',#2974,#2975);
#2974 = CARTESIAN_POINT('',(-3.,6.661338147751E-16,3.));
#2975 = VECTOR('',#2976,1.);
#2976 = DIRECTION('',(0.,1.,-2.22044604925E-16));
#2977 = ORIENTED_EDGE('',*,*,#1472,.F.);
#2978 = ORIENTED_EDGE('',*,*,#2979,.T.);
#2979 = EDGE_CURVE('',#1473,#2980,#2982,.T.);
#2980 = VERTEX_POINT('',#2981);
#2981 = CARTESIAN_POINT('',(-2.31,0.2,3.));
#2982 = LINE('',#2983,#2984);
#2983 = CARTESIAN_POINT('',(-2.31,6.661338147751E-16,3.));
#2984 = VECTOR('',#2985,1.);
#2985 = DIRECTION('',(0.,1.,-2.22044604925E-16));
#2986 = ORIENTED_EDGE('',*,*,#2987,.T.);
#2987 = EDGE_CURVE('',#2980,#2988,#2990,.T.);
#2988 = VERTEX_POINT('',#2989);
#2989 = CARTESIAN_POINT('',(-2.09,0.2,3.));
#2990 = LINE('',#2991,#2992);
#2991 = CARTESIAN_POINT('',(-2.31,0.2,3.));
#2992 = VECTOR('',#2993,1.);
#2993 = DIRECTION('',(1.,0.,0.));
#2994 = ORIENTED_EDGE('',*,*,#2995,.F.);
#2995 = EDGE_CURVE('',#1498,#2988,#2996,.T.);
#2996 = LINE('',#2997,#2998);
#2997 = CARTESIAN_POINT('',(-2.09,6.661338147751E-16,3.));
#2998 = VECTOR('',#2999,1.);
#2999 = DIRECTION('',(0.,1.,-2.22044604925E-16));
#3000 = ORIENTED_EDGE('',*,*,#1505,.F.);
#3001 = ORIENTED_EDGE('',*,*,#3002,.T.);
#3002 = EDGE_CURVE('',#1506,#3003,#3005,.T.);
#3003 = VERTEX_POINT('',#3004);
#3004 = CARTESIAN_POINT('',(-1.91,0.2,3.));
#3005 = LINE('',#3006,#3007);
#3006 = CARTESIAN_POINT('',(-1.91,6.661338147751E-16,3.));
#3007 = VECTOR('',#3008,1.);
#3008 = DIRECTION('',(0.,1.,-2.22044604925E-16));
#3009 = ORIENTED_EDGE('',*,*,#3010,.T.);
#3010 = EDGE_CURVE('',#3003,#3011,#3013,.T.);
#3011 = VERTEX_POINT('',#3012);
#3012 = CARTESIAN_POINT('',(-1.69,0.2,3.));
#3013 = LINE('',#3014,#3015);
#3014 = CARTESIAN_POINT('',(-1.91,0.2,3.));
#3015 = VECTOR('',#3016,1.);
#3016 = DIRECTION('',(1.,0.,0.));
#3017 = ORIENTED_EDGE('',*,*,#3018,.F.);
#3018 = EDGE_CURVE('',#1531,#3011,#3019,.T.);
#3019 = LINE('',#3020,#3021);
#3020 = CARTESIAN_POINT('',(-1.69,6.661338147751E-16,3.));
#3021 = VECTOR('',#3022,1.);
#3022 = DIRECTION('',(0.,1.,-2.22044604925E-16));
#3023 = ORIENTED_EDGE('',*,*,#1538,.F.);
#3024 = ORIENTED_EDGE('',*,*,#3025,.T.);
#3025 = EDGE_CURVE('',#1539,#3026,#3028,.T.);
#3026 = VERTEX_POINT('',#3027);
#3027 = CARTESIAN_POINT('',(-1.51,0.2,3.));
#3028 = LINE('',#3029,#3030);
#3029 = CARTESIAN_POINT('',(-1.51,6.661338147751E-16,3.));
#3030 = VECTOR('',#3031,1.);
#3031 = DIRECTION('',(0.,1.,-2.22044604925E-16));
#3032 = ORIENTED_EDGE('',*,*,#3033,.T.);
#3033 = EDGE_CURVE('',#3026,#3034,#3036,.T.);
#3034 = VERTEX_POINT('',#3035);
#3035 = CARTESIAN_POINT('',(-1.29,0.2,3.));
#3036 = LINE('',#3037,#3038);
#3037 = CARTESIAN_POINT('',(-1.51,0.2,3.));
#3038 = VECTOR('',#3039,1.);
#3039 = DIRECTION('',(1.,0.,0.));
#3040 = ORIENTED_EDGE('',*,*,#3041,.F.);
#3041 = EDGE_CURVE('',#1564,#3034,#3042,.T.);
#3042 = LINE('',#3043,#3044);
#3043 = CARTESIAN_POINT('',(-1.29,6.661338147751E-16,3.));
#3044 = VECTOR('',#3045,1.);
#3045 = DIRECTION('',(0.,1.,-2.22044604925E-16));
#3046 = ORIENTED_EDGE('',*,*,#1571,.F.);
#3047 = ORIENTED_EDGE('',*,*,#3048,.T.);
#3048 = EDGE_CURVE('',#1572,#3049,#3051,.T.);
#3049 = VERTEX_POINT('',#3050);
#3050 = CARTESIAN_POINT('',(-1.11,0.2,3.));
#3051 = LINE('',#3052,#3053);
#3052 = CARTESIAN_POINT('',(-1.11,6.661338147751E-16,3.));
#3053 = VECTOR('',#3054,1.);
#3054 = DIRECTION('',(0.,1.,-2.22044604925E-16));
#3055 = ORIENTED_EDGE('',*,*,#3056,.T.);
#3056 = EDGE_CURVE('',#3049,#3057,#3059,.T.);
#3057 = VERTEX_POINT('',#3058);
#3058 = CARTESIAN_POINT('',(-0.89,0.2,3.));
#3059 = LINE('',#3060,#3061);
#3060 = CARTESIAN_POINT('',(-1.11,0.2,3.));
#3061 = VECTOR('',#3062,1.);
#3062 = DIRECTION('',(1.,0.,0.));
#3063 = ORIENTED_EDGE('',*,*,#3064,.F.);
#3064 = EDGE_CURVE('',#1597,#3057,#3065,.T.);
#3065 = LINE('',#3066,#3067);
#3066 = CARTESIAN_POINT('',(-0.89,6.661338147751E-16,3.));
#3067 = VECTOR('',#3068,1.);
#3068 = DIRECTION('',(0.,1.,-2.22044604925E-16));
#3069 = ORIENTED_EDGE('',*,*,#1604,.F.);
#3070 = ORIENTED_EDGE('',*,*,#3071,.T.);
#3071 = EDGE_CURVE('',#1605,#3072,#3074,.T.);
#3072 = VERTEX_POINT('',#3073);
#3073 = CARTESIAN_POINT('',(-0.71,0.2,3.));
#3074 = LINE('',#3075,#3076);
#3075 = CARTESIAN_POINT('',(-0.71,6.661338147751E-16,3.));
#3076 = VECTOR('',#3077,1.);
#3077 = DIRECTION('',(0.,1.,-2.22044604925E-16));
#3078 = ORIENTED_EDGE('',*,*,#3079,.T.);
#3079 = EDGE_CURVE('',#3072,#3080,#3082,.T.);
#3080 = VERTEX_POINT('',#3081);
#3081 = CARTESIAN_POINT('',(-0.49,0.2,3.));
#3082 = LINE('',#3083,#3084);
#3083 = CARTESIAN_POINT('',(-0.71,0.2,3.));
#3084 = VECTOR('',#3085,1.);
#3085 = DIRECTION('',(1.,0.,0.));
#3086 = ORIENTED_EDGE('',*,*,#3087,.F.);
#3087 = EDGE_CURVE('',#1630,#3080,#3088,.T.);
#3088 = LINE('',#3089,#3090);
#3089 = CARTESIAN_POINT('',(-0.49,6.661338147751E-16,3.));
#3090 = VECTOR('',#3091,1.);
#3091 = DIRECTION('',(0.,1.,-2.22044604925E-16));
#3092 = ORIENTED_EDGE('',*,*,#1637,.F.);
#3093 = ORIENTED_EDGE('',*,*,#3094,.T.);
#3094 = EDGE_CURVE('',#1638,#3095,#3097,.T.);
#3095 = VERTEX_POINT('',#3096);
#3096 = CARTESIAN_POINT('',(-0.31,0.2,3.));
#3097 = LINE('',#3098,#3099);
#3098 = CARTESIAN_POINT('',(-0.31,6.661338147751E-16,3.));
#3099 = VECTOR('',#3100,1.);
#3100 = DIRECTION('',(0.,1.,-2.22044604925E-16));
#3101 = ORIENTED_EDGE('',*,*,#3102,.T.);
#3102 = EDGE_CURVE('',#3095,#3103,#3105,.T.);
#3103 = VERTEX_POINT('',#3104);
#3104 = CARTESIAN_POINT('',(-9.E-02,0.2,3.));
#3105 = LINE('',#3106,#3107);
#3106 = CARTESIAN_POINT('',(-0.31,0.2,3.));
#3107 = VECTOR('',#3108,1.);
#3108 = DIRECTION('',(1.,0.,0.));
#3109 = ORIENTED_EDGE('',*,*,#3110,.F.);
#3110 = EDGE_CURVE('',#1663,#3103,#3111,.T.);
#3111 = LINE('',#3112,#3113);
#3112 = CARTESIAN_POINT('',(-9.E-02,6.661338147751E-16,3.));
#3113 = VECTOR('',#3114,1.);
#3114 = DIRECTION('',(0.,1.,-2.22044604925E-16));
#3115 = ORIENTED_EDGE('',*,*,#1670,.F.);
#3116 = ORIENTED_EDGE('',*,*,#3117,.T.);
#3117 = EDGE_CURVE('',#1671,#3118,#3120,.T.);
#3118 = VERTEX_POINT('',#3119);
#3119 = CARTESIAN_POINT('',(9.E-02,0.2,3.));
#3120 = LINE('',#3121,#3122);
#3121 = CARTESIAN_POINT('',(9.E-02,6.661338147751E-16,3.));
#3122 = VECTOR('',#3123,1.);
#3123 = DIRECTION('',(0.,1.,-2.22044604925E-16));
#3124 = ORIENTED_EDGE('',*,*,#3125,.T.);
#3125 = EDGE_CURVE('',#3118,#3126,#3128,.T.);
#3126 = VERTEX_POINT('',#3127);
#3127 = CARTESIAN_POINT('',(0.31,0.2,3.));
#3128 = LINE('',#3129,#3130);
#3129 = CARTESIAN_POINT('',(9.E-02,0.2,3.));
#3130 = VECTOR('',#3131,1.);
#3131 = DIRECTION('',(1.,0.,0.));
#3132 = ORIENTED_EDGE('',*,*,#3133,.F.);
#3133 = EDGE_CURVE('',#1696,#3126,#3134,.T.);
#3134 = LINE('',#3135,#3136);
#3135 = CARTESIAN_POINT('',(0.31,6.661338147751E-16,3.));
#3136 = VECTOR('',#3137,1.);
#3137 = DIRECTION('',(0.,1.,-2.22044604925E-16));
#3138 = ORIENTED_EDGE('',*,*,#1703,.F.);
#3139 = ORIENTED_EDGE('',*,*,#3140,.T.);
#3140 = EDGE_CURVE('',#1704,#3141,#3143,.T.);
#3141 = VERTEX_POINT('',#3142);
#3142 = CARTESIAN_POINT('',(0.49,0.2,3.));
#3143 = LINE('',#3144,#3145);
#3144 = CARTESIAN_POINT('',(0.49,6.661338147751E-16,3.));
#3145 = VECTOR('',#3146,1.);
#3146 = DIRECTION('',(0.,1.,-2.22044604925E-16));
#3147 = ORIENTED_EDGE('',*,*,#3148,.T.);
#3148 = EDGE_CURVE('',#3141,#3149,#3151,.T.);
#3149 = VERTEX_POINT('',#3150);
#3150 = CARTESIAN_POINT('',(0.71,0.2,3.));
#3151 = LINE('',#3152,#3153);
#3152 = CARTESIAN_POINT('',(0.49,0.2,3.));
#3153 = VECTOR('',#3154,1.);
#3154 = DIRECTION('',(1.,0.,0.));
#3155 = ORIENTED_EDGE('',*,*,#3156,.F.);
#3156 = EDGE_CURVE('',#1729,#3149,#3157,.T.);
#3157 = LINE('',#3158,#3159);
#3158 = CARTESIAN_POINT('',(0.71,6.661338147751E-16,3.));
#3159 = VECTOR('',#3160,1.);
#3160 = DIRECTION('',(0.,1.,-2.22044604925E-16));
#3161 = ORIENTED_EDGE('',*,*,#1736,.F.);
#3162 = ORIENTED_EDGE('',*,*,#3163,.T.);
#3163 = EDGE_CURVE('',#1737,#3164,#3166,.T.);
#3164 = VERTEX_POINT('',#3165);
#3165 = CARTESIAN_POINT('',(0.89,0.2,3.));
#3166 = LINE('',#3167,#3168);
#3167 = CARTESIAN_POINT('',(0.89,6.661338147751E-16,3.));
#3168 = VECTOR('',#3169,1.);
#3169 = DIRECTION('',(0.,1.,-2.22044604925E-16));
#3170 = ORIENTED_EDGE('',*,*,#3171,.T.);
#3171 = EDGE_CURVE('',#3164,#3172,#3174,.T.);
#3172 = VERTEX_POINT('',#3173);
#3173 = CARTESIAN_POINT('',(1.11,0.2,3.));
#3174 = LINE('',#3175,#3176);
#3175 = CARTESIAN_POINT('',(0.89,0.2,3.));
#3176 = VECTOR('',#3177,1.);
#3177 = DIRECTION('',(1.,0.,0.));
#3178 = ORIENTED_EDGE('',*,*,#3179,.F.);
#3179 = EDGE_CURVE('',#1762,#3172,#3180,.T.);
#3180 = LINE('',#3181,#3182);
#3181 = CARTESIAN_POINT('',(1.11,6.661338147751E-16,3.));
#3182 = VECTOR('',#3183,1.);
#3183 = DIRECTION('',(0.,1.,-2.22044604925E-16));
#3184 = ORIENTED_EDGE('',*,*,#1769,.F.);
#3185 = ORIENTED_EDGE('',*,*,#3186,.T.);
#3186 = EDGE_CURVE('',#1770,#3187,#3189,.T.);
#3187 = VERTEX_POINT('',#3188);
#3188 = CARTESIAN_POINT('',(1.29,0.2,3.));
#3189 = LINE('',#3190,#3191);
#3190 = CARTESIAN_POINT('',(1.29,6.661338147751E-16,3.));
#3191 = VECTOR('',#3192,1.);
#3192 = DIRECTION('',(0.,1.,-2.22044604925E-16));
#3193 = ORIENTED_EDGE('',*,*,#3194,.T.);
#3194 = EDGE_CURVE('',#3187,#3195,#3197,.T.);
#3195 = VERTEX_POINT('',#3196);
#3196 = CARTESIAN_POINT('',(1.51,0.2,3.));
#3197 = LINE('',#3198,#3199);
#3198 = CARTESIAN_POINT('',(1.29,0.2,3.));
#3199 = VECTOR('',#3200,1.);
#3200 = DIRECTION('',(1.,0.,0.));
#3201 = ORIENTED_EDGE('',*,*,#3202,.F.);
#3202 = EDGE_CURVE('',#1795,#3195,#3203,.T.);
#3203 = LINE('',#3204,#3205);
#3204 = CARTESIAN_POINT('',(1.51,6.661338147751E-16,3.));
#3205 = VECTOR('',#3206,1.);
#3206 = DIRECTION('',(0.,1.,-2.22044604925E-16));
#3207 = ORIENTED_EDGE('',*,*,#1802,.F.);
#3208 = ORIENTED_EDGE('',*,*,#3209,.T.);
#3209 = EDGE_CURVE('',#1803,#3210,#3212,.T.);
#3210 = VERTEX_POINT('',#3211);
#3211 = CARTESIAN_POINT('',(1.69,0.2,3.));
#3212 = LINE('',#3213,#3214);
#3213 = CARTESIAN_POINT('',(1.69,6.661338147751E-16,3.));
#3214 = VECTOR('',#3215,1.);
#3215 = DIRECTION('',(0.,1.,-2.22044604925E-16));
#3216 = ORIENTED_EDGE('',*,*,#3217,.T.);
#3217 = EDGE_CURVE('',#3210,#3218,#3220,.T.);
#3218 = VERTEX_POINT('',#3219);
#3219 = CARTESIAN_POINT('',(1.91,0.2,3.));
#3220 = LINE('',#3221,#3222);
#3221 = CARTESIAN_POINT('',(1.69,0.2,3.));
#3222 = VECTOR('',#3223,1.);
#3223 = DIRECTION('',(1.,0.,0.));
#3224 = ORIENTED_EDGE('',*,*,#3225,.F.);
#3225 = EDGE_CURVE('',#1828,#3218,#3226,.T.);
#3226 = LINE('',#3227,#3228);
#3227 = CARTESIAN_POINT('',(1.91,6.661338147751E-16,3.));
#3228 = VECTOR('',#3229,1.);
#3229 = DIRECTION('',(0.,1.,-2.22044604925E-16));
#3230 = ORIENTED_EDGE('',*,*,#1835,.F.);
#3231 = ORIENTED_EDGE('',*,*,#3232,.T.);
#3232 = EDGE_CURVE('',#1836,#3233,#3235,.T.);
#3233 = VERTEX_POINT('',#3234);
#3234 = CARTESIAN_POINT('',(2.09,0.2,3.));
#3235 = LINE('',#3236,#3237);
#3236 = CARTESIAN_POINT('',(2.09,6.661338147751E-16,3.));
#3237 = VECTOR('',#3238,1.);
#3238 = DIRECTION('',(0.,1.,-2.22044604925E-16));
#3239 = ORIENTED_EDGE('',*,*,#3240,.T.);
#3240 = EDGE_CURVE('',#3233,#3241,#3243,.T.);
#3241 = VERTEX_POINT('',#3242);
#3242 = CARTESIAN_POINT('',(2.31,0.2,3.));
#3243 = LINE('',#3244,#3245);
#3244 = CARTESIAN_POINT('',(2.09,0.2,3.));
#3245 = VECTOR('',#3246,1.);
#3246 = DIRECTION('',(1.,0.,0.));
#3247 = ORIENTED_EDGE('',*,*,#3248,.F.);
#3248 = EDGE_CURVE('',#1861,#3241,#3249,.T.);
#3249 = LINE('',#3250,#3251);
#3250 = CARTESIAN_POINT('',(2.31,6.661338147751E-16,3.));
#3251 = VECTOR('',#3252,1.);
#3252 = DIRECTION('',(0.,1.,-2.22044604925E-16));
#3253 = PLANE('',#3254);
#3254 = AXIS2_PLACEMENT_3D('',#3255,#3256,#3257);
#3255 = CARTESIAN_POINT('',(3.,6.661338147751E-16,3.));
#3256 = DIRECTION('',(0.,2.22044604925E-16,1.));
#3257 = DIRECTION('',(-1.,0.,0.));
#3258 = ADVANCED_FACE('',(#3259,#3277),#3288,.T.);
#3259 = FACE_BOUND('',#3260,.T.);
#3260 = EDGE_LOOP('',(#3261,#3262,#3270,#3276));
#3261 = ORIENTED_EDGE('',*,*,#257,.F.);
#3262 = ORIENTED_EDGE('',*,*,#3263,.F.);
#3263 = EDGE_CURVE('',#3264,#250,#3266,.T.);
#3264 = VERTEX_POINT('',#3265);
#3265 = CARTESIAN_POINT('',(-3.,1.,-3.));
#3266 = LINE('',#3267,#3268);
#3267 = CARTESIAN_POINT('',(-3.,1.,-3.));
#3268 = VECTOR('',#3269,1.);
#3269 = DIRECTION('',(1.,0.,0.));
#3270 = ORIENTED_EDGE('',*,*,#3271,.F.);
#3271 = EDGE_CURVE('',#2965,#3264,#3272,.T.);
#3272 = LINE('',#3273,#3274);
#3273 = CARTESIAN_POINT('',(-3.,1.,3.));
#3274 = VECTOR('',#3275,1.);
#3275 = DIRECTION('',(0.,-2.22044604925E-16,-1.));
#3276 = ORIENTED_EDGE('',*,*,#2964,.F.);
#3277 = FACE_BOUND('',#3278,.T.);
#3278 = EDGE_LOOP('',(#3279));
#3279 = ORIENTED_EDGE('',*,*,#3280,.F.);
#3280 = EDGE_CURVE('',#3281,#3281,#3283,.T.);
#3281 = VERTEX_POINT('',#3282);
#3282 = CARTESIAN_POINT('',(-1.842857142857,1.,-2.142857142857));
#3283 = CIRCLE('',#3284,0.3);
#3284 = AXIS2_PLACEMENT_3D('',#3285,#3286,#3287);
#3285 = CARTESIAN_POINT('',(-2.142857142857,1.,-2.142857142857));
#3286 = DIRECTION('',(-0.,1.,2.22044604925E-16));
#3287 = DIRECTION('',(1.,0.,0.));
#3288 = PLANE('',#3289);
#3289 = AXIS2_PLACEMENT_3D('',#3290,#3291,#3292);
#3290 = CARTESIAN_POINT('',(0.,1.,-2.22044604925E-16));
#3291 = DIRECTION('',(0.,1.,0.));
#3292 = DIRECTION('',(0.,0.,1.));
#3293 = ADVANCED_FACE('',(#3294),#3581,.T.);
#3294 = FACE_BOUND('',#3295,.T.);
#3295 = EDGE_LOOP('',(#3296,#3297,#3303,#3304,#3305,#3306,#3314,#3322,
    #3328,#3329,#3337,#3345,#3351,#3352,#3360,#3368,#3374,#3375,#3383,
    #3391,#3397,#3398,#3406,#3414,#3420,#3421,#3429,#3437,#3443,#3444,
    #3452,#3460,#3466,#3467,#3475,#3483,#3489,#3490,#3498,#3506,#3512,
    #3513,#3521,#3529,#3535,#3536,#3544,#3552,#3558,#3559,#3567,#3575));
#3296 = ORIENTED_EDGE('',*,*,#1060,.F.);
#3297 = ORIENTED_EDGE('',*,*,#3298,.T.);
#3298 = EDGE_CURVE('',#1061,#3264,#3299,.T.);
#3299 = LINE('',#3300,#3301);
#3300 = CARTESIAN_POINT('',(-3.,-6.661338147751E-16,-3.));
#3301 = VECTOR('',#3302,1.);
#3302 = DIRECTION('',(0.,1.,-2.22044604925E-16));
#3303 = ORIENTED_EDGE('',*,*,#3263,.T.);
#3304 = ORIENTED_EDGE('',*,*,#249,.F.);
#3305 = ORIENTED_EDGE('',*,*,#664,.F.);
#3306 = ORIENTED_EDGE('',*,*,#3307,.T.);
#3307 = EDGE_CURVE('',#665,#3308,#3310,.T.);
#3308 = VERTEX_POINT('',#3309);
#3309 = CARTESIAN_POINT('',(2.31,0.2,-3.));
#3310 = LINE('',#3311,#3312);
#3311 = CARTESIAN_POINT('',(2.31,-6.661338147751E-16,-3.));
#3312 = VECTOR('',#3313,1.);
#3313 = DIRECTION('',(0.,1.,-2.22044604925E-16));
#3314 = ORIENTED_EDGE('',*,*,#3315,.F.);
#3315 = EDGE_CURVE('',#3316,#3308,#3318,.T.);
#3316 = VERTEX_POINT('',#3317);
#3317 = CARTESIAN_POINT('',(2.09,0.2,-3.));
#3318 = LINE('',#3319,#3320);
#3319 = CARTESIAN_POINT('',(2.09,0.2,-3.));
#3320 = VECTOR('',#3321,1.);
#3321 = DIRECTION('',(1.,0.,0.));
#3322 = ORIENTED_EDGE('',*,*,#3323,.F.);
#3323 = EDGE_CURVE('',#690,#3316,#3324,.T.);
#3324 = LINE('',#3325,#3326);
#3325 = CARTESIAN_POINT('',(2.09,-6.661338147751E-16,-3.));
#3326 = VECTOR('',#3327,1.);
#3327 = DIRECTION('',(0.,1.,-2.22044604925E-16));
#3328 = ORIENTED_EDGE('',*,*,#697,.F.);
#3329 = ORIENTED_EDGE('',*,*,#3330,.T.);
#3330 = EDGE_CURVE('',#698,#3331,#3333,.T.);
#3331 = VERTEX_POINT('',#3332);
#3332 = CARTESIAN_POINT('',(1.91,0.2,-3.));
#3333 = LINE('',#3334,#3335);
#3334 = CARTESIAN_POINT('',(1.91,-6.661338147751E-16,-3.));
#3335 = VECTOR('',#3336,1.);
#3336 = DIRECTION('',(0.,1.,-2.22044604925E-16));
#3337 = ORIENTED_EDGE('',*,*,#3338,.F.);
#3338 = EDGE_CURVE('',#3339,#3331,#3341,.T.);
#3339 = VERTEX_POINT('',#3340);
#3340 = CARTESIAN_POINT('',(1.69,0.2,-3.));
#3341 = LINE('',#3342,#3343);
#3342 = CARTESIAN_POINT('',(1.69,0.2,-3.));
#3343 = VECTOR('',#3344,1.);
#3344 = DIRECTION('',(1.,0.,0.));
#3345 = ORIENTED_EDGE('',*,*,#3346,.F.);
#3346 = EDGE_CURVE('',#723,#3339,#3347,.T.);
#3347 = LINE('',#3348,#3349);
#3348 = CARTESIAN_POINT('',(1.69,-6.661338147751E-16,-3.));
#3349 = VECTOR('',#3350,1.);
#3350 = DIRECTION('',(0.,1.,-2.22044604925E-16));
#3351 = ORIENTED_EDGE('',*,*,#730,.F.);
#3352 = ORIENTED_EDGE('',*,*,#3353,.T.);
#3353 = EDGE_CURVE('',#731,#3354,#3356,.T.);
#3354 = VERTEX_POINT('',#3355);
#3355 = CARTESIAN_POINT('',(1.51,0.2,-3.));
#3356 = LINE('',#3357,#3358);
#3357 = CARTESIAN_POINT('',(1.51,-6.661338147751E-16,-3.));
#3358 = VECTOR('',#3359,1.);
#3359 = DIRECTION('',(0.,1.,-2.22044604925E-16));
#3360 = ORIENTED_EDGE('',*,*,#3361,.F.);
#3361 = EDGE_CURVE('',#3362,#3354,#3364,.T.);
#3362 = VERTEX_POINT('',#3363);
#3363 = CARTESIAN_POINT('',(1.29,0.2,-3.));
#3364 = LINE('',#3365,#3366);
#3365 = CARTESIAN_POINT('',(1.29,0.2,-3.));
#3366 = VECTOR('',#3367,1.);
#3367 = DIRECTION('',(1.,0.,0.));
#3368 = ORIENTED_EDGE('',*,*,#3369,.F.);
#3369 = EDGE_CURVE('',#756,#3362,#3370,.T.);
#3370 = LINE('',#3371,#3372);
#3371 = CARTESIAN_POINT('',(1.29,-6.661338147751E-16,-3.));
#3372 = VECTOR('',#3373,1.);
#3373 = DIRECTION('',(0.,1.,-2.22044604925E-16));
#3374 = ORIENTED_EDGE('',*,*,#763,.F.);
#3375 = ORIENTED_EDGE('',*,*,#3376,.T.);
#3376 = EDGE_CURVE('',#764,#3377,#3379,.T.);
#3377 = VERTEX_POINT('',#3378);
#3378 = CARTESIAN_POINT('',(1.11,0.2,-3.));
#3379 = LINE('',#3380,#3381);
#3380 = CARTESIAN_POINT('',(1.11,-6.661338147751E-16,-3.));
#3381 = VECTOR('',#3382,1.);
#3382 = DIRECTION('',(0.,1.,-2.22044604925E-16));
#3383 = ORIENTED_EDGE('',*,*,#3384,.F.);
#3384 = EDGE_CURVE('',#3385,#3377,#3387,.T.);
#3385 = VERTEX_POINT('',#3386);
#3386 = CARTESIAN_POINT('',(0.89,0.2,-3.));
#3387 = LINE('',#3388,#3389);
#3388 = CARTESIAN_POINT('',(0.89,0.2,-3.));
#3389 = VECTOR('',#3390,1.);
#3390 = DIRECTION('',(1.,0.,0.));
#3391 = ORIENTED_EDGE('',*,*,#3392,.F.);
#3392 = EDGE_CURVE('',#789,#3385,#3393,.T.);
#3393 = LINE('',#3394,#3395);
#3394 = CARTESIAN_POINT('',(0.89,-6.661338147751E-16,-3.));
#3395 = VECTOR('',#3396,1.);
#3396 = DIRECTION('',(0.,1.,-2.22044604925E-16));
#3397 = ORIENTED_EDGE('',*,*,#796,.F.);
#3398 = ORIENTED_EDGE('',*,*,#3399,.T.);
#3399 = EDGE_CURVE('',#797,#3400,#3402,.T.);
#3400 = VERTEX_POINT('',#3401);
#3401 = CARTESIAN_POINT('',(0.71,0.2,-3.));
#3402 = LINE('',#3403,#3404);
#3403 = CARTESIAN_POINT('',(0.71,-6.661338147751E-16,-3.));
#3404 = VECTOR('',#3405,1.);
#3405 = DIRECTION('',(0.,1.,-2.22044604925E-16));
#3406 = ORIENTED_EDGE('',*,*,#3407,.F.);
#3407 = EDGE_CURVE('',#3408,#3400,#3410,.T.);
#3408 = VERTEX_POINT('',#3409);
#3409 = CARTESIAN_POINT('',(0.49,0.2,-3.));
#3410 = LINE('',#3411,#3412);
#3411 = CARTESIAN_POINT('',(0.49,0.2,-3.));
#3412 = VECTOR('',#3413,1.);
#3413 = DIRECTION('',(1.,0.,0.));
#3414 = ORIENTED_EDGE('',*,*,#3415,.F.);
#3415 = EDGE_CURVE('',#822,#3408,#3416,.T.);
#3416 = LINE('',#3417,#3418);
#3417 = CARTESIAN_POINT('',(0.49,-6.661338147751E-16,-3.));
#3418 = VECTOR('',#3419,1.);
#3419 = DIRECTION('',(0.,1.,-2.22044604925E-16));
#3420 = ORIENTED_EDGE('',*,*,#829,.F.);
#3421 = ORIENTED_EDGE('',*,*,#3422,.T.);
#3422 = EDGE_CURVE('',#830,#3423,#3425,.T.);
#3423 = VERTEX_POINT('',#3424);
#3424 = CARTESIAN_POINT('',(0.31,0.2,-3.));
#3425 = LINE('',#3426,#3427);
#3426 = CARTESIAN_POINT('',(0.31,-6.661338147751E-16,-3.));
#3427 = VECTOR('',#3428,1.);
#3428 = DIRECTION('',(0.,1.,-2.22044604925E-16));
#3429 = ORIENTED_EDGE('',*,*,#3430,.F.);
#3430 = EDGE_CURVE('',#3431,#3423,#3433,.T.);
#3431 = VERTEX_POINT('',#3432);
#3432 = CARTESIAN_POINT('',(9.E-02,0.2,-3.));
#3433 = LINE('',#3434,#3435);
#3434 = CARTESIAN_POINT('',(9.E-02,0.2,-3.));
#3435 = VECTOR('',#3436,1.);
#3436 = DIRECTION('',(1.,0.,0.));
#3437 = ORIENTED_EDGE('',*,*,#3438,.F.);
#3438 = EDGE_CURVE('',#855,#3431,#3439,.T.);
#3439 = LINE('',#3440,#3441);
#3440 = CARTESIAN_POINT('',(9.E-02,-6.661338147751E-16,-3.));
#3441 = VECTOR('',#3442,1.);
#3442 = DIRECTION('',(0.,1.,-2.22044604925E-16));
#3443 = ORIENTED_EDGE('',*,*,#862,.F.);
#3444 = ORIENTED_EDGE('',*,*,#3445,.T.);
#3445 = EDGE_CURVE('',#863,#3446,#3448,.T.);
#3446 = VERTEX_POINT('',#3447);
#3447 = CARTESIAN_POINT('',(-9.E-02,0.2,-3.));
#3448 = LINE('',#3449,#3450);
#3449 = CARTESIAN_POINT('',(-9.E-02,-6.661338147751E-16,-3.));
#3450 = VECTOR('',#3451,1.);
#3451 = DIRECTION('',(0.,1.,-2.22044604925E-16));
#3452 = ORIENTED_EDGE('',*,*,#3453,.F.);
#3453 = EDGE_CURVE('',#3454,#3446,#3456,.T.);
#3454 = VERTEX_POINT('',#3455);
#3455 = CARTESIAN_POINT('',(-0.31,0.2,-3.));
#3456 = LINE('',#3457,#3458);
#3457 = CARTESIAN_POINT('',(-0.31,0.2,-3.));
#3458 = VECTOR('',#3459,1.);
#3459 = DIRECTION('',(1.,0.,0.));
#3460 = ORIENTED_EDGE('',*,*,#3461,.F.);
#3461 = EDGE_CURVE('',#888,#3454,#3462,.T.);
#3462 = LINE('',#3463,#3464);
#3463 = CARTESIAN_POINT('',(-0.31,-6.661338147751E-16,-3.));
#3464 = VECTOR('',#3465,1.);
#3465 = DIRECTION('',(0.,1.,-2.22044604925E-16));
#3466 = ORIENTED_EDGE('',*,*,#895,.F.);
#3467 = ORIENTED_EDGE('',*,*,#3468,.T.);
#3468 = EDGE_CURVE('',#896,#3469,#3471,.T.);
#3469 = VERTEX_POINT('',#3470);
#3470 = CARTESIAN_POINT('',(-0.49,0.2,-3.));
#3471 = LINE('',#3472,#3473);
#3472 = CARTESIAN_POINT('',(-0.49,-6.661338147751E-16,-3.));
#3473 = VECTOR('',#3474,1.);
#3474 = DIRECTION('',(0.,1.,-2.22044604925E-16));
#3475 = ORIENTED_EDGE('',*,*,#3476,.F.);
#3476 = EDGE_CURVE('',#3477,#3469,#3479,.T.);
#3477 = VERTEX_POINT('',#3478);
#3478 = CARTESIAN_POINT('',(-0.71,0.2,-3.));
#3479 = LINE('',#3480,#3481);
#3480 = CARTESIAN_POINT('',(-0.71,0.2,-3.));
#3481 = VECTOR('',#3482,1.);
#3482 = DIRECTION('',(1.,0.,0.));
#3483 = ORIENTED_EDGE('',*,*,#3484,.F.);
#3484 = EDGE_CURVE('',#921,#3477,#3485,.T.);
#3485 = LINE('',#3486,#3487);
#3486 = CARTESIAN_POINT('',(-0.71,-6.661338147751E-16,-3.));
#3487 = VECTOR('',#3488,1.);
#3488 = DIRECTION('',(0.,1.,-2.22044604925E-16));
#3489 = ORIENTED_EDGE('',*,*,#928,.F.);
#3490 = ORIENTED_EDGE('',*,*,#3491,.T.);
#3491 = EDGE_CURVE('',#929,#3492,#3494,.T.);
#3492 = VERTEX_POINT('',#3493);
#3493 = CARTESIAN_POINT('',(-0.89,0.2,-3.));
#3494 = LINE('',#3495,#3496);
#3495 = CARTESIAN_POINT('',(-0.89,-6.661338147751E-16,-3.));
#3496 = VECTOR('',#3497,1.);
#3497 = DIRECTION('',(0.,1.,-2.22044604925E-16));
#3498 = ORIENTED_EDGE('',*,*,#3499,.F.);
#3499 = EDGE_CURVE('',#3500,#3492,#3502,.T.);
#3500 = VERTEX_POINT('',#3501);
#3501 = CARTESIAN_POINT('',(-1.11,0.2,-3.));
#3502 = LINE('',#3503,#3504);
#3503 = CARTESIAN_POINT('',(-1.11,0.2,-3.));
#3504 = VECTOR('',#3505,1.);
#3505 = DIRECTION('',(1.,0.,0.));
#3506 = ORIENTED_EDGE('',*,*,#3507,.F.);
#3507 = EDGE_CURVE('',#954,#3500,#3508,.T.);
#3508 = LINE('',#3509,#3510);
#3509 = CARTESIAN_POINT('',(-1.11,-6.661338147751E-16,-3.));
#3510 = VECTOR('',#3511,1.);
#3511 = DIRECTION('',(0.,1.,-2.22044604925E-16));
#3512 = ORIENTED_EDGE('',*,*,#961,.F.);
#3513 = ORIENTED_EDGE('',*,*,#3514,.T.);
#3514 = EDGE_CURVE('',#962,#3515,#3517,.T.);
#3515 = VERTEX_POINT('',#3516);
#3516 = CARTESIAN_POINT('',(-1.29,0.2,-3.));
#3517 = LINE('',#3518,#3519);
#3518 = CARTESIAN_POINT('',(-1.29,-6.661338147751E-16,-3.));
#3519 = VECTOR('',#3520,1.);
#3520 = DIRECTION('',(0.,1.,-2.22044604925E-16));
#3521 = ORIENTED_EDGE('',*,*,#3522,.F.);
#3522 = EDGE_CURVE('',#3523,#3515,#3525,.T.);
#3523 = VERTEX_POINT('',#3524);
#3524 = CARTESIAN_POINT('',(-1.51,0.2,-3.));
#3525 = LINE('',#3526,#3527);
#3526 = CARTESIAN_POINT('',(-1.51,0.2,-3.));
#3527 = VECTOR('',#3528,1.);
#3528 = DIRECTION('',(1.,0.,0.));
#3529 = ORIENTED_EDGE('',*,*,#3530,.F.);
#3530 = EDGE_CURVE('',#987,#3523,#3531,.T.);
#3531 = LINE('',#3532,#3533);
#3532 = CARTESIAN_POINT('',(-1.51,-6.661338147751E-16,-3.));
#3533 = VECTOR('',#3534,1.);
#3534 = DIRECTION('',(0.,1.,-2.22044604925E-16));
#3535 = ORIENTED_EDGE('',*,*,#994,.F.);
#3536 = ORIENTED_EDGE('',*,*,#3537,.T.);
#3537 = EDGE_CURVE('',#995,#3538,#3540,.T.);
#3538 = VERTEX_POINT('',#3539);
#3539 = CARTESIAN_POINT('',(-1.69,0.2,-3.));
#3540 = LINE('',#3541,#3542);
#3541 = CARTESIAN_POINT('',(-1.69,-6.661338147751E-16,-3.));
#3542 = VECTOR('',#3543,1.);
#3543 = DIRECTION('',(0.,1.,-2.22044604925E-16));
#3544 = ORIENTED_EDGE('',*,*,#3545,.F.);
#3545 = EDGE_CURVE('',#3546,#3538,#3548,.T.);
#3546 = VERTEX_POINT('',#3547);
#3547 = CARTESIAN_POINT('',(-1.91,0.2,-3.));
#3548 = LINE('',#3549,#3550);
#3549 = CARTESIAN_POINT('',(-1.91,0.2,-3.));
#3550 = VECTOR('',#3551,1.);
#3551 = DIRECTION('',(1.,0.,0.));
#3552 = ORIENTED_EDGE('',*,*,#3553,.F.);
#3553 = EDGE_CURVE('',#1020,#3546,#3554,.T.);
#3554 = LINE('',#3555,#3556);
#3555 = CARTESIAN_POINT('',(-1.91,-6.661338147751E-16,-3.));
#3556 = VECTOR('',#3557,1.);
#3557 = DIRECTION('',(0.,1.,-2.22044604925E-16));
#3558 = ORIENTED_EDGE('',*,*,#1027,.F.);
#3559 = ORIENTED_EDGE('',*,*,#3560,.T.);
#3560 = EDGE_CURVE('',#1028,#3561,#3563,.T.);
#3561 = VERTEX_POINT('',#3562);
#3562 = CARTESIAN_POINT('',(-2.09,0.2,-3.));
#3563 = LINE('',#3564,#3565);
#3564 = CARTESIAN_POINT('',(-2.09,-6.661338147751E-16,-3.));
#3565 = VECTOR('',#3566,1.);
#3566 = DIRECTION('',(0.,1.,-2.22044604925E-16));
#3567 = ORIENTED_EDGE('',*,*,#3568,.F.);
#3568 = EDGE_CURVE('',#3569,#3561,#3571,.T.);
#3569 = VERTEX_POINT('',#3570);
#3570 = CARTESIAN_POINT('',(-2.31,0.2,-3.));
#3571 = LINE('',#3572,#3573);
#3572 = CARTESIAN_POINT('',(-2.31,0.2,-3.));
#3573 = VECTOR('',#3574,1.);
#3574 = DIRECTION('',(1.,0.,0.));
#3575 = ORIENTED_EDGE('',*,*,#3576,.F.);
#3576 = EDGE_CURVE('',#1053,#3569,#3577,.T.);
#3577 = LINE('',#3578,#3579);
#3578 = CARTESIAN_POINT('',(-2.31,-6.661338147751E-16,-3.));
#3579 = VECTOR('',#3580,1.);
#3580 = DIRECTION('',(0.,1.,-2.22044604925E-16));
#3581 = PLANE('',#3582);
#3582 = AXIS2_PLACEMENT_3D('',#3583,#3584,#3585);
#3583 = CARTESIAN_POINT('',(-3.,-6.661338147751E-16,-3.));
#3584 = DIRECTION('',(0.,-2.22044604925E-16,-1.));
#3585 = DIRECTION('',(1.,0.,0.));
#3586 = ADVANCED_FACE('',(#3587),#3593,.F.);
#3587 = FACE_BOUND('',#3588,.F.);
#3588 = EDGE_LOOP('',(#3589,#3590,#3591,#3592));
#3589 = ORIENTED_EDGE('',*,*,#2147,.F.);
#3590 = ORIENTED_EDGE('',*,*,#2220,.T.);
#3591 = ORIENTED_EDGE('',*,*,#2196,.T.);
#3592 = ORIENTED_EDGE('',*,*,#2180,.F.);
#3593 = CYLINDRICAL_SURFACE('',#3594,0.11);
#3594 = AXIS2_PLACEMENT_3D('',#3595,#3596,#3597);
#3595 = CARTESIAN_POINT('',(2.625,-4.884981308351E-16,-2.2));
#3596 = DIRECTION('',(0.,-1.,2.22044604925E-16));
#3597 = DIRECTION('',(1.,0.,0.));
#3598 = ADVANCED_FACE('',(#3599),#3605,.F.);
#3599 = FACE_BOUND('',#3600,.F.);
#3600 = EDGE_LOOP('',(#3601,#3602,#3603,#3604));
#3601 = ORIENTED_EDGE('',*,*,#2123,.F.);
#3602 = ORIENTED_EDGE('',*,*,#2286,.T.);
#3603 = ORIENTED_EDGE('',*,*,#2262,.T.);
#3604 = ORIENTED_EDGE('',*,*,#2246,.F.);
#3605 = CYLINDRICAL_SURFACE('',#3606,0.11);
#3606 = AXIS2_PLACEMENT_3D('',#3607,#3608,#3609);
#3607 = CARTESIAN_POINT('',(2.625,-4.440892098501E-16,-1.8));
#3608 = DIRECTION('',(0.,-1.,2.22044604925E-16));
#3609 = DIRECTION('',(1.,0.,0.));
#3610 = ADVANCED_FACE('',(#3611),#3617,.F.);
#3611 = FACE_BOUND('',#3612,.F.);
#3612 = EDGE_LOOP('',(#3613,#3614,#3615,#3616));
#3613 = ORIENTED_EDGE('',*,*,#2099,.F.);
#3614 = ORIENTED_EDGE('',*,*,#2352,.T.);
#3615 = ORIENTED_EDGE('',*,*,#2328,.T.);
#3616 = ORIENTED_EDGE('',*,*,#2312,.F.);
#3617 = CYLINDRICAL_SURFACE('',#3618,0.11);
#3618 = AXIS2_PLACEMENT_3D('',#3619,#3620,#3621);
#3619 = CARTESIAN_POINT('',(2.625,-3.330669073875E-16,-1.4));
#3620 = DIRECTION('',(0.,-1.,2.22044604925E-16));
#3621 = DIRECTION('',(1.,0.,0.));
#3622 = ADVANCED_FACE('',(#3623),#3629,.F.);
#3623 = FACE_BOUND('',#3624,.F.);
#3624 = EDGE_LOOP('',(#3625,#3626,#3627,#3628));
#3625 = ORIENTED_EDGE('',*,*,#2075,.F.);
#3626 = ORIENTED_EDGE('',*,*,#2418,.T.);
#3627 = ORIENTED_EDGE('',*,*,#2394,.T.);
#3628 = ORIENTED_EDGE('',*,*,#2378,.F.);
#3629 = CYLINDRICAL_SURFACE('',#3630,0.11);
#3630 = AXIS2_PLACEMENT_3D('',#3631,#3632,#3633);
#3631 = CARTESIAN_POINT('',(2.625,-2.22044604925E-16,-1.));
#3632 = DIRECTION('',(0.,-1.,2.22044604925E-16));
#3633 = DIRECTION('',(1.,0.,0.));
#3634 = ADVANCED_FACE('',(#3635),#3641,.F.);
#3635 = FACE_BOUND('',#3636,.F.);
#3636 = EDGE_LOOP('',(#3637,#3638,#3639,#3640));
#3637 = ORIENTED_EDGE('',*,*,#2051,.F.);
#3638 = ORIENTED_EDGE('',*,*,#2484,.T.);
#3639 = ORIENTED_EDGE('',*,*,#2460,.T.);
#3640 = ORIENTED_EDGE('',*,*,#2444,.F.);
#3641 = CYLINDRICAL_SURFACE('',#3642,0.11);
#3642 = AXIS2_PLACEMENT_3D('',#3643,#3644,#3645);
#3643 = CARTESIAN_POINT('',(2.625,-2.22044604925E-16,-0.6));
#3644 = DIRECTION('',(0.,-1.,2.22044604925E-16));
#3645 = DIRECTION('',(1.,0.,0.));
#3646 = ADVANCED_FACE('',(#3647),#3653,.F.);
#3647 = FACE_BOUND('',#3648,.F.);
#3648 = EDGE_LOOP('',(#3649,#3650,#3651,#3652));
#3649 = ORIENTED_EDGE('',*,*,#2027,.F.);
#3650 = ORIENTED_EDGE('',*,*,#2550,.T.);
#3651 = ORIENTED_EDGE('',*,*,#2526,.T.);
#3652 = ORIENTED_EDGE('',*,*,#2510,.F.);
#3653 = CYLINDRICAL_SURFACE('',#3654,0.11);
#3654 = AXIS2_PLACEMENT_3D('',#3655,#3656,#3657);
#3655 = CARTESIAN_POINT('',(2.625,-4.440892098501E-16,-0.2));
#3656 = DIRECTION('',(0.,-1.,2.22044604925E-16));
#3657 = DIRECTION('',(1.,0.,0.));
#3658 = ADVANCED_FACE('',(#3659),#3665,.F.);
#3659 = FACE_BOUND('',#3660,.F.);
#3660 = EDGE_LOOP('',(#3661,#3662,#3663,#3664));
#3661 = ORIENTED_EDGE('',*,*,#2003,.F.);
#3662 = ORIENTED_EDGE('',*,*,#2616,.T.);
#3663 = ORIENTED_EDGE('',*,*,#2592,.T.);
#3664 = ORIENTED_EDGE('',*,*,#2576,.F.);
#3665 = CYLINDRICAL_SURFACE('',#3666,0.11);
#3666 = AXIS2_PLACEMENT_3D('',#3667,#3668,#3669);
#3667 = CARTESIAN_POINT('',(2.625,0.,0.2));
#3668 = DIRECTION('',(0.,-1.,2.22044604925E-16));
#3669 = DIRECTION('',(1.,0.,0.));
#3670 = ADVANCED_FACE('',(#3671),#3677,.F.);
#3671 = FACE_BOUND('',#3672,.F.);
#3672 = EDGE_LOOP('',(#3673,#3674,#3675,#3676));
#3673 = ORIENTED_EDGE('',*,*,#1979,.F.);
#3674 = ORIENTED_EDGE('',*,*,#2682,.T.);
#3675 = ORIENTED_EDGE('',*,*,#2658,.T.);
#3676 = ORIENTED_EDGE('',*,*,#2642,.F.);
#3677 = CYLINDRICAL_SURFACE('',#3678,0.11);
#3678 = AXIS2_PLACEMENT_3D('',#3679,#3680,#3681);
#3679 = CARTESIAN_POINT('',(2.625,0.,0.6));
#3680 = DIRECTION('',(0.,-1.,2.22044604925E-16));
#3681 = DIRECTION('',(1.,0.,0.));
#3682 = ADVANCED_FACE('',(#3683),#3689,.F.);
#3683 = FACE_BOUND('',#3684,.F.);
#3684 = EDGE_LOOP('',(#3685,#3686,#3687,#3688));
#3685 = ORIENTED_EDGE('',*,*,#1955,.F.);
#3686 = ORIENTED_EDGE('',*,*,#2748,.T.);
#3687 = ORIENTED_EDGE('',*,*,#2724,.T.);
#3688 = ORIENTED_EDGE('',*,*,#2708,.F.);
#3689 = CYLINDRICAL_SURFACE('',#3690,0.11);
#3690 = AXIS2_PLACEMENT_3D('',#3691,#3692,#3693);
#3691 = CARTESIAN_POINT('',(2.625,0.,1.));
#3692 = DIRECTION('',(0.,-1.,2.22044604925E-16));
#3693 = DIRECTION('',(1.,0.,0.));
#3694 = ADVANCED_FACE('',(#3695),#3701,.F.);
#3695 = FACE_BOUND('',#3696,.F.);
#3696 = EDGE_LOOP('',(#3697,#3698,#3699,#3700));
#3697 = ORIENTED_EDGE('',*,*,#1931,.F.);
#3698 = ORIENTED_EDGE('',*,*,#2814,.T.);
#3699 = ORIENTED_EDGE('',*,*,#2790,.T.);
#3700 = ORIENTED_EDGE('',*,*,#2774,.F.);
#3701 = CYLINDRICAL_SURFACE('',#3702,0.11);
#3702 = AXIS2_PLACEMENT_3D('',#3703,#3704,#3705);
#3703 = CARTESIAN_POINT('',(2.625,0.,1.4));
#3704 = DIRECTION('',(0.,-1.,2.22044604925E-16));
#3705 = DIRECTION('',(1.,0.,0.));
#3706 = ADVANCED_FACE('',(#3707),#3713,.F.);
#3707 = FACE_BOUND('',#3708,.F.);
#3708 = EDGE_LOOP('',(#3709,#3710,#3711,#3712));
#3709 = ORIENTED_EDGE('',*,*,#1907,.F.);
#3710 = ORIENTED_EDGE('',*,*,#2880,.T.);
#3711 = ORIENTED_EDGE('',*,*,#2856,.T.);
#3712 = ORIENTED_EDGE('',*,*,#2840,.F.);
#3713 = CYLINDRICAL_SURFACE('',#3714,0.11);
#3714 = AXIS2_PLACEMENT_3D('',#3715,#3716,#3717);
#3715 = CARTESIAN_POINT('',(2.625,0.,1.8));
#3716 = DIRECTION('',(0.,-1.,2.22044604925E-16));
#3717 = DIRECTION('',(1.,0.,0.));
#3718 = ADVANCED_FACE('',(#3719),#3725,.F.);
#3719 = FACE_BOUND('',#3720,.F.);
#3720 = EDGE_LOOP('',(#3721,#3722,#3723,#3724));
#3721 = ORIENTED_EDGE('',*,*,#1883,.F.);
#3722 = ORIENTED_EDGE('',*,*,#2946,.T.);
#3723 = ORIENTED_EDGE('',*,*,#2922,.T.);
#3724 = ORIENTED_EDGE('',*,*,#2906,.F.);
#3725 = CYLINDRICAL_SURFACE('',#3726,0.11);
#3726 = AXIS2_PLACEMENT_3D('',#3727,#3728,#3729);
#3727 = CARTESIAN_POINT('',(2.625,0.,2.2));
#3728 = DIRECTION('',(0.,-1.,2.22044604925E-16));
#3729 = DIRECTION('',(1.,0.,0.));
#3730 = ADVANCED_FACE('',(#3731),#3749,.T.);
#3731 = FACE_BOUND('',#3732,.T.);
#3732 = EDGE_LOOP('',(#3733,#3734,#3735,#3743));
#3733 = ORIENTED_EDGE('',*,*,#1860,.T.);
#3734 = ORIENTED_EDGE('',*,*,#3248,.T.);
#3735 = ORIENTED_EDGE('',*,*,#3736,.T.);
#3736 = EDGE_CURVE('',#3241,#3737,#3739,.T.);
#3737 = VERTEX_POINT('',#3738);
#3738 = CARTESIAN_POINT('',(2.31,0.2,2.625));
#3739 = LINE('',#3740,#3741);
#3740 = CARTESIAN_POINT('',(2.31,0.2,3.));
#3741 = VECTOR('',#3742,1.);
#3742 = DIRECTION('',(0.,-2.22044604925E-16,-1.));
#3743 = ORIENTED_EDGE('',*,*,#3744,.F.);
#3744 = EDGE_CURVE('',#1852,#3737,#3745,.T.);
#3745 = LINE('',#3746,#3747);
#3746 = CARTESIAN_POINT('',(2.31,5.828670879282E-16,2.625));
#3747 = VECTOR('',#3748,1.);
#3748 = DIRECTION('',(0.,1.,-2.22044604925E-16));
#3749 = PLANE('',#3750);
#3750 = AXIS2_PLACEMENT_3D('',#3751,#3752,#3753);
#3751 = CARTESIAN_POINT('',(2.31,6.661338147751E-16,3.));
#3752 = DIRECTION('',(-1.,0.,0.));
#3753 = DIRECTION('',(0.,-2.22044604925E-16,-1.));
#3754 = ADVANCED_FACE('',(#3755),#3774,.F.);
#3755 = FACE_BOUND('',#3756,.F.);
#3756 = EDGE_LOOP('',(#3757,#3758,#3766,#3773));
#3757 = ORIENTED_EDGE('',*,*,#1851,.F.);
#3758 = ORIENTED_EDGE('',*,*,#3759,.T.);
#3759 = EDGE_CURVE('',#1844,#3760,#3762,.T.);
#3760 = VERTEX_POINT('',#3761);
#3761 = CARTESIAN_POINT('',(2.09,0.2,2.625));
#3762 = LINE('',#3763,#3764);
#3763 = CARTESIAN_POINT('',(2.09,5.828670879282E-16,2.625));
#3764 = VECTOR('',#3765,1.);
#3765 = DIRECTION('',(0.,1.,-2.22044604925E-16));
#3766 = ORIENTED_EDGE('',*,*,#3767,.T.);
#3767 = EDGE_CURVE('',#3760,#3737,#3768,.T.);
#3768 = CIRCLE('',#3769,0.11);
#3769 = AXIS2_PLACEMENT_3D('',#3770,#3771,#3772);
#3770 = CARTESIAN_POINT('',(2.2,0.2,2.625));
#3771 = DIRECTION('',(0.,-1.,2.22044604925E-16));
#3772 = DIRECTION('',(1.,0.,0.));
#3773 = ORIENTED_EDGE('',*,*,#3744,.F.);
#3774 = CYLINDRICAL_SURFACE('',#3775,0.11);
#3775 = AXIS2_PLACEMENT_3D('',#3776,#3777,#3778);
#3776 = CARTESIAN_POINT('',(2.2,5.828670879282E-16,2.625));
#3777 = DIRECTION('',(0.,-1.,2.22044604925E-16));
#3778 = DIRECTION('',(1.,0.,0.));
#3779 = ADVANCED_FACE('',(#3780),#3791,.T.);
#3780 = FACE_BOUND('',#3781,.T.);
#3781 = EDGE_LOOP('',(#3782,#3783,#3784,#3790));
#3782 = ORIENTED_EDGE('',*,*,#1843,.T.);
#3783 = ORIENTED_EDGE('',*,*,#3759,.T.);
#3784 = ORIENTED_EDGE('',*,*,#3785,.T.);
#3785 = EDGE_CURVE('',#3760,#3233,#3786,.T.);
#3786 = LINE('',#3787,#3788);
#3787 = CARTESIAN_POINT('',(2.09,0.2,2.625));
#3788 = VECTOR('',#3789,1.);
#3789 = DIRECTION('',(0.,2.22044604925E-16,1.));
#3790 = ORIENTED_EDGE('',*,*,#3232,.F.);
#3791 = PLANE('',#3792);
#3792 = AXIS2_PLACEMENT_3D('',#3793,#3794,#3795);
#3793 = CARTESIAN_POINT('',(2.09,5.828670879282E-16,2.625));
#3794 = DIRECTION('',(1.,0.,0.));
#3795 = DIRECTION('',(0.,2.22044604925E-16,1.));
#3796 = ADVANCED_FACE('',(#3797),#3815,.T.);
#3797 = FACE_BOUND('',#3798,.T.);
#3798 = EDGE_LOOP('',(#3799,#3800,#3801,#3809));
#3799 = ORIENTED_EDGE('',*,*,#1827,.T.);
#3800 = ORIENTED_EDGE('',*,*,#3225,.T.);
#3801 = ORIENTED_EDGE('',*,*,#3802,.T.);
#3802 = EDGE_CURVE('',#3218,#3803,#3805,.T.);
#3803 = VERTEX_POINT('',#3804);
#3804 = CARTESIAN_POINT('',(1.91,0.2,2.625));
#3805 = LINE('',#3806,#3807);
#3806 = CARTESIAN_POINT('',(1.91,0.2,3.));
#3807 = VECTOR('',#3808,1.);
#3808 = DIRECTION('',(0.,-2.22044604925E-16,-1.));
#3809 = ORIENTED_EDGE('',*,*,#3810,.F.);
#3810 = EDGE_CURVE('',#1819,#3803,#3811,.T.);
#3811 = LINE('',#3812,#3813);
#3812 = CARTESIAN_POINT('',(1.91,5.828670879282E-16,2.625));
#3813 = VECTOR('',#3814,1.);
#3814 = DIRECTION('',(0.,1.,-2.22044604925E-16));
#3815 = PLANE('',#3816);
#3816 = AXIS2_PLACEMENT_3D('',#3817,#3818,#3819);
#3817 = CARTESIAN_POINT('',(1.91,6.661338147751E-16,3.));
#3818 = DIRECTION('',(-1.,0.,0.));
#3819 = DIRECTION('',(0.,-2.22044604925E-16,-1.));
#3820 = ADVANCED_FACE('',(#3821),#3840,.F.);
#3821 = FACE_BOUND('',#3822,.F.);
#3822 = EDGE_LOOP('',(#3823,#3824,#3832,#3839));
#3823 = ORIENTED_EDGE('',*,*,#1818,.F.);
#3824 = ORIENTED_EDGE('',*,*,#3825,.T.);
#3825 = EDGE_CURVE('',#1811,#3826,#3828,.T.);
#3826 = VERTEX_POINT('',#3827);
#3827 = CARTESIAN_POINT('',(1.69,0.2,2.625));
#3828 = LINE('',#3829,#3830);
#3829 = CARTESIAN_POINT('',(1.69,5.828670879282E-16,2.625));
#3830 = VECTOR('',#3831,1.);
#3831 = DIRECTION('',(0.,1.,-2.22044604925E-16));
#3832 = ORIENTED_EDGE('',*,*,#3833,.T.);
#3833 = EDGE_CURVE('',#3826,#3803,#3834,.T.);
#3834 = CIRCLE('',#3835,0.11);
#3835 = AXIS2_PLACEMENT_3D('',#3836,#3837,#3838);
#3836 = CARTESIAN_POINT('',(1.8,0.2,2.625));
#3837 = DIRECTION('',(0.,-1.,2.22044604925E-16));
#3838 = DIRECTION('',(1.,0.,0.));
#3839 = ORIENTED_EDGE('',*,*,#3810,.F.);
#3840 = CYLINDRICAL_SURFACE('',#3841,0.11);
#3841 = AXIS2_PLACEMENT_3D('',#3842,#3843,#3844);
#3842 = CARTESIAN_POINT('',(1.8,5.828670879282E-16,2.625));
#3843 = DIRECTION('',(0.,-1.,2.22044604925E-16));
#3844 = DIRECTION('',(1.,0.,0.));
#3845 = ADVANCED_FACE('',(#3846),#3857,.T.);
#3846 = FACE_BOUND('',#3847,.T.);
#3847 = EDGE_LOOP('',(#3848,#3849,#3850,#3856));
#3848 = ORIENTED_EDGE('',*,*,#1810,.T.);
#3849 = ORIENTED_EDGE('',*,*,#3825,.T.);
#3850 = ORIENTED_EDGE('',*,*,#3851,.T.);
#3851 = EDGE_CURVE('',#3826,#3210,#3852,.T.);
#3852 = LINE('',#3853,#3854);
#3853 = CARTESIAN_POINT('',(1.69,0.2,2.625));
#3854 = VECTOR('',#3855,1.);
#3855 = DIRECTION('',(0.,2.22044604925E-16,1.));
#3856 = ORIENTED_EDGE('',*,*,#3209,.F.);
#3857 = PLANE('',#3858);
#3858 = AXIS2_PLACEMENT_3D('',#3859,#3860,#3861);
#3859 = CARTESIAN_POINT('',(1.69,5.828670879282E-16,2.625));
#3860 = DIRECTION('',(1.,0.,0.));
#3861 = DIRECTION('',(0.,2.22044604925E-16,1.));
#3862 = ADVANCED_FACE('',(#3863),#3881,.T.);
#3863 = FACE_BOUND('',#3864,.T.);
#3864 = EDGE_LOOP('',(#3865,#3866,#3867,#3875));
#3865 = ORIENTED_EDGE('',*,*,#1794,.T.);
#3866 = ORIENTED_EDGE('',*,*,#3202,.T.);
#3867 = ORIENTED_EDGE('',*,*,#3868,.T.);
#3868 = EDGE_CURVE('',#3195,#3869,#3871,.T.);
#3869 = VERTEX_POINT('',#3870);
#3870 = CARTESIAN_POINT('',(1.51,0.2,2.625));
#3871 = LINE('',#3872,#3873);
#3872 = CARTESIAN_POINT('',(1.51,0.2,3.));
#3873 = VECTOR('',#3874,1.);
#3874 = DIRECTION('',(0.,-2.22044604925E-16,-1.));
#3875 = ORIENTED_EDGE('',*,*,#3876,.F.);
#3876 = EDGE_CURVE('',#1786,#3869,#3877,.T.);
#3877 = LINE('',#3878,#3879);
#3878 = CARTESIAN_POINT('',(1.51,5.828670879282E-16,2.625));
#3879 = VECTOR('',#3880,1.);
#3880 = DIRECTION('',(0.,1.,-2.22044604925E-16));
#3881 = PLANE('',#3882);
#3882 = AXIS2_PLACEMENT_3D('',#3883,#3884,#3885);
#3883 = CARTESIAN_POINT('',(1.51,6.661338147751E-16,3.));
#3884 = DIRECTION('',(-1.,0.,0.));
#3885 = DIRECTION('',(0.,-2.22044604925E-16,-1.));
#3886 = ADVANCED_FACE('',(#3887),#3906,.F.);
#3887 = FACE_BOUND('',#3888,.F.);
#3888 = EDGE_LOOP('',(#3889,#3890,#3898,#3905));
#3889 = ORIENTED_EDGE('',*,*,#1785,.F.);
#3890 = ORIENTED_EDGE('',*,*,#3891,.T.);
#3891 = EDGE_CURVE('',#1778,#3892,#3894,.T.);
#3892 = VERTEX_POINT('',#3893);
#3893 = CARTESIAN_POINT('',(1.29,0.2,2.625));
#3894 = LINE('',#3895,#3896);
#3895 = CARTESIAN_POINT('',(1.29,5.828670879282E-16,2.625));
#3896 = VECTOR('',#3897,1.);
#3897 = DIRECTION('',(0.,1.,-2.22044604925E-16));
#3898 = ORIENTED_EDGE('',*,*,#3899,.T.);
#3899 = EDGE_CURVE('',#3892,#3869,#3900,.T.);
#3900 = CIRCLE('',#3901,0.11);
#3901 = AXIS2_PLACEMENT_3D('',#3902,#3903,#3904);
#3902 = CARTESIAN_POINT('',(1.4,0.2,2.625));
#3903 = DIRECTION('',(0.,-1.,2.22044604925E-16));
#3904 = DIRECTION('',(1.,0.,0.));
#3905 = ORIENTED_EDGE('',*,*,#3876,.F.);
#3906 = CYLINDRICAL_SURFACE('',#3907,0.11);
#3907 = AXIS2_PLACEMENT_3D('',#3908,#3909,#3910);
#3908 = CARTESIAN_POINT('',(1.4,5.828670879282E-16,2.625));
#3909 = DIRECTION('',(0.,-1.,2.22044604925E-16));
#3910 = DIRECTION('',(1.,0.,0.));
#3911 = ADVANCED_FACE('',(#3912),#3923,.T.);
#3912 = FACE_BOUND('',#3913,.T.);
#3913 = EDGE_LOOP('',(#3914,#3915,#3916,#3922));
#3914 = ORIENTED_EDGE('',*,*,#1777,.T.);
#3915 = ORIENTED_EDGE('',*,*,#3891,.T.);
#3916 = ORIENTED_EDGE('',*,*,#3917,.T.);
#3917 = EDGE_CURVE('',#3892,#3187,#3918,.T.);
#3918 = LINE('',#3919,#3920);
#3919 = CARTESIAN_POINT('',(1.29,0.2,2.625));
#3920 = VECTOR('',#3921,1.);
#3921 = DIRECTION('',(0.,2.22044604925E-16,1.));
#3922 = ORIENTED_EDGE('',*,*,#3186,.F.);
#3923 = PLANE('',#3924);
#3924 = AXIS2_PLACEMENT_3D('',#3925,#3926,#3927);
#3925 = CARTESIAN_POINT('',(1.29,5.828670879282E-16,2.625));
#3926 = DIRECTION('',(1.,0.,0.));
#3927 = DIRECTION('',(0.,2.22044604925E-16,1.));
#3928 = ADVANCED_FACE('',(#3929),#3947,.T.);
#3929 = FACE_BOUND('',#3930,.T.);
#3930 = EDGE_LOOP('',(#3931,#3932,#3933,#3941));
#3931 = ORIENTED_EDGE('',*,*,#1761,.T.);
#3932 = ORIENTED_EDGE('',*,*,#3179,.T.);
#3933 = ORIENTED_EDGE('',*,*,#3934,.T.);
#3934 = EDGE_CURVE('',#3172,#3935,#3937,.T.);
#3935 = VERTEX_POINT('',#3936);
#3936 = CARTESIAN_POINT('',(1.11,0.2,2.625));
#3937 = LINE('',#3938,#3939);
#3938 = CARTESIAN_POINT('',(1.11,0.2,3.));
#3939 = VECTOR('',#3940,1.);
#3940 = DIRECTION('',(0.,-2.22044604925E-16,-1.));
#3941 = ORIENTED_EDGE('',*,*,#3942,.F.);
#3942 = EDGE_CURVE('',#1753,#3935,#3943,.T.);
#3943 = LINE('',#3944,#3945);
#3944 = CARTESIAN_POINT('',(1.11,5.828670879282E-16,2.625));
#3945 = VECTOR('',#3946,1.);
#3946 = DIRECTION('',(0.,1.,-2.22044604925E-16));
#3947 = PLANE('',#3948);
#3948 = AXIS2_PLACEMENT_3D('',#3949,#3950,#3951);
#3949 = CARTESIAN_POINT('',(1.11,6.661338147751E-16,3.));
#3950 = DIRECTION('',(-1.,0.,0.));
#3951 = DIRECTION('',(0.,-2.22044604925E-16,-1.));
#3952 = ADVANCED_FACE('',(#3953),#3972,.F.);
#3953 = FACE_BOUND('',#3954,.F.);
#3954 = EDGE_LOOP('',(#3955,#3956,#3964,#3971));
#3955 = ORIENTED_EDGE('',*,*,#1752,.F.);
#3956 = ORIENTED_EDGE('',*,*,#3957,.T.);
#3957 = EDGE_CURVE('',#1745,#3958,#3960,.T.);
#3958 = VERTEX_POINT('',#3959);
#3959 = CARTESIAN_POINT('',(0.89,0.2,2.625));
#3960 = LINE('',#3961,#3962);
#3961 = CARTESIAN_POINT('',(0.89,5.828670879282E-16,2.625));
#3962 = VECTOR('',#3963,1.);
#3963 = DIRECTION('',(0.,1.,-2.22044604925E-16));
#3964 = ORIENTED_EDGE('',*,*,#3965,.T.);
#3965 = EDGE_CURVE('',#3958,#3935,#3966,.T.);
#3966 = CIRCLE('',#3967,0.11);
#3967 = AXIS2_PLACEMENT_3D('',#3968,#3969,#3970);
#3968 = CARTESIAN_POINT('',(1.,0.2,2.625));
#3969 = DIRECTION('',(0.,-1.,2.22044604925E-16));
#3970 = DIRECTION('',(1.,0.,0.));
#3971 = ORIENTED_EDGE('',*,*,#3942,.F.);
#3972 = CYLINDRICAL_SURFACE('',#3973,0.11);
#3973 = AXIS2_PLACEMENT_3D('',#3974,#3975,#3976);
#3974 = CARTESIAN_POINT('',(1.,5.828670879282E-16,2.625));
#3975 = DIRECTION('',(0.,-1.,2.22044604925E-16));
#3976 = DIRECTION('',(1.,0.,0.));
#3977 = ADVANCED_FACE('',(#3978),#3989,.T.);
#3978 = FACE_BOUND('',#3979,.T.);
#3979 = EDGE_LOOP('',(#3980,#3981,#3982,#3988));
#3980 = ORIENTED_EDGE('',*,*,#1744,.T.);
#3981 = ORIENTED_EDGE('',*,*,#3957,.T.);
#3982 = ORIENTED_EDGE('',*,*,#3983,.T.);
#3983 = EDGE_CURVE('',#3958,#3164,#3984,.T.);
#3984 = LINE('',#3985,#3986);
#3985 = CARTESIAN_POINT('',(0.89,0.2,2.625));
#3986 = VECTOR('',#3987,1.);
#3987 = DIRECTION('',(0.,2.22044604925E-16,1.));
#3988 = ORIENTED_EDGE('',*,*,#3163,.F.);
#3989 = PLANE('',#3990);
#3990 = AXIS2_PLACEMENT_3D('',#3991,#3992,#3993);
#3991 = CARTESIAN_POINT('',(0.89,5.828670879282E-16,2.625));
#3992 = DIRECTION('',(1.,0.,0.));
#3993 = DIRECTION('',(0.,2.22044604925E-16,1.));
#3994 = ADVANCED_FACE('',(#3995),#4013,.T.);
#3995 = FACE_BOUND('',#3996,.T.);
#3996 = EDGE_LOOP('',(#3997,#3998,#3999,#4007));
#3997 = ORIENTED_EDGE('',*,*,#1728,.T.);
#3998 = ORIENTED_EDGE('',*,*,#3156,.T.);
#3999 = ORIENTED_EDGE('',*,*,#4000,.T.);
#4000 = EDGE_CURVE('',#3149,#4001,#4003,.T.);
#4001 = VERTEX_POINT('',#4002);
#4002 = CARTESIAN_POINT('',(0.71,0.2,2.625));
#4003 = LINE('',#4004,#4005);
#4004 = CARTESIAN_POINT('',(0.71,0.2,3.));
#4005 = VECTOR('',#4006,1.);
#4006 = DIRECTION('',(0.,-2.22044604925E-16,-1.));
#4007 = ORIENTED_EDGE('',*,*,#4008,.F.);
#4008 = EDGE_CURVE('',#1720,#4001,#4009,.T.);
#4009 = LINE('',#4010,#4011);
#4010 = CARTESIAN_POINT('',(0.71,5.828670879282E-16,2.625));
#4011 = VECTOR('',#4012,1.);
#4012 = DIRECTION('',(0.,1.,-2.22044604925E-16));
#4013 = PLANE('',#4014);
#4014 = AXIS2_PLACEMENT_3D('',#4015,#4016,#4017);
#4015 = CARTESIAN_POINT('',(0.71,6.661338147751E-16,3.));
#4016 = DIRECTION('',(-1.,0.,0.));
#4017 = DIRECTION('',(0.,-2.22044604925E-16,-1.));
#4018 = ADVANCED_FACE('',(#4019),#4038,.F.);
#4019 = FACE_BOUND('',#4020,.F.);
#4020 = EDGE_LOOP('',(#4021,#4022,#4030,#4037));
#4021 = ORIENTED_EDGE('',*,*,#1719,.F.);
#4022 = ORIENTED_EDGE('',*,*,#4023,.T.);
#4023 = EDGE_CURVE('',#1712,#4024,#4026,.T.);
#4024 = VERTEX_POINT('',#4025);
#4025 = CARTESIAN_POINT('',(0.49,0.2,2.625));
#4026 = LINE('',#4027,#4028);
#4027 = CARTESIAN_POINT('',(0.49,5.828670879282E-16,2.625));
#4028 = VECTOR('',#4029,1.);
#4029 = DIRECTION('',(0.,1.,-2.22044604925E-16));
#4030 = ORIENTED_EDGE('',*,*,#4031,.T.);
#4031 = EDGE_CURVE('',#4024,#4001,#4032,.T.);
#4032 = CIRCLE('',#4033,0.11);
#4033 = AXIS2_PLACEMENT_3D('',#4034,#4035,#4036);
#4034 = CARTESIAN_POINT('',(0.6,0.2,2.625));
#4035 = DIRECTION('',(0.,-1.,2.22044604925E-16));
#4036 = DIRECTION('',(1.,0.,0.));
#4037 = ORIENTED_EDGE('',*,*,#4008,.F.);
#4038 = CYLINDRICAL_SURFACE('',#4039,0.11);
#4039 = AXIS2_PLACEMENT_3D('',#4040,#4041,#4042);
#4040 = CARTESIAN_POINT('',(0.6,5.828670879282E-16,2.625));
#4041 = DIRECTION('',(0.,-1.,2.22044604925E-16));
#4042 = DIRECTION('',(1.,0.,0.));
#4043 = ADVANCED_FACE('',(#4044),#4055,.T.);
#4044 = FACE_BOUND('',#4045,.T.);
#4045 = EDGE_LOOP('',(#4046,#4047,#4048,#4054));
#4046 = ORIENTED_EDGE('',*,*,#1711,.T.);
#4047 = ORIENTED_EDGE('',*,*,#4023,.T.);
#4048 = ORIENTED_EDGE('',*,*,#4049,.T.);
#4049 = EDGE_CURVE('',#4024,#3141,#4050,.T.);
#4050 = LINE('',#4051,#4052);
#4051 = CARTESIAN_POINT('',(0.49,0.2,2.625));
#4052 = VECTOR('',#4053,1.);
#4053 = DIRECTION('',(0.,2.22044604925E-16,1.));
#4054 = ORIENTED_EDGE('',*,*,#3140,.F.);
#4055 = PLANE('',#4056);
#4056 = AXIS2_PLACEMENT_3D('',#4057,#4058,#4059);
#4057 = CARTESIAN_POINT('',(0.49,5.828670879282E-16,2.625));
#4058 = DIRECTION('',(1.,0.,0.));
#4059 = DIRECTION('',(0.,2.22044604925E-16,1.));
#4060 = ADVANCED_FACE('',(#4061),#4079,.T.);
#4061 = FACE_BOUND('',#4062,.T.);
#4062 = EDGE_LOOP('',(#4063,#4064,#4065,#4073));
#4063 = ORIENTED_EDGE('',*,*,#1695,.T.);
#4064 = ORIENTED_EDGE('',*,*,#3133,.T.);
#4065 = ORIENTED_EDGE('',*,*,#4066,.T.);
#4066 = EDGE_CURVE('',#3126,#4067,#4069,.T.);
#4067 = VERTEX_POINT('',#4068);
#4068 = CARTESIAN_POINT('',(0.31,0.2,2.625));
#4069 = LINE('',#4070,#4071);
#4070 = CARTESIAN_POINT('',(0.31,0.2,3.));
#4071 = VECTOR('',#4072,1.);
#4072 = DIRECTION('',(0.,-2.22044604925E-16,-1.));
#4073 = ORIENTED_EDGE('',*,*,#4074,.F.);
#4074 = EDGE_CURVE('',#1687,#4067,#4075,.T.);
#4075 = LINE('',#4076,#4077);
#4076 = CARTESIAN_POINT('',(0.31,5.828670879282E-16,2.625));
#4077 = VECTOR('',#4078,1.);
#4078 = DIRECTION('',(0.,1.,-2.22044604925E-16));
#4079 = PLANE('',#4080);
#4080 = AXIS2_PLACEMENT_3D('',#4081,#4082,#4083);
#4081 = CARTESIAN_POINT('',(0.31,6.661338147751E-16,3.));
#4082 = DIRECTION('',(-1.,0.,0.));
#4083 = DIRECTION('',(0.,-2.22044604925E-16,-1.));
#4084 = ADVANCED_FACE('',(#4085),#4104,.F.);
#4085 = FACE_BOUND('',#4086,.F.);
#4086 = EDGE_LOOP('',(#4087,#4088,#4096,#4103));
#4087 = ORIENTED_EDGE('',*,*,#1686,.F.);
#4088 = ORIENTED_EDGE('',*,*,#4089,.T.);
#4089 = EDGE_CURVE('',#1679,#4090,#4092,.T.);
#4090 = VERTEX_POINT('',#4091);
#4091 = CARTESIAN_POINT('',(9.E-02,0.2,2.625));
#4092 = LINE('',#4093,#4094);
#4093 = CARTESIAN_POINT('',(9.E-02,5.828670879282E-16,2.625));
#4094 = VECTOR('',#4095,1.);
#4095 = DIRECTION('',(0.,1.,-2.22044604925E-16));
#4096 = ORIENTED_EDGE('',*,*,#4097,.T.);
#4097 = EDGE_CURVE('',#4090,#4067,#4098,.T.);
#4098 = CIRCLE('',#4099,0.11);
#4099 = AXIS2_PLACEMENT_3D('',#4100,#4101,#4102);
#4100 = CARTESIAN_POINT('',(0.2,0.2,2.625));
#4101 = DIRECTION('',(0.,-1.,2.22044604925E-16));
#4102 = DIRECTION('',(1.,0.,0.));
#4103 = ORIENTED_EDGE('',*,*,#4074,.F.);
#4104 = CYLINDRICAL_SURFACE('',#4105,0.11);
#4105 = AXIS2_PLACEMENT_3D('',#4106,#4107,#4108);
#4106 = CARTESIAN_POINT('',(0.2,5.828670879282E-16,2.625));
#4107 = DIRECTION('',(0.,-1.,2.22044604925E-16));
#4108 = DIRECTION('',(1.,0.,0.));
#4109 = ADVANCED_FACE('',(#4110),#4121,.T.);
#4110 = FACE_BOUND('',#4111,.T.);
#4111 = EDGE_LOOP('',(#4112,#4113,#4114,#4120));
#4112 = ORIENTED_EDGE('',*,*,#1678,.T.);
#4113 = ORIENTED_EDGE('',*,*,#4089,.T.);
#4114 = ORIENTED_EDGE('',*,*,#4115,.T.);
#4115 = EDGE_CURVE('',#4090,#3118,#4116,.T.);
#4116 = LINE('',#4117,#4118);
#4117 = CARTESIAN_POINT('',(9.E-02,0.2,2.625));
#4118 = VECTOR('',#4119,1.);
#4119 = DIRECTION('',(0.,2.22044604925E-16,1.));
#4120 = ORIENTED_EDGE('',*,*,#3117,.F.);
#4121 = PLANE('',#4122);
#4122 = AXIS2_PLACEMENT_3D('',#4123,#4124,#4125);
#4123 = CARTESIAN_POINT('',(9.E-02,5.828670879282E-16,2.625));
#4124 = DIRECTION('',(1.,0.,0.));
#4125 = DIRECTION('',(0.,2.22044604925E-16,1.));
#4126 = ADVANCED_FACE('',(#4127),#4145,.T.);
#4127 = FACE_BOUND('',#4128,.T.);
#4128 = EDGE_LOOP('',(#4129,#4130,#4131,#4139));
#4129 = ORIENTED_EDGE('',*,*,#1662,.T.);
#4130 = ORIENTED_EDGE('',*,*,#3110,.T.);
#4131 = ORIENTED_EDGE('',*,*,#4132,.T.);
#4132 = EDGE_CURVE('',#3103,#4133,#4135,.T.);
#4133 = VERTEX_POINT('',#4134);
#4134 = CARTESIAN_POINT('',(-9.E-02,0.2,2.625));
#4135 = LINE('',#4136,#4137);
#4136 = CARTESIAN_POINT('',(-9.E-02,0.2,3.));
#4137 = VECTOR('',#4138,1.);
#4138 = DIRECTION('',(0.,-2.22044604925E-16,-1.));
#4139 = ORIENTED_EDGE('',*,*,#4140,.F.);
#4140 = EDGE_CURVE('',#1654,#4133,#4141,.T.);
#4141 = LINE('',#4142,#4143);
#4142 = CARTESIAN_POINT('',(-9.E-02,5.828670879282E-16,2.625));
#4143 = VECTOR('',#4144,1.);
#4144 = DIRECTION('',(0.,1.,-2.22044604925E-16));
#4145 = PLANE('',#4146);
#4146 = AXIS2_PLACEMENT_3D('',#4147,#4148,#4149);
#4147 = CARTESIAN_POINT('',(-9.E-02,6.661338147751E-16,3.));
#4148 = DIRECTION('',(-1.,0.,0.));
#4149 = DIRECTION('',(0.,-2.22044604925E-16,-1.));
#4150 = ADVANCED_FACE('',(#4151),#4170,.F.);
#4151 = FACE_BOUND('',#4152,.F.);
#4152 = EDGE_LOOP('',(#4153,#4154,#4162,#4169));
#4153 = ORIENTED_EDGE('',*,*,#1653,.F.);
#4154 = ORIENTED_EDGE('',*,*,#4155,.T.);
#4155 = EDGE_CURVE('',#1646,#4156,#4158,.T.);
#4156 = VERTEX_POINT('',#4157);
#4157 = CARTESIAN_POINT('',(-0.31,0.2,2.625));
#4158 = LINE('',#4159,#4160);
#4159 = CARTESIAN_POINT('',(-0.31,5.828670879282E-16,2.625));
#4160 = VECTOR('',#4161,1.);
#4161 = DIRECTION('',(0.,1.,-2.22044604925E-16));
#4162 = ORIENTED_EDGE('',*,*,#4163,.T.);
#4163 = EDGE_CURVE('',#4156,#4133,#4164,.T.);
#4164 = CIRCLE('',#4165,0.11);
#4165 = AXIS2_PLACEMENT_3D('',#4166,#4167,#4168);
#4166 = CARTESIAN_POINT('',(-0.2,0.2,2.625));
#4167 = DIRECTION('',(0.,-1.,2.22044604925E-16));
#4168 = DIRECTION('',(1.,0.,0.));
#4169 = ORIENTED_EDGE('',*,*,#4140,.F.);
#4170 = CYLINDRICAL_SURFACE('',#4171,0.11);
#4171 = AXIS2_PLACEMENT_3D('',#4172,#4173,#4174);
#4172 = CARTESIAN_POINT('',(-0.2,5.828670879282E-16,2.625));
#4173 = DIRECTION('',(0.,-1.,2.22044604925E-16));
#4174 = DIRECTION('',(1.,0.,0.));
#4175 = ADVANCED_FACE('',(#4176),#4187,.T.);
#4176 = FACE_BOUND('',#4177,.T.);
#4177 = EDGE_LOOP('',(#4178,#4179,#4180,#4186));
#4178 = ORIENTED_EDGE('',*,*,#1645,.T.);
#4179 = ORIENTED_EDGE('',*,*,#4155,.T.);
#4180 = ORIENTED_EDGE('',*,*,#4181,.T.);
#4181 = EDGE_CURVE('',#4156,#3095,#4182,.T.);
#4182 = LINE('',#4183,#4184);
#4183 = CARTESIAN_POINT('',(-0.31,0.2,2.625));
#4184 = VECTOR('',#4185,1.);
#4185 = DIRECTION('',(0.,2.22044604925E-16,1.));
#4186 = ORIENTED_EDGE('',*,*,#3094,.F.);
#4187 = PLANE('',#4188);
#4188 = AXIS2_PLACEMENT_3D('',#4189,#4190,#4191);
#4189 = CARTESIAN_POINT('',(-0.31,5.828670879282E-16,2.625));
#4190 = DIRECTION('',(1.,0.,0.));
#4191 = DIRECTION('',(0.,2.22044604925E-16,1.));
#4192 = ADVANCED_FACE('',(#4193),#4211,.T.);
#4193 = FACE_BOUND('',#4194,.T.);
#4194 = EDGE_LOOP('',(#4195,#4196,#4197,#4205));
#4195 = ORIENTED_EDGE('',*,*,#1629,.T.);
#4196 = ORIENTED_EDGE('',*,*,#3087,.T.);
#4197 = ORIENTED_EDGE('',*,*,#4198,.T.);
#4198 = EDGE_CURVE('',#3080,#4199,#4201,.T.);
#4199 = VERTEX_POINT('',#4200);
#4200 = CARTESIAN_POINT('',(-0.49,0.2,2.625));
#4201 = LINE('',#4202,#4203);
#4202 = CARTESIAN_POINT('',(-0.49,0.2,3.));
#4203 = VECTOR('',#4204,1.);
#4204 = DIRECTION('',(0.,-2.22044604925E-16,-1.));
#4205 = ORIENTED_EDGE('',*,*,#4206,.F.);
#4206 = EDGE_CURVE('',#1621,#4199,#4207,.T.);
#4207 = LINE('',#4208,#4209);
#4208 = CARTESIAN_POINT('',(-0.49,5.828670879282E-16,2.625));
#4209 = VECTOR('',#4210,1.);
#4210 = DIRECTION('',(0.,1.,-2.22044604925E-16));
#4211 = PLANE('',#4212);
#4212 = AXIS2_PLACEMENT_3D('',#4213,#4214,#4215);
#4213 = CARTESIAN_POINT('',(-0.49,6.661338147751E-16,3.));
#4214 = DIRECTION('',(-1.,0.,0.));
#4215 = DIRECTION('',(0.,-2.22044604925E-16,-1.));
#4216 = ADVANCED_FACE('',(#4217),#4236,.F.);
#4217 = FACE_BOUND('',#4218,.F.);
#4218 = EDGE_LOOP('',(#4219,#4220,#4228,#4235));
#4219 = ORIENTED_EDGE('',*,*,#1620,.F.);
#4220 = ORIENTED_EDGE('',*,*,#4221,.T.);
#4221 = EDGE_CURVE('',#1613,#4222,#4224,.T.);
#4222 = VERTEX_POINT('',#4223);
#4223 = CARTESIAN_POINT('',(-0.71,0.2,2.625));
#4224 = LINE('',#4225,#4226);
#4225 = CARTESIAN_POINT('',(-0.71,5.828670879282E-16,2.625));
#4226 = VECTOR('',#4227,1.);
#4227 = DIRECTION('',(0.,1.,-2.22044604925E-16));
#4228 = ORIENTED_EDGE('',*,*,#4229,.T.);
#4229 = EDGE_CURVE('',#4222,#4199,#4230,.T.);
#4230 = CIRCLE('',#4231,0.11);
#4231 = AXIS2_PLACEMENT_3D('',#4232,#4233,#4234);
#4232 = CARTESIAN_POINT('',(-0.6,0.2,2.625));
#4233 = DIRECTION('',(0.,-1.,2.22044604925E-16));
#4234 = DIRECTION('',(1.,0.,0.));
#4235 = ORIENTED_EDGE('',*,*,#4206,.F.);
#4236 = CYLINDRICAL_SURFACE('',#4237,0.11);
#4237 = AXIS2_PLACEMENT_3D('',#4238,#4239,#4240);
#4238 = CARTESIAN_POINT('',(-0.6,5.828670879282E-16,2.625));
#4239 = DIRECTION('',(0.,-1.,2.22044604925E-16));
#4240 = DIRECTION('',(1.,0.,0.));
#4241 = ADVANCED_FACE('',(#4242),#4253,.T.);
#4242 = FACE_BOUND('',#4243,.T.);
#4243 = EDGE_LOOP('',(#4244,#4245,#4246,#4252));
#4244 = ORIENTED_EDGE('',*,*,#1612,.T.);
#4245 = ORIENTED_EDGE('',*,*,#4221,.T.);
#4246 = ORIENTED_EDGE('',*,*,#4247,.T.);
#4247 = EDGE_CURVE('',#4222,#3072,#4248,.T.);
#4248 = LINE('',#4249,#4250);
#4249 = CARTESIAN_POINT('',(-0.71,0.2,2.625));
#4250 = VECTOR('',#4251,1.);
#4251 = DIRECTION('',(0.,2.22044604925E-16,1.));
#4252 = ORIENTED_EDGE('',*,*,#3071,.F.);
#4253 = PLANE('',#4254);
#4254 = AXIS2_PLACEMENT_3D('',#4255,#4256,#4257);
#4255 = CARTESIAN_POINT('',(-0.71,5.828670879282E-16,2.625));
#4256 = DIRECTION('',(1.,0.,0.));
#4257 = DIRECTION('',(0.,2.22044604925E-16,1.));
#4258 = ADVANCED_FACE('',(#4259),#4277,.T.);
#4259 = FACE_BOUND('',#4260,.T.);
#4260 = EDGE_LOOP('',(#4261,#4262,#4263,#4271));
#4261 = ORIENTED_EDGE('',*,*,#1596,.T.);
#4262 = ORIENTED_EDGE('',*,*,#3064,.T.);
#4263 = ORIENTED_EDGE('',*,*,#4264,.T.);
#4264 = EDGE_CURVE('',#3057,#4265,#4267,.T.);
#4265 = VERTEX_POINT('',#4266);
#4266 = CARTESIAN_POINT('',(-0.89,0.2,2.625));
#4267 = LINE('',#4268,#4269);
#4268 = CARTESIAN_POINT('',(-0.89,0.2,3.));
#4269 = VECTOR('',#4270,1.);
#4270 = DIRECTION('',(0.,-2.22044604925E-16,-1.));
#4271 = ORIENTED_EDGE('',*,*,#4272,.F.);
#4272 = EDGE_CURVE('',#1588,#4265,#4273,.T.);
#4273 = LINE('',#4274,#4275);
#4274 = CARTESIAN_POINT('',(-0.89,5.828670879282E-16,2.625));
#4275 = VECTOR('',#4276,1.);
#4276 = DIRECTION('',(0.,1.,-2.22044604925E-16));
#4277 = PLANE('',#4278);
#4278 = AXIS2_PLACEMENT_3D('',#4279,#4280,#4281);
#4279 = CARTESIAN_POINT('',(-0.89,6.661338147751E-16,3.));
#4280 = DIRECTION('',(-1.,0.,0.));
#4281 = DIRECTION('',(0.,-2.22044604925E-16,-1.));
#4282 = ADVANCED_FACE('',(#4283),#4302,.F.);
#4283 = FACE_BOUND('',#4284,.F.);
#4284 = EDGE_LOOP('',(#4285,#4286,#4294,#4301));
#4285 = ORIENTED_EDGE('',*,*,#1587,.F.);
#4286 = ORIENTED_EDGE('',*,*,#4287,.T.);
#4287 = EDGE_CURVE('',#1580,#4288,#4290,.T.);
#4288 = VERTEX_POINT('',#4289);
#4289 = CARTESIAN_POINT('',(-1.11,0.2,2.625));
#4290 = LINE('',#4291,#4292);
#4291 = CARTESIAN_POINT('',(-1.11,5.828670879282E-16,2.625));
#4292 = VECTOR('',#4293,1.);
#4293 = DIRECTION('',(0.,1.,-2.22044604925E-16));
#4294 = ORIENTED_EDGE('',*,*,#4295,.T.);
#4295 = EDGE_CURVE('',#4288,#4265,#4296,.T.);
#4296 = CIRCLE('',#4297,0.11);
#4297 = AXIS2_PLACEMENT_3D('',#4298,#4299,#4300);
#4298 = CARTESIAN_POINT('',(-1.,0.2,2.625));
#4299 = DIRECTION('',(0.,-1.,2.22044604925E-16));
#4300 = DIRECTION('',(1.,0.,0.));
#4301 = ORIENTED_EDGE('',*,*,#4272,.F.);
#4302 = CYLINDRICAL_SURFACE('',#4303,0.11);
#4303 = AXIS2_PLACEMENT_3D('',#4304,#4305,#4306);
#4304 = CARTESIAN_POINT('',(-1.,5.828670879282E-16,2.625));
#4305 = DIRECTION('',(0.,-1.,2.22044604925E-16));
#4306 = DIRECTION('',(1.,0.,0.));
#4307 = ADVANCED_FACE('',(#4308),#4319,.T.);
#4308 = FACE_BOUND('',#4309,.T.);
#4309 = EDGE_LOOP('',(#4310,#4311,#4312,#4318));
#4310 = ORIENTED_EDGE('',*,*,#1579,.T.);
#4311 = ORIENTED_EDGE('',*,*,#4287,.T.);
#4312 = ORIENTED_EDGE('',*,*,#4313,.T.);
#4313 = EDGE_CURVE('',#4288,#3049,#4314,.T.);
#4314 = LINE('',#4315,#4316);
#4315 = CARTESIAN_POINT('',(-1.11,0.2,2.625));
#4316 = VECTOR('',#4317,1.);
#4317 = DIRECTION('',(0.,2.22044604925E-16,1.));
#4318 = ORIENTED_EDGE('',*,*,#3048,.F.);
#4319 = PLANE('',#4320);
#4320 = AXIS2_PLACEMENT_3D('',#4321,#4322,#4323);
#4321 = CARTESIAN_POINT('',(-1.11,5.828670879282E-16,2.625));
#4322 = DIRECTION('',(1.,0.,0.));
#4323 = DIRECTION('',(0.,2.22044604925E-16,1.));
#4324 = ADVANCED_FACE('',(#4325),#4343,.T.);
#4325 = FACE_BOUND('',#4326,.T.);
#4326 = EDGE_LOOP('',(#4327,#4328,#4329,#4337));
#4327 = ORIENTED_EDGE('',*,*,#1563,.T.);
#4328 = ORIENTED_EDGE('',*,*,#3041,.T.);
#4329 = ORIENTED_EDGE('',*,*,#4330,.T.);
#4330 = EDGE_CURVE('',#3034,#4331,#4333,.T.);
#4331 = VERTEX_POINT('',#4332);
#4332 = CARTESIAN_POINT('',(-1.29,0.2,2.625));
#4333 = LINE('',#4334,#4335);
#4334 = CARTESIAN_POINT('',(-1.29,0.2,3.));
#4335 = VECTOR('',#4336,1.);
#4336 = DIRECTION('',(0.,-2.22044604925E-16,-1.));
#4337 = ORIENTED_EDGE('',*,*,#4338,.F.);
#4338 = EDGE_CURVE('',#1555,#4331,#4339,.T.);
#4339 = LINE('',#4340,#4341);
#4340 = CARTESIAN_POINT('',(-1.29,5.828670879282E-16,2.625));
#4341 = VECTOR('',#4342,1.);
#4342 = DIRECTION('',(0.,1.,-2.22044604925E-16));
#4343 = PLANE('',#4344);
#4344 = AXIS2_PLACEMENT_3D('',#4345,#4346,#4347);
#4345 = CARTESIAN_POINT('',(-1.29,6.661338147751E-16,3.));
#4346 = DIRECTION('',(-1.,0.,0.));
#4347 = DIRECTION('',(0.,-2.22044604925E-16,-1.));
#4348 = ADVANCED_FACE('',(#4349),#4368,.F.);
#4349 = FACE_BOUND('',#4350,.F.);
#4350 = EDGE_LOOP('',(#4351,#4352,#4360,#4367));
#4351 = ORIENTED_EDGE('',*,*,#1554,.F.);
#4352 = ORIENTED_EDGE('',*,*,#4353,.T.);
#4353 = EDGE_CURVE('',#1547,#4354,#4356,.T.);
#4354 = VERTEX_POINT('',#4355);
#4355 = CARTESIAN_POINT('',(-1.51,0.2,2.625));
#4356 = LINE('',#4357,#4358);
#4357 = CARTESIAN_POINT('',(-1.51,5.828670879282E-16,2.625));
#4358 = VECTOR('',#4359,1.);
#4359 = DIRECTION('',(0.,1.,-2.22044604925E-16));
#4360 = ORIENTED_EDGE('',*,*,#4361,.T.);
#4361 = EDGE_CURVE('',#4354,#4331,#4362,.T.);
#4362 = CIRCLE('',#4363,0.11);
#4363 = AXIS2_PLACEMENT_3D('',#4364,#4365,#4366);
#4364 = CARTESIAN_POINT('',(-1.4,0.2,2.625));
#4365 = DIRECTION('',(0.,-1.,2.22044604925E-16));
#4366 = DIRECTION('',(1.,0.,0.));
#4367 = ORIENTED_EDGE('',*,*,#4338,.F.);
#4368 = CYLINDRICAL_SURFACE('',#4369,0.11);
#4369 = AXIS2_PLACEMENT_3D('',#4370,#4371,#4372);
#4370 = CARTESIAN_POINT('',(-1.4,5.828670879282E-16,2.625));
#4371 = DIRECTION('',(0.,-1.,2.22044604925E-16));
#4372 = DIRECTION('',(1.,0.,0.));
#4373 = ADVANCED_FACE('',(#4374),#4385,.T.);
#4374 = FACE_BOUND('',#4375,.T.);
#4375 = EDGE_LOOP('',(#4376,#4377,#4378,#4384));
#4376 = ORIENTED_EDGE('',*,*,#1546,.T.);
#4377 = ORIENTED_EDGE('',*,*,#4353,.T.);
#4378 = ORIENTED_EDGE('',*,*,#4379,.T.);
#4379 = EDGE_CURVE('',#4354,#3026,#4380,.T.);
#4380 = LINE('',#4381,#4382);
#4381 = CARTESIAN_POINT('',(-1.51,0.2,2.625));
#4382 = VECTOR('',#4383,1.);
#4383 = DIRECTION('',(0.,2.22044604925E-16,1.));
#4384 = ORIENTED_EDGE('',*,*,#3025,.F.);
#4385 = PLANE('',#4386);
#4386 = AXIS2_PLACEMENT_3D('',#4387,#4388,#4389);
#4387 = CARTESIAN_POINT('',(-1.51,5.828670879282E-16,2.625));
#4388 = DIRECTION('',(1.,0.,0.));
#4389 = DIRECTION('',(0.,2.22044604925E-16,1.));
#4390 = ADVANCED_FACE('',(#4391),#4409,.T.);
#4391 = FACE_BOUND('',#4392,.T.);
#4392 = EDGE_LOOP('',(#4393,#4394,#4395,#4403));
#4393 = ORIENTED_EDGE('',*,*,#1530,.T.);
#4394 = ORIENTED_EDGE('',*,*,#3018,.T.);
#4395 = ORIENTED_EDGE('',*,*,#4396,.T.);
#4396 = EDGE_CURVE('',#3011,#4397,#4399,.T.);
#4397 = VERTEX_POINT('',#4398);
#4398 = CARTESIAN_POINT('',(-1.69,0.2,2.625));
#4399 = LINE('',#4400,#4401);
#4400 = CARTESIAN_POINT('',(-1.69,0.2,3.));
#4401 = VECTOR('',#4402,1.);
#4402 = DIRECTION('',(0.,-2.22044604925E-16,-1.));
#4403 = ORIENTED_EDGE('',*,*,#4404,.F.);
#4404 = EDGE_CURVE('',#1522,#4397,#4405,.T.);
#4405 = LINE('',#4406,#4407);
#4406 = CARTESIAN_POINT('',(-1.69,5.828670879282E-16,2.625));
#4407 = VECTOR('',#4408,1.);
#4408 = DIRECTION('',(0.,1.,-2.22044604925E-16));
#4409 = PLANE('',#4410);
#4410 = AXIS2_PLACEMENT_3D('',#4411,#4412,#4413);
#4411 = CARTESIAN_POINT('',(-1.69,6.661338147751E-16,3.));
#4412 = DIRECTION('',(-1.,0.,0.));
#4413 = DIRECTION('',(0.,-2.22044604925E-16,-1.));
#4414 = ADVANCED_FACE('',(#4415),#4434,.F.);
#4415 = FACE_BOUND('',#4416,.F.);
#4416 = EDGE_LOOP('',(#4417,#4418,#4426,#4433));
#4417 = ORIENTED_EDGE('',*,*,#1521,.F.);
#4418 = ORIENTED_EDGE('',*,*,#4419,.T.);
#4419 = EDGE_CURVE('',#1514,#4420,#4422,.T.);
#4420 = VERTEX_POINT('',#4421);
#4421 = CARTESIAN_POINT('',(-1.91,0.2,2.625));
#4422 = LINE('',#4423,#4424);
#4423 = CARTESIAN_POINT('',(-1.91,5.828670879282E-16,2.625));
#4424 = VECTOR('',#4425,1.);
#4425 = DIRECTION('',(0.,1.,-2.22044604925E-16));
#4426 = ORIENTED_EDGE('',*,*,#4427,.T.);
#4427 = EDGE_CURVE('',#4420,#4397,#4428,.T.);
#4428 = CIRCLE('',#4429,0.11);
#4429 = AXIS2_PLACEMENT_3D('',#4430,#4431,#4432);
#4430 = CARTESIAN_POINT('',(-1.8,0.2,2.625));
#4431 = DIRECTION('',(0.,-1.,2.22044604925E-16));
#4432 = DIRECTION('',(1.,0.,0.));
#4433 = ORIENTED_EDGE('',*,*,#4404,.F.);
#4434 = CYLINDRICAL_SURFACE('',#4435,0.11);
#4435 = AXIS2_PLACEMENT_3D('',#4436,#4437,#4438);
#4436 = CARTESIAN_POINT('',(-1.8,5.828670879282E-16,2.625));
#4437 = DIRECTION('',(0.,-1.,2.22044604925E-16));
#4438 = DIRECTION('',(1.,0.,0.));
#4439 = ADVANCED_FACE('',(#4440),#4451,.T.);
#4440 = FACE_BOUND('',#4441,.T.);
#4441 = EDGE_LOOP('',(#4442,#4443,#4444,#4450));
#4442 = ORIENTED_EDGE('',*,*,#1513,.T.);
#4443 = ORIENTED_EDGE('',*,*,#4419,.T.);
#4444 = ORIENTED_EDGE('',*,*,#4445,.T.);
#4445 = EDGE_CURVE('',#4420,#3003,#4446,.T.);
#4446 = LINE('',#4447,#4448);
#4447 = CARTESIAN_POINT('',(-1.91,0.2,2.625));
#4448 = VECTOR('',#4449,1.);
#4449 = DIRECTION('',(0.,2.22044604925E-16,1.));
#4450 = ORIENTED_EDGE('',*,*,#3002,.F.);
#4451 = PLANE('',#4452);
#4452 = AXIS2_PLACEMENT_3D('',#4453,#4454,#4455);
#4453 = CARTESIAN_POINT('',(-1.91,5.828670879282E-16,2.625));
#4454 = DIRECTION('',(1.,0.,0.));
#4455 = DIRECTION('',(0.,2.22044604925E-16,1.));
#4456 = ADVANCED_FACE('',(#4457),#4475,.T.);
#4457 = FACE_BOUND('',#4458,.T.);
#4458 = EDGE_LOOP('',(#4459,#4460,#4461,#4469));
#4459 = ORIENTED_EDGE('',*,*,#1497,.T.);
#4460 = ORIENTED_EDGE('',*,*,#2995,.T.);
#4461 = ORIENTED_EDGE('',*,*,#4462,.T.);
#4462 = EDGE_CURVE('',#2988,#4463,#4465,.T.);
#4463 = VERTEX_POINT('',#4464);
#4464 = CARTESIAN_POINT('',(-2.09,0.2,2.625));
#4465 = LINE('',#4466,#4467);
#4466 = CARTESIAN_POINT('',(-2.09,0.2,3.));
#4467 = VECTOR('',#4468,1.);
#4468 = DIRECTION('',(0.,-2.22044604925E-16,-1.));
#4469 = ORIENTED_EDGE('',*,*,#4470,.F.);
#4470 = EDGE_CURVE('',#1489,#4463,#4471,.T.);
#4471 = LINE('',#4472,#4473);
#4472 = CARTESIAN_POINT('',(-2.09,5.828670879282E-16,2.625));
#4473 = VECTOR('',#4474,1.);
#4474 = DIRECTION('',(0.,1.,-2.22044604925E-16));
#4475 = PLANE('',#4476);
#4476 = AXIS2_PLACEMENT_3D('',#4477,#4478,#4479);
#4477 = CARTESIAN_POINT('',(-2.09,6.661338147751E-16,3.));
#4478 = DIRECTION('',(-1.,0.,0.));
#4479 = DIRECTION('',(0.,-2.22044604925E-16,-1.));
#4480 = ADVANCED_FACE('',(#4481),#4500,.F.);
#4481 = FACE_BOUND('',#4482,.F.);
#4482 = EDGE_LOOP('',(#4483,#4484,#4492,#4499));
#4483 = ORIENTED_EDGE('',*,*,#1488,.F.);
#4484 = ORIENTED_EDGE('',*,*,#4485,.T.);
#4485 = EDGE_CURVE('',#1481,#4486,#4488,.T.);
#4486 = VERTEX_POINT('',#4487);
#4487 = CARTESIAN_POINT('',(-2.31,0.2,2.625));
#4488 = LINE('',#4489,#4490);
#4489 = CARTESIAN_POINT('',(-2.31,5.828670879282E-16,2.625));
#4490 = VECTOR('',#4491,1.);
#4491 = DIRECTION('',(0.,1.,-2.22044604925E-16));
#4492 = ORIENTED_EDGE('',*,*,#4493,.T.);
#4493 = EDGE_CURVE('',#4486,#4463,#4494,.T.);
#4494 = CIRCLE('',#4495,0.11);
#4495 = AXIS2_PLACEMENT_3D('',#4496,#4497,#4498);
#4496 = CARTESIAN_POINT('',(-2.2,0.2,2.625));
#4497 = DIRECTION('',(0.,-1.,2.22044604925E-16));
#4498 = DIRECTION('',(1.,0.,0.));
#4499 = ORIENTED_EDGE('',*,*,#4470,.F.);
#4500 = CYLINDRICAL_SURFACE('',#4501,0.11);
#4501 = AXIS2_PLACEMENT_3D('',#4502,#4503,#4504);
#4502 = CARTESIAN_POINT('',(-2.2,5.828670879282E-16,2.625));
#4503 = DIRECTION('',(0.,-1.,2.22044604925E-16));
#4504 = DIRECTION('',(1.,0.,0.));
#4505 = ADVANCED_FACE('',(#4506),#4517,.T.);
#4506 = FACE_BOUND('',#4507,.T.);
#4507 = EDGE_LOOP('',(#4508,#4509,#4510,#4516));
#4508 = ORIENTED_EDGE('',*,*,#1480,.T.);
#4509 = ORIENTED_EDGE('',*,*,#4485,.T.);
#4510 = ORIENTED_EDGE('',*,*,#4511,.T.);
#4511 = EDGE_CURVE('',#4486,#2980,#4512,.T.);
#4512 = LINE('',#4513,#4514);
#4513 = CARTESIAN_POINT('',(-2.31,0.2,2.625));
#4514 = VECTOR('',#4515,1.);
#4515 = DIRECTION('',(0.,2.22044604925E-16,1.));
#4516 = ORIENTED_EDGE('',*,*,#2979,.F.);
#4517 = PLANE('',#4518);
#4518 = AXIS2_PLACEMENT_3D('',#4519,#4520,#4521);
#4519 = CARTESIAN_POINT('',(-2.31,5.828670879282E-16,2.625));
#4520 = DIRECTION('',(1.,0.,0.));
#4521 = DIRECTION('',(0.,2.22044604925E-16,1.));
#4522 = ADVANCED_FACE('',(#4523),#4805,.T.);
#4523 = FACE_BOUND('',#4524,.T.);
#4524 = EDGE_LOOP('',(#4525,#4526,#4527,#4528,#4529,#4530,#4538,#4546,
    #4552,#4553,#4561,#4569,#4575,#4576,#4584,#4592,#4598,#4599,#4607,
    #4615,#4621,#4622,#4630,#4638,#4644,#4645,#4653,#4661,#4667,#4668,
    #4676,#4684,#4690,#4691,#4699,#4707,#4713,#4714,#4722,#4730,#4736,
    #4737,#4745,#4753,#4759,#4760,#4768,#4776,#4782,#4783,#4791,#4799));
#4525 = ORIENTED_EDGE('',*,*,#1464,.F.);
#4526 = ORIENTED_EDGE('',*,*,#2972,.T.);
#4527 = ORIENTED_EDGE('',*,*,#3271,.T.);
#4528 = ORIENTED_EDGE('',*,*,#3298,.F.);
#4529 = ORIENTED_EDGE('',*,*,#1068,.F.);
#4530 = ORIENTED_EDGE('',*,*,#4531,.T.);
#4531 = EDGE_CURVE('',#1069,#4532,#4534,.T.);
#4532 = VERTEX_POINT('',#4533);
#4533 = CARTESIAN_POINT('',(-3.,0.2,-2.31));
#4534 = LINE('',#4535,#4536);
#4535 = CARTESIAN_POINT('',(-3.,-5.129230373768E-16,-2.31));
#4536 = VECTOR('',#4537,1.);
#4537 = DIRECTION('',(0.,1.,-2.22044604925E-16));
#4538 = ORIENTED_EDGE('',*,*,#4539,.T.);
#4539 = EDGE_CURVE('',#4532,#4540,#4542,.T.);
#4540 = VERTEX_POINT('',#4541);
#4541 = CARTESIAN_POINT('',(-3.,0.2,-2.09));
#4542 = LINE('',#4543,#4544);
#4543 = CARTESIAN_POINT('',(-3.,0.2,-2.31));
#4544 = VECTOR('',#4545,1.);
#4545 = DIRECTION('',(0.,2.22044604925E-16,1.));
#4546 = ORIENTED_EDGE('',*,*,#4547,.F.);
#4547 = EDGE_CURVE('',#1094,#4540,#4548,.T.);
#4548 = LINE('',#4549,#4550);
#4549 = CARTESIAN_POINT('',(-3.,-4.640732242933E-16,-2.09));
#4550 = VECTOR('',#4551,1.);
#4551 = DIRECTION('',(0.,1.,-2.22044604925E-16));
#4552 = ORIENTED_EDGE('',*,*,#1101,.F.);
#4553 = ORIENTED_EDGE('',*,*,#4554,.T.);
#4554 = EDGE_CURVE('',#1102,#4555,#4557,.T.);
#4555 = VERTEX_POINT('',#4556);
#4556 = CARTESIAN_POINT('',(-3.,0.2,-1.91));
#4557 = LINE('',#4558,#4559);
#4558 = CARTESIAN_POINT('',(-3.,-4.440892098501E-16,-1.91));
#4559 = VECTOR('',#4560,1.);
#4560 = DIRECTION('',(0.,1.,-2.22044604925E-16));
#4561 = ORIENTED_EDGE('',*,*,#4562,.T.);
#4562 = EDGE_CURVE('',#4555,#4563,#4565,.T.);
#4563 = VERTEX_POINT('',#4564);
#4564 = CARTESIAN_POINT('',(-3.,0.2,-1.69));
#4565 = LINE('',#4566,#4567);
#4566 = CARTESIAN_POINT('',(-3.,0.2,-1.91));
#4567 = VECTOR('',#4568,1.);
#4568 = DIRECTION('',(0.,2.22044604925E-16,1.));
#4569 = ORIENTED_EDGE('',*,*,#4570,.F.);
#4570 = EDGE_CURVE('',#1127,#4563,#4571,.T.);
#4571 = LINE('',#4572,#4573);
#4572 = CARTESIAN_POINT('',(-3.,-3.885780586188E-16,-1.69));
#4573 = VECTOR('',#4574,1.);
#4574 = DIRECTION('',(0.,1.,-2.22044604925E-16));
#4575 = ORIENTED_EDGE('',*,*,#1134,.F.);
#4576 = ORIENTED_EDGE('',*,*,#4577,.T.);
#4577 = EDGE_CURVE('',#1135,#4578,#4580,.T.);
#4578 = VERTEX_POINT('',#4579);
#4579 = CARTESIAN_POINT('',(-3.,0.2,-1.51));
#4580 = LINE('',#4581,#4582);
#4581 = CARTESIAN_POINT('',(-3.,-4.440892098501E-16,-1.51));
#4582 = VECTOR('',#4583,1.);
#4583 = DIRECTION('',(0.,1.,-2.22044604925E-16));
#4584 = ORIENTED_EDGE('',*,*,#4585,.T.);
#4585 = EDGE_CURVE('',#4578,#4586,#4588,.T.);
#4586 = VERTEX_POINT('',#4587);
#4587 = CARTESIAN_POINT('',(-3.,0.2,-1.29));
#4588 = LINE('',#4589,#4590);
#4589 = CARTESIAN_POINT('',(-3.,0.2,-1.51));
#4590 = VECTOR('',#4591,1.);
#4591 = DIRECTION('',(0.,2.22044604925E-16,1.));
#4592 = ORIENTED_EDGE('',*,*,#4593,.F.);
#4593 = EDGE_CURVE('',#1160,#4586,#4594,.T.);
#4594 = LINE('',#4595,#4596);
#4595 = CARTESIAN_POINT('',(-3.,-3.330669073875E-16,-1.29));
#4596 = VECTOR('',#4597,1.);
#4597 = DIRECTION('',(0.,1.,-2.22044604925E-16));
#4598 = ORIENTED_EDGE('',*,*,#1167,.F.);
#4599 = ORIENTED_EDGE('',*,*,#4600,.T.);
#4600 = EDGE_CURVE('',#1168,#4601,#4603,.T.);
#4601 = VERTEX_POINT('',#4602);
#4602 = CARTESIAN_POINT('',(-3.,0.2,-1.11));
#4603 = LINE('',#4604,#4605);
#4604 = CARTESIAN_POINT('',(-3.,-2.22044604925E-16,-1.11));
#4605 = VECTOR('',#4606,1.);
#4606 = DIRECTION('',(0.,1.,-2.22044604925E-16));
#4607 = ORIENTED_EDGE('',*,*,#4608,.T.);
#4608 = EDGE_CURVE('',#4601,#4609,#4611,.T.);
#4609 = VERTEX_POINT('',#4610);
#4610 = CARTESIAN_POINT('',(-3.,0.2,-0.89));
#4611 = LINE('',#4612,#4613);
#4612 = CARTESIAN_POINT('',(-3.,0.2,-1.11));
#4613 = VECTOR('',#4614,1.);
#4614 = DIRECTION('',(0.,2.22044604925E-16,1.));
#4615 = ORIENTED_EDGE('',*,*,#4616,.F.);
#4616 = EDGE_CURVE('',#1193,#4609,#4617,.T.);
#4617 = LINE('',#4618,#4619);
#4618 = CARTESIAN_POINT('',(-3.,-2.22044604925E-16,-0.89));
#4619 = VECTOR('',#4620,1.);
#4620 = DIRECTION('',(0.,1.,-2.22044604925E-16));
#4621 = ORIENTED_EDGE('',*,*,#1200,.F.);
#4622 = ORIENTED_EDGE('',*,*,#4623,.T.);
#4623 = EDGE_CURVE('',#1201,#4624,#4626,.T.);
#4624 = VERTEX_POINT('',#4625);
#4625 = CARTESIAN_POINT('',(-3.,0.2,-0.71));
#4626 = LINE('',#4627,#4628);
#4627 = CARTESIAN_POINT('',(-3.,-2.22044604925E-16,-0.71));
#4628 = VECTOR('',#4629,1.);
#4629 = DIRECTION('',(0.,1.,-2.22044604925E-16));
#4630 = ORIENTED_EDGE('',*,*,#4631,.T.);
#4631 = EDGE_CURVE('',#4624,#4632,#4634,.T.);
#4632 = VERTEX_POINT('',#4633);
#4633 = CARTESIAN_POINT('',(-3.,0.2,-0.49));
#4634 = LINE('',#4635,#4636);
#4635 = CARTESIAN_POINT('',(-3.,0.2,-0.71));
#4636 = VECTOR('',#4637,1.);
#4637 = DIRECTION('',(0.,2.22044604925E-16,1.));
#4638 = ORIENTED_EDGE('',*,*,#4639,.F.);
#4639 = EDGE_CURVE('',#1226,#4632,#4640,.T.);
#4640 = LINE('',#4641,#4642);
#4641 = CARTESIAN_POINT('',(-3.,-2.22044604925E-16,-0.49));
#4642 = VECTOR('',#4643,1.);
#4643 = DIRECTION('',(0.,1.,-2.22044604925E-16));
#4644 = ORIENTED_EDGE('',*,*,#1233,.F.);
#4645 = ORIENTED_EDGE('',*,*,#4646,.T.);
#4646 = EDGE_CURVE('',#1234,#4647,#4649,.T.);
#4647 = VERTEX_POINT('',#4648);
#4648 = CARTESIAN_POINT('',(-3.,0.2,-0.31));
#4649 = LINE('',#4650,#4651);
#4650 = CARTESIAN_POINT('',(-3.,-4.440892098501E-16,-0.31));
#4651 = VECTOR('',#4652,1.);
#4652 = DIRECTION('',(0.,1.,-2.22044604925E-16));
#4653 = ORIENTED_EDGE('',*,*,#4654,.T.);
#4654 = EDGE_CURVE('',#4647,#4655,#4657,.T.);
#4655 = VERTEX_POINT('',#4656);
#4656 = CARTESIAN_POINT('',(-3.,0.2,-9.E-02));
#4657 = LINE('',#4658,#4659);
#4658 = CARTESIAN_POINT('',(-3.,0.2,-0.31));
#4659 = VECTOR('',#4660,1.);
#4660 = DIRECTION('',(0.,2.22044604925E-16,1.));
#4661 = ORIENTED_EDGE('',*,*,#4662,.F.);
#4662 = EDGE_CURVE('',#1259,#4655,#4663,.T.);
#4663 = LINE('',#4664,#4665);
#4664 = CARTESIAN_POINT('',(-3.,-4.440892098501E-16,-9.E-02));
#4665 = VECTOR('',#4666,1.);
#4666 = DIRECTION('',(0.,1.,-2.22044604925E-16));
#4667 = ORIENTED_EDGE('',*,*,#1266,.F.);
#4668 = ORIENTED_EDGE('',*,*,#4669,.T.);
#4669 = EDGE_CURVE('',#1267,#4670,#4672,.T.);
#4670 = VERTEX_POINT('',#4671);
#4671 = CARTESIAN_POINT('',(-3.,0.2,9.E-02));
#4672 = LINE('',#4673,#4674);
#4673 = CARTESIAN_POINT('',(-3.,0.,9.E-02));
#4674 = VECTOR('',#4675,1.);
#4675 = DIRECTION('',(0.,1.,-2.22044604925E-16));
#4676 = ORIENTED_EDGE('',*,*,#4677,.T.);
#4677 = EDGE_CURVE('',#4670,#4678,#4680,.T.);
#4678 = VERTEX_POINT('',#4679);
#4679 = CARTESIAN_POINT('',(-3.,0.2,0.31));
#4680 = LINE('',#4681,#4682);
#4681 = CARTESIAN_POINT('',(-3.,0.2,9.E-02));
#4682 = VECTOR('',#4683,1.);
#4683 = DIRECTION('',(0.,2.22044604925E-16,1.));
#4684 = ORIENTED_EDGE('',*,*,#4685,.F.);
#4685 = EDGE_CURVE('',#1292,#4678,#4686,.T.);
#4686 = LINE('',#4687,#4688);
#4687 = CARTESIAN_POINT('',(-3.,0.,0.31));
#4688 = VECTOR('',#4689,1.);
#4689 = DIRECTION('',(0.,1.,-2.22044604925E-16));
#4690 = ORIENTED_EDGE('',*,*,#1299,.F.);
#4691 = ORIENTED_EDGE('',*,*,#4692,.T.);
#4692 = EDGE_CURVE('',#1300,#4693,#4695,.T.);
#4693 = VERTEX_POINT('',#4694);
#4694 = CARTESIAN_POINT('',(-3.,0.2,0.49));
#4695 = LINE('',#4696,#4697);
#4696 = CARTESIAN_POINT('',(-3.,0.,0.49));
#4697 = VECTOR('',#4698,1.);
#4698 = DIRECTION('',(0.,1.,-2.22044604925E-16));
#4699 = ORIENTED_EDGE('',*,*,#4700,.T.);
#4700 = EDGE_CURVE('',#4693,#4701,#4703,.T.);
#4701 = VERTEX_POINT('',#4702);
#4702 = CARTESIAN_POINT('',(-3.,0.2,0.71));
#4703 = LINE('',#4704,#4705);
#4704 = CARTESIAN_POINT('',(-3.,0.2,0.49));
#4705 = VECTOR('',#4706,1.);
#4706 = DIRECTION('',(0.,2.22044604925E-16,1.));
#4707 = ORIENTED_EDGE('',*,*,#4708,.F.);
#4708 = EDGE_CURVE('',#1325,#4701,#4709,.T.);
#4709 = LINE('',#4710,#4711);
#4710 = CARTESIAN_POINT('',(-3.,0.,0.71));
#4711 = VECTOR('',#4712,1.);
#4712 = DIRECTION('',(0.,1.,-2.22044604925E-16));
#4713 = ORIENTED_EDGE('',*,*,#1332,.F.);
#4714 = ORIENTED_EDGE('',*,*,#4715,.T.);
#4715 = EDGE_CURVE('',#1333,#4716,#4718,.T.);
#4716 = VERTEX_POINT('',#4717);
#4717 = CARTESIAN_POINT('',(-3.,0.2,0.89));
#4718 = LINE('',#4719,#4720);
#4719 = CARTESIAN_POINT('',(-3.,0.,0.89));
#4720 = VECTOR('',#4721,1.);
#4721 = DIRECTION('',(0.,1.,-2.22044604925E-16));
#4722 = ORIENTED_EDGE('',*,*,#4723,.T.);
#4723 = EDGE_CURVE('',#4716,#4724,#4726,.T.);
#4724 = VERTEX_POINT('',#4725);
#4725 = CARTESIAN_POINT('',(-3.,0.2,1.11));
#4726 = LINE('',#4727,#4728);
#4727 = CARTESIAN_POINT('',(-3.,0.2,0.89));
#4728 = VECTOR('',#4729,1.);
#4729 = DIRECTION('',(0.,2.22044604925E-16,1.));
#4730 = ORIENTED_EDGE('',*,*,#4731,.F.);
#4731 = EDGE_CURVE('',#1358,#4724,#4732,.T.);
#4732 = LINE('',#4733,#4734);
#4733 = CARTESIAN_POINT('',(-3.,0.,1.11));
#4734 = VECTOR('',#4735,1.);
#4735 = DIRECTION('',(0.,1.,-2.22044604925E-16));
#4736 = ORIENTED_EDGE('',*,*,#1365,.F.);
#4737 = ORIENTED_EDGE('',*,*,#4738,.T.);
#4738 = EDGE_CURVE('',#1366,#4739,#4741,.T.);
#4739 = VERTEX_POINT('',#4740);
#4740 = CARTESIAN_POINT('',(-3.,0.2,1.29));
#4741 = LINE('',#4742,#4743);
#4742 = CARTESIAN_POINT('',(-3.,0.,1.29));
#4743 = VECTOR('',#4744,1.);
#4744 = DIRECTION('',(0.,1.,-2.22044604925E-16));
#4745 = ORIENTED_EDGE('',*,*,#4746,.T.);
#4746 = EDGE_CURVE('',#4739,#4747,#4749,.T.);
#4747 = VERTEX_POINT('',#4748);
#4748 = CARTESIAN_POINT('',(-3.,0.2,1.51));
#4749 = LINE('',#4750,#4751);
#4750 = CARTESIAN_POINT('',(-3.,0.2,1.29));
#4751 = VECTOR('',#4752,1.);
#4752 = DIRECTION('',(0.,2.22044604925E-16,1.));
#4753 = ORIENTED_EDGE('',*,*,#4754,.F.);
#4754 = EDGE_CURVE('',#1391,#4747,#4755,.T.);
#4755 = LINE('',#4756,#4757);
#4756 = CARTESIAN_POINT('',(-3.,0.,1.51));
#4757 = VECTOR('',#4758,1.);
#4758 = DIRECTION('',(0.,1.,-2.22044604925E-16));
#4759 = ORIENTED_EDGE('',*,*,#1398,.F.);
#4760 = ORIENTED_EDGE('',*,*,#4761,.T.);
#4761 = EDGE_CURVE('',#1399,#4762,#4764,.T.);
#4762 = VERTEX_POINT('',#4763);
#4763 = CARTESIAN_POINT('',(-3.,0.2,1.69));
#4764 = LINE('',#4765,#4766);
#4765 = CARTESIAN_POINT('',(-3.,0.,1.69));
#4766 = VECTOR('',#4767,1.);
#4767 = DIRECTION('',(0.,1.,-2.22044604925E-16));
#4768 = ORIENTED_EDGE('',*,*,#4769,.T.);
#4769 = EDGE_CURVE('',#4762,#4770,#4772,.T.);
#4770 = VERTEX_POINT('',#4771);
#4771 = CARTESIAN_POINT('',(-3.,0.2,1.91));
#4772 = LINE('',#4773,#4774);
#4773 = CARTESIAN_POINT('',(-3.,0.2,1.69));
#4774 = VECTOR('',#4775,1.);
#4775 = DIRECTION('',(0.,2.22044604925E-16,1.));
#4776 = ORIENTED_EDGE('',*,*,#4777,.F.);
#4777 = EDGE_CURVE('',#1424,#4770,#4778,.T.);
#4778 = LINE('',#4779,#4780);
#4779 = CARTESIAN_POINT('',(-3.,0.,1.91));
#4780 = VECTOR('',#4781,1.);
#4781 = DIRECTION('',(0.,1.,-2.22044604925E-16));
#4782 = ORIENTED_EDGE('',*,*,#1431,.F.);
#4783 = ORIENTED_EDGE('',*,*,#4784,.T.);
#4784 = EDGE_CURVE('',#1432,#4785,#4787,.T.);
#4785 = VERTEX_POINT('',#4786);
#4786 = CARTESIAN_POINT('',(-3.,0.2,2.09));
#4787 = LINE('',#4788,#4789);
#4788 = CARTESIAN_POINT('',(-3.,0.,2.09));
#4789 = VECTOR('',#4790,1.);
#4790 = DIRECTION('',(0.,1.,-2.22044604925E-16));
#4791 = ORIENTED_EDGE('',*,*,#4792,.T.);
#4792 = EDGE_CURVE('',#4785,#4793,#4795,.T.);
#4793 = VERTEX_POINT('',#4794);
#4794 = CARTESIAN_POINT('',(-3.,0.2,2.31));
#4795 = LINE('',#4796,#4797);
#4796 = CARTESIAN_POINT('',(-3.,0.2,2.09));
#4797 = VECTOR('',#4798,1.);
#4798 = DIRECTION('',(0.,2.22044604925E-16,1.));
#4799 = ORIENTED_EDGE('',*,*,#4800,.F.);
#4800 = EDGE_CURVE('',#1457,#4793,#4801,.T.);
#4801 = LINE('',#4802,#4803);
#4802 = CARTESIAN_POINT('',(-3.,0.,2.31));
#4803 = VECTOR('',#4804,1.);
#4804 = DIRECTION('',(0.,1.,-2.22044604925E-16));
#4805 = PLANE('',#4806);
#4806 = AXIS2_PLACEMENT_3D('',#4807,#4808,#4809);
#4807 = CARTESIAN_POINT('',(-3.,6.661338147751E-16,3.));
#4808 = DIRECTION('',(-1.,0.,0.));
#4809 = DIRECTION('',(0.,-2.22044604925E-16,-1.));
#4810 = ADVANCED_FACE('',(#4811),#4829,.T.);
#4811 = FACE_BOUND('',#4812,.T.);
#4812 = EDGE_LOOP('',(#4813,#4814,#4815,#4823));
#4813 = ORIENTED_EDGE('',*,*,#1456,.T.);
#4814 = ORIENTED_EDGE('',*,*,#4800,.T.);
#4815 = ORIENTED_EDGE('',*,*,#4816,.T.);
#4816 = EDGE_CURVE('',#4793,#4817,#4819,.T.);
#4817 = VERTEX_POINT('',#4818);
#4818 = CARTESIAN_POINT('',(-2.625,0.2,2.31));
#4819 = LINE('',#4820,#4821);
#4820 = CARTESIAN_POINT('',(-3.,0.2,2.31));
#4821 = VECTOR('',#4822,1.);
#4822 = DIRECTION('',(1.,0.,0.));
#4823 = ORIENTED_EDGE('',*,*,#4824,.F.);
#4824 = EDGE_CURVE('',#1448,#4817,#4825,.T.);
#4825 = LINE('',#4826,#4827);
#4826 = CARTESIAN_POINT('',(-2.625,0.,2.31));
#4827 = VECTOR('',#4828,1.);
#4828 = DIRECTION('',(0.,1.,-2.22044604925E-16));
#4829 = PLANE('',#4830);
#4830 = AXIS2_PLACEMENT_3D('',#4831,#4832,#4833);
#4831 = CARTESIAN_POINT('',(-3.,0.,2.31));
#4832 = DIRECTION('',(0.,-2.22044604925E-16,-1.));
#4833 = DIRECTION('',(1.,0.,0.));
#4834 = ADVANCED_FACE('',(#4835),#4854,.F.);
#4835 = FACE_BOUND('',#4836,.F.);
#4836 = EDGE_LOOP('',(#4837,#4838,#4846,#4853));
#4837 = ORIENTED_EDGE('',*,*,#1447,.F.);
#4838 = ORIENTED_EDGE('',*,*,#4839,.T.);
#4839 = EDGE_CURVE('',#1440,#4840,#4842,.T.);
#4840 = VERTEX_POINT('',#4841);
#4841 = CARTESIAN_POINT('',(-2.625,0.2,2.09));
#4842 = LINE('',#4843,#4844);
#4843 = CARTESIAN_POINT('',(-2.625,0.,2.09));
#4844 = VECTOR('',#4845,1.);
#4845 = DIRECTION('',(0.,1.,-2.22044604925E-16));
#4846 = ORIENTED_EDGE('',*,*,#4847,.T.);
#4847 = EDGE_CURVE('',#4840,#4817,#4848,.T.);
#4848 = CIRCLE('',#4849,0.11);
#4849 = AXIS2_PLACEMENT_3D('',#4850,#4851,#4852);
#4850 = CARTESIAN_POINT('',(-2.625,0.2,2.2));
#4851 = DIRECTION('',(0.,-1.,2.22044604925E-16));
#4852 = DIRECTION('',(1.,0.,0.));
#4853 = ORIENTED_EDGE('',*,*,#4824,.F.);
#4854 = CYLINDRICAL_SURFACE('',#4855,0.11);
#4855 = AXIS2_PLACEMENT_3D('',#4856,#4857,#4858);
#4856 = CARTESIAN_POINT('',(-2.625,0.,2.2));
#4857 = DIRECTION('',(0.,-1.,2.22044604925E-16));
#4858 = DIRECTION('',(1.,0.,0.));
#4859 = ADVANCED_FACE('',(#4860),#4871,.T.);
#4860 = FACE_BOUND('',#4861,.T.);
#4861 = EDGE_LOOP('',(#4862,#4863,#4864,#4870));
#4862 = ORIENTED_EDGE('',*,*,#1439,.T.);
#4863 = ORIENTED_EDGE('',*,*,#4839,.T.);
#4864 = ORIENTED_EDGE('',*,*,#4865,.T.);
#4865 = EDGE_CURVE('',#4840,#4785,#4866,.T.);
#4866 = LINE('',#4867,#4868);
#4867 = CARTESIAN_POINT('',(-2.625,0.2,2.09));
#4868 = VECTOR('',#4869,1.);
#4869 = DIRECTION('',(-1.,0.,0.));
#4870 = ORIENTED_EDGE('',*,*,#4784,.F.);
#4871 = PLANE('',#4872);
#4872 = AXIS2_PLACEMENT_3D('',#4873,#4874,#4875);
#4873 = CARTESIAN_POINT('',(-2.625,0.,2.09));
#4874 = DIRECTION('',(0.,2.22044604925E-16,1.));
#4875 = DIRECTION('',(-1.,0.,0.));
#4876 = ADVANCED_FACE('',(#4877),#4895,.T.);
#4877 = FACE_BOUND('',#4878,.T.);
#4878 = EDGE_LOOP('',(#4879,#4880,#4881,#4889));
#4879 = ORIENTED_EDGE('',*,*,#1423,.T.);
#4880 = ORIENTED_EDGE('',*,*,#4777,.T.);
#4881 = ORIENTED_EDGE('',*,*,#4882,.T.);
#4882 = EDGE_CURVE('',#4770,#4883,#4885,.T.);
#4883 = VERTEX_POINT('',#4884);
#4884 = CARTESIAN_POINT('',(-2.625,0.2,1.91));
#4885 = LINE('',#4886,#4887);
#4886 = CARTESIAN_POINT('',(-3.,0.2,1.91));
#4887 = VECTOR('',#4888,1.);
#4888 = DIRECTION('',(1.,0.,0.));
#4889 = ORIENTED_EDGE('',*,*,#4890,.F.);
#4890 = EDGE_CURVE('',#1415,#4883,#4891,.T.);
#4891 = LINE('',#4892,#4893);
#4892 = CARTESIAN_POINT('',(-2.625,0.,1.91));
#4893 = VECTOR('',#4894,1.);
#4894 = DIRECTION('',(0.,1.,-2.22044604925E-16));
#4895 = PLANE('',#4896);
#4896 = AXIS2_PLACEMENT_3D('',#4897,#4898,#4899);
#4897 = CARTESIAN_POINT('',(-3.,0.,1.91));
#4898 = DIRECTION('',(0.,-2.22044604925E-16,-1.));
#4899 = DIRECTION('',(1.,0.,0.));
#4900 = ADVANCED_FACE('',(#4901),#4920,.F.);
#4901 = FACE_BOUND('',#4902,.F.);
#4902 = EDGE_LOOP('',(#4903,#4904,#4912,#4919));
#4903 = ORIENTED_EDGE('',*,*,#1414,.F.);
#4904 = ORIENTED_EDGE('',*,*,#4905,.T.);
#4905 = EDGE_CURVE('',#1407,#4906,#4908,.T.);
#4906 = VERTEX_POINT('',#4907);
#4907 = CARTESIAN_POINT('',(-2.625,0.2,1.69));
#4908 = LINE('',#4909,#4910);
#4909 = CARTESIAN_POINT('',(-2.625,0.,1.69));
#4910 = VECTOR('',#4911,1.);
#4911 = DIRECTION('',(0.,1.,-2.22044604925E-16));
#4912 = ORIENTED_EDGE('',*,*,#4913,.T.);
#4913 = EDGE_CURVE('',#4906,#4883,#4914,.T.);
#4914 = CIRCLE('',#4915,0.11);
#4915 = AXIS2_PLACEMENT_3D('',#4916,#4917,#4918);
#4916 = CARTESIAN_POINT('',(-2.625,0.2,1.8));
#4917 = DIRECTION('',(0.,-1.,2.22044604925E-16));
#4918 = DIRECTION('',(1.,0.,0.));
#4919 = ORIENTED_EDGE('',*,*,#4890,.F.);
#4920 = CYLINDRICAL_SURFACE('',#4921,0.11);
#4921 = AXIS2_PLACEMENT_3D('',#4922,#4923,#4924);
#4922 = CARTESIAN_POINT('',(-2.625,0.,1.8));
#4923 = DIRECTION('',(0.,-1.,2.22044604925E-16));
#4924 = DIRECTION('',(1.,0.,0.));
#4925 = ADVANCED_FACE('',(#4926),#4937,.T.);
#4926 = FACE_BOUND('',#4927,.T.);
#4927 = EDGE_LOOP('',(#4928,#4929,#4930,#4936));
#4928 = ORIENTED_EDGE('',*,*,#1406,.T.);
#4929 = ORIENTED_EDGE('',*,*,#4905,.T.);
#4930 = ORIENTED_EDGE('',*,*,#4931,.T.);
#4931 = EDGE_CURVE('',#4906,#4762,#4932,.T.);
#4932 = LINE('',#4933,#4934);
#4933 = CARTESIAN_POINT('',(-2.625,0.2,1.69));
#4934 = VECTOR('',#4935,1.);
#4935 = DIRECTION('',(-1.,0.,0.));
#4936 = ORIENTED_EDGE('',*,*,#4761,.F.);
#4937 = PLANE('',#4938);
#4938 = AXIS2_PLACEMENT_3D('',#4939,#4940,#4941);
#4939 = CARTESIAN_POINT('',(-2.625,0.,1.69));
#4940 = DIRECTION('',(0.,2.22044604925E-16,1.));
#4941 = DIRECTION('',(-1.,0.,0.));
#4942 = ADVANCED_FACE('',(#4943),#4961,.T.);
#4943 = FACE_BOUND('',#4944,.T.);
#4944 = EDGE_LOOP('',(#4945,#4946,#4947,#4955));
#4945 = ORIENTED_EDGE('',*,*,#1390,.T.);
#4946 = ORIENTED_EDGE('',*,*,#4754,.T.);
#4947 = ORIENTED_EDGE('',*,*,#4948,.T.);
#4948 = EDGE_CURVE('',#4747,#4949,#4951,.T.);
#4949 = VERTEX_POINT('',#4950);
#4950 = CARTESIAN_POINT('',(-2.625,0.2,1.51));
#4951 = LINE('',#4952,#4953);
#4952 = CARTESIAN_POINT('',(-3.,0.2,1.51));
#4953 = VECTOR('',#4954,1.);
#4954 = DIRECTION('',(1.,0.,0.));
#4955 = ORIENTED_EDGE('',*,*,#4956,.F.);
#4956 = EDGE_CURVE('',#1382,#4949,#4957,.T.);
#4957 = LINE('',#4958,#4959);
#4958 = CARTESIAN_POINT('',(-2.625,0.,1.51));
#4959 = VECTOR('',#4960,1.);
#4960 = DIRECTION('',(0.,1.,-2.22044604925E-16));
#4961 = PLANE('',#4962);
#4962 = AXIS2_PLACEMENT_3D('',#4963,#4964,#4965);
#4963 = CARTESIAN_POINT('',(-3.,0.,1.51));
#4964 = DIRECTION('',(0.,-2.22044604925E-16,-1.));
#4965 = DIRECTION('',(1.,0.,0.));
#4966 = ADVANCED_FACE('',(#4967),#4986,.F.);
#4967 = FACE_BOUND('',#4968,.F.);
#4968 = EDGE_LOOP('',(#4969,#4970,#4978,#4985));
#4969 = ORIENTED_EDGE('',*,*,#1381,.F.);
#4970 = ORIENTED_EDGE('',*,*,#4971,.T.);
#4971 = EDGE_CURVE('',#1374,#4972,#4974,.T.);
#4972 = VERTEX_POINT('',#4973);
#4973 = CARTESIAN_POINT('',(-2.625,0.2,1.29));
#4974 = LINE('',#4975,#4976);
#4975 = CARTESIAN_POINT('',(-2.625,0.,1.29));
#4976 = VECTOR('',#4977,1.);
#4977 = DIRECTION('',(0.,1.,-2.22044604925E-16));
#4978 = ORIENTED_EDGE('',*,*,#4979,.T.);
#4979 = EDGE_CURVE('',#4972,#4949,#4980,.T.);
#4980 = CIRCLE('',#4981,0.11);
#4981 = AXIS2_PLACEMENT_3D('',#4982,#4983,#4984);
#4982 = CARTESIAN_POINT('',(-2.625,0.2,1.4));
#4983 = DIRECTION('',(0.,-1.,2.22044604925E-16));
#4984 = DIRECTION('',(1.,0.,0.));
#4985 = ORIENTED_EDGE('',*,*,#4956,.F.);
#4986 = CYLINDRICAL_SURFACE('',#4987,0.11);
#4987 = AXIS2_PLACEMENT_3D('',#4988,#4989,#4990);
#4988 = CARTESIAN_POINT('',(-2.625,0.,1.4));
#4989 = DIRECTION('',(0.,-1.,2.22044604925E-16));
#4990 = DIRECTION('',(1.,0.,0.));
#4991 = ADVANCED_FACE('',(#4992),#5003,.T.);
#4992 = FACE_BOUND('',#4993,.T.);
#4993 = EDGE_LOOP('',(#4994,#4995,#4996,#5002));
#4994 = ORIENTED_EDGE('',*,*,#1373,.T.);
#4995 = ORIENTED_EDGE('',*,*,#4971,.T.);
#4996 = ORIENTED_EDGE('',*,*,#4997,.T.);
#4997 = EDGE_CURVE('',#4972,#4739,#4998,.T.);
#4998 = LINE('',#4999,#5000);
#4999 = CARTESIAN_POINT('',(-2.625,0.2,1.29));
#5000 = VECTOR('',#5001,1.);
#5001 = DIRECTION('',(-1.,0.,0.));
#5002 = ORIENTED_EDGE('',*,*,#4738,.F.);
#5003 = PLANE('',#5004);
#5004 = AXIS2_PLACEMENT_3D('',#5005,#5006,#5007);
#5005 = CARTESIAN_POINT('',(-2.625,0.,1.29));
#5006 = DIRECTION('',(0.,2.22044604925E-16,1.));
#5007 = DIRECTION('',(-1.,0.,0.));
#5008 = ADVANCED_FACE('',(#5009),#5027,.T.);
#5009 = FACE_BOUND('',#5010,.T.);
#5010 = EDGE_LOOP('',(#5011,#5012,#5013,#5021));
#5011 = ORIENTED_EDGE('',*,*,#1357,.T.);
#5012 = ORIENTED_EDGE('',*,*,#4731,.T.);
#5013 = ORIENTED_EDGE('',*,*,#5014,.T.);
#5014 = EDGE_CURVE('',#4724,#5015,#5017,.T.);
#5015 = VERTEX_POINT('',#5016);
#5016 = CARTESIAN_POINT('',(-2.625,0.2,1.11));
#5017 = LINE('',#5018,#5019);
#5018 = CARTESIAN_POINT('',(-3.,0.2,1.11));
#5019 = VECTOR('',#5020,1.);
#5020 = DIRECTION('',(1.,0.,0.));
#5021 = ORIENTED_EDGE('',*,*,#5022,.F.);
#5022 = EDGE_CURVE('',#1349,#5015,#5023,.T.);
#5023 = LINE('',#5024,#5025);
#5024 = CARTESIAN_POINT('',(-2.625,0.,1.11));
#5025 = VECTOR('',#5026,1.);
#5026 = DIRECTION('',(0.,1.,-2.22044604925E-16));
#5027 = PLANE('',#5028);
#5028 = AXIS2_PLACEMENT_3D('',#5029,#5030,#5031);
#5029 = CARTESIAN_POINT('',(-3.,0.,1.11));
#5030 = DIRECTION('',(0.,-2.22044604925E-16,-1.));
#5031 = DIRECTION('',(1.,0.,0.));
#5032 = ADVANCED_FACE('',(#5033),#5052,.F.);
#5033 = FACE_BOUND('',#5034,.F.);
#5034 = EDGE_LOOP('',(#5035,#5036,#5044,#5051));
#5035 = ORIENTED_EDGE('',*,*,#1348,.F.);
#5036 = ORIENTED_EDGE('',*,*,#5037,.T.);
#5037 = EDGE_CURVE('',#1341,#5038,#5040,.T.);
#5038 = VERTEX_POINT('',#5039);
#5039 = CARTESIAN_POINT('',(-2.625,0.2,0.89));
#5040 = LINE('',#5041,#5042);
#5041 = CARTESIAN_POINT('',(-2.625,0.,0.89));
#5042 = VECTOR('',#5043,1.);
#5043 = DIRECTION('',(0.,1.,-2.22044604925E-16));
#5044 = ORIENTED_EDGE('',*,*,#5045,.T.);
#5045 = EDGE_CURVE('',#5038,#5015,#5046,.T.);
#5046 = CIRCLE('',#5047,0.11);
#5047 = AXIS2_PLACEMENT_3D('',#5048,#5049,#5050);
#5048 = CARTESIAN_POINT('',(-2.625,0.2,1.));
#5049 = DIRECTION('',(0.,-1.,2.22044604925E-16));
#5050 = DIRECTION('',(1.,0.,0.));
#5051 = ORIENTED_EDGE('',*,*,#5022,.F.);
#5052 = CYLINDRICAL_SURFACE('',#5053,0.11);
#5053 = AXIS2_PLACEMENT_3D('',#5054,#5055,#5056);
#5054 = CARTESIAN_POINT('',(-2.625,0.,1.));
#5055 = DIRECTION('',(0.,-1.,2.22044604925E-16));
#5056 = DIRECTION('',(1.,0.,0.));
#5057 = ADVANCED_FACE('',(#5058),#5069,.T.);
#5058 = FACE_BOUND('',#5059,.T.);
#5059 = EDGE_LOOP('',(#5060,#5061,#5062,#5068));
#5060 = ORIENTED_EDGE('',*,*,#1340,.T.);
#5061 = ORIENTED_EDGE('',*,*,#5037,.T.);
#5062 = ORIENTED_EDGE('',*,*,#5063,.T.);
#5063 = EDGE_CURVE('',#5038,#4716,#5064,.T.);
#5064 = LINE('',#5065,#5066);
#5065 = CARTESIAN_POINT('',(-2.625,0.2,0.89));
#5066 = VECTOR('',#5067,1.);
#5067 = DIRECTION('',(-1.,0.,0.));
#5068 = ORIENTED_EDGE('',*,*,#4715,.F.);
#5069 = PLANE('',#5070);
#5070 = AXIS2_PLACEMENT_3D('',#5071,#5072,#5073);
#5071 = CARTESIAN_POINT('',(-2.625,0.,0.89));
#5072 = DIRECTION('',(0.,2.22044604925E-16,1.));
#5073 = DIRECTION('',(-1.,0.,0.));
#5074 = ADVANCED_FACE('',(#5075),#5093,.T.);
#5075 = FACE_BOUND('',#5076,.T.);
#5076 = EDGE_LOOP('',(#5077,#5078,#5079,#5087));
#5077 = ORIENTED_EDGE('',*,*,#1324,.T.);
#5078 = ORIENTED_EDGE('',*,*,#4708,.T.);
#5079 = ORIENTED_EDGE('',*,*,#5080,.T.);
#5080 = EDGE_CURVE('',#4701,#5081,#5083,.T.);
#5081 = VERTEX_POINT('',#5082);
#5082 = CARTESIAN_POINT('',(-2.625,0.2,0.71));
#5083 = LINE('',#5084,#5085);
#5084 = CARTESIAN_POINT('',(-3.,0.2,0.71));
#5085 = VECTOR('',#5086,1.);
#5086 = DIRECTION('',(1.,0.,0.));
#5087 = ORIENTED_EDGE('',*,*,#5088,.F.);
#5088 = EDGE_CURVE('',#1316,#5081,#5089,.T.);
#5089 = LINE('',#5090,#5091);
#5090 = CARTESIAN_POINT('',(-2.625,0.,0.71));
#5091 = VECTOR('',#5092,1.);
#5092 = DIRECTION('',(0.,1.,-2.22044604925E-16));
#5093 = PLANE('',#5094);
#5094 = AXIS2_PLACEMENT_3D('',#5095,#5096,#5097);
#5095 = CARTESIAN_POINT('',(-3.,0.,0.71));
#5096 = DIRECTION('',(0.,-2.22044604925E-16,-1.));
#5097 = DIRECTION('',(1.,0.,0.));
#5098 = ADVANCED_FACE('',(#5099),#5118,.F.);
#5099 = FACE_BOUND('',#5100,.F.);
#5100 = EDGE_LOOP('',(#5101,#5102,#5110,#5117));
#5101 = ORIENTED_EDGE('',*,*,#1315,.F.);
#5102 = ORIENTED_EDGE('',*,*,#5103,.T.);
#5103 = EDGE_CURVE('',#1308,#5104,#5106,.T.);
#5104 = VERTEX_POINT('',#5105);
#5105 = CARTESIAN_POINT('',(-2.625,0.2,0.49));
#5106 = LINE('',#5107,#5108);
#5107 = CARTESIAN_POINT('',(-2.625,0.,0.49));
#5108 = VECTOR('',#5109,1.);
#5109 = DIRECTION('',(0.,1.,-2.22044604925E-16));
#5110 = ORIENTED_EDGE('',*,*,#5111,.T.);
#5111 = EDGE_CURVE('',#5104,#5081,#5112,.T.);
#5112 = CIRCLE('',#5113,0.11);
#5113 = AXIS2_PLACEMENT_3D('',#5114,#5115,#5116);
#5114 = CARTESIAN_POINT('',(-2.625,0.2,0.6));
#5115 = DIRECTION('',(0.,-1.,2.22044604925E-16));
#5116 = DIRECTION('',(1.,0.,0.));
#5117 = ORIENTED_EDGE('',*,*,#5088,.F.);
#5118 = CYLINDRICAL_SURFACE('',#5119,0.11);
#5119 = AXIS2_PLACEMENT_3D('',#5120,#5121,#5122);
#5120 = CARTESIAN_POINT('',(-2.625,0.,0.6));
#5121 = DIRECTION('',(0.,-1.,2.22044604925E-16));
#5122 = DIRECTION('',(1.,0.,0.));
#5123 = ADVANCED_FACE('',(#5124),#5135,.T.);
#5124 = FACE_BOUND('',#5125,.T.);
#5125 = EDGE_LOOP('',(#5126,#5127,#5128,#5134));
#5126 = ORIENTED_EDGE('',*,*,#1307,.T.);
#5127 = ORIENTED_EDGE('',*,*,#5103,.T.);
#5128 = ORIENTED_EDGE('',*,*,#5129,.T.);
#5129 = EDGE_CURVE('',#5104,#4693,#5130,.T.);
#5130 = LINE('',#5131,#5132);
#5131 = CARTESIAN_POINT('',(-2.625,0.2,0.49));
#5132 = VECTOR('',#5133,1.);
#5133 = DIRECTION('',(-1.,0.,0.));
#5134 = ORIENTED_EDGE('',*,*,#4692,.F.);
#5135 = PLANE('',#5136);
#5136 = AXIS2_PLACEMENT_3D('',#5137,#5138,#5139);
#5137 = CARTESIAN_POINT('',(-2.625,0.,0.49));
#5138 = DIRECTION('',(0.,2.22044604925E-16,1.));
#5139 = DIRECTION('',(-1.,0.,0.));
#5140 = ADVANCED_FACE('',(#5141),#5159,.T.);
#5141 = FACE_BOUND('',#5142,.T.);
#5142 = EDGE_LOOP('',(#5143,#5144,#5145,#5153));
#5143 = ORIENTED_EDGE('',*,*,#1291,.T.);
#5144 = ORIENTED_EDGE('',*,*,#4685,.T.);
#5145 = ORIENTED_EDGE('',*,*,#5146,.T.);
#5146 = EDGE_CURVE('',#4678,#5147,#5149,.T.);
#5147 = VERTEX_POINT('',#5148);
#5148 = CARTESIAN_POINT('',(-2.625,0.2,0.31));
#5149 = LINE('',#5150,#5151);
#5150 = CARTESIAN_POINT('',(-3.,0.2,0.31));
#5151 = VECTOR('',#5152,1.);
#5152 = DIRECTION('',(1.,0.,0.));
#5153 = ORIENTED_EDGE('',*,*,#5154,.F.);
#5154 = EDGE_CURVE('',#1283,#5147,#5155,.T.);
#5155 = LINE('',#5156,#5157);
#5156 = CARTESIAN_POINT('',(-2.625,0.,0.31));
#5157 = VECTOR('',#5158,1.);
#5158 = DIRECTION('',(0.,1.,-2.22044604925E-16));
#5159 = PLANE('',#5160);
#5160 = AXIS2_PLACEMENT_3D('',#5161,#5162,#5163);
#5161 = CARTESIAN_POINT('',(-3.,0.,0.31));
#5162 = DIRECTION('',(0.,-2.22044604925E-16,-1.));
#5163 = DIRECTION('',(1.,0.,0.));
#5164 = ADVANCED_FACE('',(#5165),#5184,.F.);
#5165 = FACE_BOUND('',#5166,.F.);
#5166 = EDGE_LOOP('',(#5167,#5168,#5176,#5183));
#5167 = ORIENTED_EDGE('',*,*,#1282,.F.);
#5168 = ORIENTED_EDGE('',*,*,#5169,.T.);
#5169 = EDGE_CURVE('',#1275,#5170,#5172,.T.);
#5170 = VERTEX_POINT('',#5171);
#5171 = CARTESIAN_POINT('',(-2.625,0.2,9.E-02));
#5172 = LINE('',#5173,#5174);
#5173 = CARTESIAN_POINT('',(-2.625,0.,9.E-02));
#5174 = VECTOR('',#5175,1.);
#5175 = DIRECTION('',(0.,1.,-2.22044604925E-16));
#5176 = ORIENTED_EDGE('',*,*,#5177,.T.);
#5177 = EDGE_CURVE('',#5170,#5147,#5178,.T.);
#5178 = CIRCLE('',#5179,0.11);
#5179 = AXIS2_PLACEMENT_3D('',#5180,#5181,#5182);
#5180 = CARTESIAN_POINT('',(-2.625,0.2,0.2));
#5181 = DIRECTION('',(0.,-1.,2.22044604925E-16));
#5182 = DIRECTION('',(1.,0.,0.));
#5183 = ORIENTED_EDGE('',*,*,#5154,.F.);
#5184 = CYLINDRICAL_SURFACE('',#5185,0.11);
#5185 = AXIS2_PLACEMENT_3D('',#5186,#5187,#5188);
#5186 = CARTESIAN_POINT('',(-2.625,0.,0.2));
#5187 = DIRECTION('',(0.,-1.,2.22044604925E-16));
#5188 = DIRECTION('',(1.,0.,0.));
#5189 = ADVANCED_FACE('',(#5190),#5201,.T.);
#5190 = FACE_BOUND('',#5191,.T.);
#5191 = EDGE_LOOP('',(#5192,#5193,#5194,#5200));
#5192 = ORIENTED_EDGE('',*,*,#1274,.T.);
#5193 = ORIENTED_EDGE('',*,*,#5169,.T.);
#5194 = ORIENTED_EDGE('',*,*,#5195,.T.);
#5195 = EDGE_CURVE('',#5170,#4670,#5196,.T.);
#5196 = LINE('',#5197,#5198);
#5197 = CARTESIAN_POINT('',(-2.625,0.2,9.E-02));
#5198 = VECTOR('',#5199,1.);
#5199 = DIRECTION('',(-1.,0.,0.));
#5200 = ORIENTED_EDGE('',*,*,#4669,.F.);
#5201 = PLANE('',#5202);
#5202 = AXIS2_PLACEMENT_3D('',#5203,#5204,#5205);
#5203 = CARTESIAN_POINT('',(-2.625,0.,9.E-02));
#5204 = DIRECTION('',(0.,2.22044604925E-16,1.));
#5205 = DIRECTION('',(-1.,0.,0.));
#5206 = ADVANCED_FACE('',(#5207),#5225,.T.);
#5207 = FACE_BOUND('',#5208,.T.);
#5208 = EDGE_LOOP('',(#5209,#5210,#5211,#5219));
#5209 = ORIENTED_EDGE('',*,*,#1258,.T.);
#5210 = ORIENTED_EDGE('',*,*,#4662,.T.);
#5211 = ORIENTED_EDGE('',*,*,#5212,.T.);
#5212 = EDGE_CURVE('',#4655,#5213,#5215,.T.);
#5213 = VERTEX_POINT('',#5214);
#5214 = CARTESIAN_POINT('',(-2.625,0.2,-9.E-02));
#5215 = LINE('',#5216,#5217);
#5216 = CARTESIAN_POINT('',(-3.,0.2,-9.E-02));
#5217 = VECTOR('',#5218,1.);
#5218 = DIRECTION('',(1.,0.,0.));
#5219 = ORIENTED_EDGE('',*,*,#5220,.F.);
#5220 = EDGE_CURVE('',#1250,#5213,#5221,.T.);
#5221 = LINE('',#5222,#5223);
#5222 = CARTESIAN_POINT('',(-2.625,-4.440892098501E-16,-9.E-02));
#5223 = VECTOR('',#5224,1.);
#5224 = DIRECTION('',(0.,1.,-2.22044604925E-16));
#5225 = PLANE('',#5226);
#5226 = AXIS2_PLACEMENT_3D('',#5227,#5228,#5229);
#5227 = CARTESIAN_POINT('',(-3.,-4.440892098501E-16,-9.E-02));
#5228 = DIRECTION('',(0.,-2.22044604925E-16,-1.));
#5229 = DIRECTION('',(1.,0.,0.));
#5230 = ADVANCED_FACE('',(#5231),#5250,.F.);
#5231 = FACE_BOUND('',#5232,.F.);
#5232 = EDGE_LOOP('',(#5233,#5234,#5242,#5249));
#5233 = ORIENTED_EDGE('',*,*,#1249,.F.);
#5234 = ORIENTED_EDGE('',*,*,#5235,.T.);
#5235 = EDGE_CURVE('',#1242,#5236,#5238,.T.);
#5236 = VERTEX_POINT('',#5237);
#5237 = CARTESIAN_POINT('',(-2.625,0.2,-0.31));
#5238 = LINE('',#5239,#5240);
#5239 = CARTESIAN_POINT('',(-2.625,-4.440892098501E-16,-0.31));
#5240 = VECTOR('',#5241,1.);
#5241 = DIRECTION('',(0.,1.,-2.22044604925E-16));
#5242 = ORIENTED_EDGE('',*,*,#5243,.T.);
#5243 = EDGE_CURVE('',#5236,#5213,#5244,.T.);
#5244 = CIRCLE('',#5245,0.11);
#5245 = AXIS2_PLACEMENT_3D('',#5246,#5247,#5248);
#5246 = CARTESIAN_POINT('',(-2.625,0.2,-0.2));
#5247 = DIRECTION('',(0.,-1.,2.22044604925E-16));
#5248 = DIRECTION('',(1.,0.,0.));
#5249 = ORIENTED_EDGE('',*,*,#5220,.F.);
#5250 = CYLINDRICAL_SURFACE('',#5251,0.11);
#5251 = AXIS2_PLACEMENT_3D('',#5252,#5253,#5254);
#5252 = CARTESIAN_POINT('',(-2.625,-4.440892098501E-16,-0.2));
#5253 = DIRECTION('',(0.,-1.,2.22044604925E-16));
#5254 = DIRECTION('',(1.,0.,0.));
#5255 = ADVANCED_FACE('',(#5256),#5267,.T.);
#5256 = FACE_BOUND('',#5257,.T.);
#5257 = EDGE_LOOP('',(#5258,#5259,#5260,#5266));
#5258 = ORIENTED_EDGE('',*,*,#1241,.T.);
#5259 = ORIENTED_EDGE('',*,*,#5235,.T.);
#5260 = ORIENTED_EDGE('',*,*,#5261,.T.);
#5261 = EDGE_CURVE('',#5236,#4647,#5262,.T.);
#5262 = LINE('',#5263,#5264);
#5263 = CARTESIAN_POINT('',(-2.625,0.2,-0.31));
#5264 = VECTOR('',#5265,1.);
#5265 = DIRECTION('',(-1.,0.,0.));
#5266 = ORIENTED_EDGE('',*,*,#4646,.F.);
#5267 = PLANE('',#5268);
#5268 = AXIS2_PLACEMENT_3D('',#5269,#5270,#5271);
#5269 = CARTESIAN_POINT('',(-2.625,-4.440892098501E-16,-0.31));
#5270 = DIRECTION('',(0.,2.22044604925E-16,1.));
#5271 = DIRECTION('',(-1.,0.,0.));
#5272 = ADVANCED_FACE('',(#5273),#5291,.T.);
#5273 = FACE_BOUND('',#5274,.T.);
#5274 = EDGE_LOOP('',(#5275,#5276,#5277,#5285));
#5275 = ORIENTED_EDGE('',*,*,#1225,.T.);
#5276 = ORIENTED_EDGE('',*,*,#4639,.T.);
#5277 = ORIENTED_EDGE('',*,*,#5278,.T.);
#5278 = EDGE_CURVE('',#4632,#5279,#5281,.T.);
#5279 = VERTEX_POINT('',#5280);
#5280 = CARTESIAN_POINT('',(-2.625,0.2,-0.49));
#5281 = LINE('',#5282,#5283);
#5282 = CARTESIAN_POINT('',(-3.,0.2,-0.49));
#5283 = VECTOR('',#5284,1.);
#5284 = DIRECTION('',(1.,0.,0.));
#5285 = ORIENTED_EDGE('',*,*,#5286,.F.);
#5286 = EDGE_CURVE('',#1217,#5279,#5287,.T.);
#5287 = LINE('',#5288,#5289);
#5288 = CARTESIAN_POINT('',(-2.625,-2.22044604925E-16,-0.49));
#5289 = VECTOR('',#5290,1.);
#5290 = DIRECTION('',(0.,1.,-2.22044604925E-16));
#5291 = PLANE('',#5292);
#5292 = AXIS2_PLACEMENT_3D('',#5293,#5294,#5295);
#5293 = CARTESIAN_POINT('',(-3.,-2.22044604925E-16,-0.49));
#5294 = DIRECTION('',(0.,-2.22044604925E-16,-1.));
#5295 = DIRECTION('',(1.,0.,0.));
#5296 = ADVANCED_FACE('',(#5297),#5316,.F.);
#5297 = FACE_BOUND('',#5298,.F.);
#5298 = EDGE_LOOP('',(#5299,#5300,#5308,#5315));
#5299 = ORIENTED_EDGE('',*,*,#1216,.F.);
#5300 = ORIENTED_EDGE('',*,*,#5301,.T.);
#5301 = EDGE_CURVE('',#1209,#5302,#5304,.T.);
#5302 = VERTEX_POINT('',#5303);
#5303 = CARTESIAN_POINT('',(-2.625,0.2,-0.71));
#5304 = LINE('',#5305,#5306);
#5305 = CARTESIAN_POINT('',(-2.625,-2.22044604925E-16,-0.71));
#5306 = VECTOR('',#5307,1.);
#5307 = DIRECTION('',(0.,1.,-2.22044604925E-16));
#5308 = ORIENTED_EDGE('',*,*,#5309,.T.);
#5309 = EDGE_CURVE('',#5302,#5279,#5310,.T.);
#5310 = CIRCLE('',#5311,0.11);
#5311 = AXIS2_PLACEMENT_3D('',#5312,#5313,#5314);
#5312 = CARTESIAN_POINT('',(-2.625,0.2,-0.6));
#5313 = DIRECTION('',(0.,-1.,2.22044604925E-16));
#5314 = DIRECTION('',(1.,0.,0.));
#5315 = ORIENTED_EDGE('',*,*,#5286,.F.);
#5316 = CYLINDRICAL_SURFACE('',#5317,0.11);
#5317 = AXIS2_PLACEMENT_3D('',#5318,#5319,#5320);
#5318 = CARTESIAN_POINT('',(-2.625,-2.22044604925E-16,-0.6));
#5319 = DIRECTION('',(0.,-1.,2.22044604925E-16));
#5320 = DIRECTION('',(1.,0.,0.));
#5321 = ADVANCED_FACE('',(#5322),#5333,.T.);
#5322 = FACE_BOUND('',#5323,.T.);
#5323 = EDGE_LOOP('',(#5324,#5325,#5326,#5332));
#5324 = ORIENTED_EDGE('',*,*,#1208,.T.);
#5325 = ORIENTED_EDGE('',*,*,#5301,.T.);
#5326 = ORIENTED_EDGE('',*,*,#5327,.T.);
#5327 = EDGE_CURVE('',#5302,#4624,#5328,.T.);
#5328 = LINE('',#5329,#5330);
#5329 = CARTESIAN_POINT('',(-2.625,0.2,-0.71));
#5330 = VECTOR('',#5331,1.);
#5331 = DIRECTION('',(-1.,0.,0.));
#5332 = ORIENTED_EDGE('',*,*,#4623,.F.);
#5333 = PLANE('',#5334);
#5334 = AXIS2_PLACEMENT_3D('',#5335,#5336,#5337);
#5335 = CARTESIAN_POINT('',(-2.625,-2.22044604925E-16,-0.71));
#5336 = DIRECTION('',(0.,2.22044604925E-16,1.));
#5337 = DIRECTION('',(-1.,0.,0.));
#5338 = ADVANCED_FACE('',(#5339),#5357,.T.);
#5339 = FACE_BOUND('',#5340,.T.);
#5340 = EDGE_LOOP('',(#5341,#5342,#5343,#5351));
#5341 = ORIENTED_EDGE('',*,*,#1192,.T.);
#5342 = ORIENTED_EDGE('',*,*,#4616,.T.);
#5343 = ORIENTED_EDGE('',*,*,#5344,.T.);
#5344 = EDGE_CURVE('',#4609,#5345,#5347,.T.);
#5345 = VERTEX_POINT('',#5346);
#5346 = CARTESIAN_POINT('',(-2.625,0.2,-0.89));
#5347 = LINE('',#5348,#5349);
#5348 = CARTESIAN_POINT('',(-3.,0.2,-0.89));
#5349 = VECTOR('',#5350,1.);
#5350 = DIRECTION('',(1.,0.,0.));
#5351 = ORIENTED_EDGE('',*,*,#5352,.F.);
#5352 = EDGE_CURVE('',#1184,#5345,#5353,.T.);
#5353 = LINE('',#5354,#5355);
#5354 = CARTESIAN_POINT('',(-2.625,-2.22044604925E-16,-0.89));
#5355 = VECTOR('',#5356,1.);
#5356 = DIRECTION('',(0.,1.,-2.22044604925E-16));
#5357 = PLANE('',#5358);
#5358 = AXIS2_PLACEMENT_3D('',#5359,#5360,#5361);
#5359 = CARTESIAN_POINT('',(-3.,-2.22044604925E-16,-0.89));
#5360 = DIRECTION('',(0.,-2.22044604925E-16,-1.));
#5361 = DIRECTION('',(1.,0.,0.));
#5362 = ADVANCED_FACE('',(#5363),#5382,.F.);
#5363 = FACE_BOUND('',#5364,.F.);
#5364 = EDGE_LOOP('',(#5365,#5366,#5374,#5381));
#5365 = ORIENTED_EDGE('',*,*,#1183,.F.);
#5366 = ORIENTED_EDGE('',*,*,#5367,.T.);
#5367 = EDGE_CURVE('',#1176,#5368,#5370,.T.);
#5368 = VERTEX_POINT('',#5369);
#5369 = CARTESIAN_POINT('',(-2.625,0.2,-1.11));
#5370 = LINE('',#5371,#5372);
#5371 = CARTESIAN_POINT('',(-2.625,-2.22044604925E-16,-1.11));
#5372 = VECTOR('',#5373,1.);
#5373 = DIRECTION('',(0.,1.,-2.22044604925E-16));
#5374 = ORIENTED_EDGE('',*,*,#5375,.T.);
#5375 = EDGE_CURVE('',#5368,#5345,#5376,.T.);
#5376 = CIRCLE('',#5377,0.11);
#5377 = AXIS2_PLACEMENT_3D('',#5378,#5379,#5380);
#5378 = CARTESIAN_POINT('',(-2.625,0.2,-1.));
#5379 = DIRECTION('',(0.,-1.,2.22044604925E-16));
#5380 = DIRECTION('',(1.,0.,0.));
#5381 = ORIENTED_EDGE('',*,*,#5352,.F.);
#5382 = CYLINDRICAL_SURFACE('',#5383,0.11);
#5383 = AXIS2_PLACEMENT_3D('',#5384,#5385,#5386);
#5384 = CARTESIAN_POINT('',(-2.625,-2.22044604925E-16,-1.));
#5385 = DIRECTION('',(0.,-1.,2.22044604925E-16));
#5386 = DIRECTION('',(1.,0.,0.));
#5387 = ADVANCED_FACE('',(#5388),#5399,.T.);
#5388 = FACE_BOUND('',#5389,.T.);
#5389 = EDGE_LOOP('',(#5390,#5391,#5392,#5398));
#5390 = ORIENTED_EDGE('',*,*,#1175,.T.);
#5391 = ORIENTED_EDGE('',*,*,#5367,.T.);
#5392 = ORIENTED_EDGE('',*,*,#5393,.T.);
#5393 = EDGE_CURVE('',#5368,#4601,#5394,.T.);
#5394 = LINE('',#5395,#5396);
#5395 = CARTESIAN_POINT('',(-2.625,0.2,-1.11));
#5396 = VECTOR('',#5397,1.);
#5397 = DIRECTION('',(-1.,0.,0.));
#5398 = ORIENTED_EDGE('',*,*,#4600,.F.);
#5399 = PLANE('',#5400);
#5400 = AXIS2_PLACEMENT_3D('',#5401,#5402,#5403);
#5401 = CARTESIAN_POINT('',(-2.625,-2.22044604925E-16,-1.11));
#5402 = DIRECTION('',(0.,2.22044604925E-16,1.));
#5403 = DIRECTION('',(-1.,0.,0.));
#5404 = ADVANCED_FACE('',(#5405),#5423,.T.);
#5405 = FACE_BOUND('',#5406,.T.);
#5406 = EDGE_LOOP('',(#5407,#5408,#5409,#5417));
#5407 = ORIENTED_EDGE('',*,*,#1159,.T.);
#5408 = ORIENTED_EDGE('',*,*,#4593,.T.);
#5409 = ORIENTED_EDGE('',*,*,#5410,.T.);
#5410 = EDGE_CURVE('',#4586,#5411,#5413,.T.);
#5411 = VERTEX_POINT('',#5412);
#5412 = CARTESIAN_POINT('',(-2.625,0.2,-1.29));
#5413 = LINE('',#5414,#5415);
#5414 = CARTESIAN_POINT('',(-3.,0.2,-1.29));
#5415 = VECTOR('',#5416,1.);
#5416 = DIRECTION('',(1.,0.,0.));
#5417 = ORIENTED_EDGE('',*,*,#5418,.F.);
#5418 = EDGE_CURVE('',#1151,#5411,#5419,.T.);
#5419 = LINE('',#5420,#5421);
#5420 = CARTESIAN_POINT('',(-2.625,-3.330669073875E-16,-1.29));
#5421 = VECTOR('',#5422,1.);
#5422 = DIRECTION('',(0.,1.,-2.22044604925E-16));
#5423 = PLANE('',#5424);
#5424 = AXIS2_PLACEMENT_3D('',#5425,#5426,#5427);
#5425 = CARTESIAN_POINT('',(-3.,-3.330669073875E-16,-1.29));
#5426 = DIRECTION('',(0.,-2.22044604925E-16,-1.));
#5427 = DIRECTION('',(1.,0.,0.));
#5428 = ADVANCED_FACE('',(#5429),#5448,.F.);
#5429 = FACE_BOUND('',#5430,.F.);
#5430 = EDGE_LOOP('',(#5431,#5432,#5440,#5447));
#5431 = ORIENTED_EDGE('',*,*,#1150,.F.);
#5432 = ORIENTED_EDGE('',*,*,#5433,.T.);
#5433 = EDGE_CURVE('',#1143,#5434,#5436,.T.);
#5434 = VERTEX_POINT('',#5435);
#5435 = CARTESIAN_POINT('',(-2.625,0.2,-1.51));
#5436 = LINE('',#5437,#5438);
#5437 = CARTESIAN_POINT('',(-2.625,-4.440892098501E-16,-1.51));
#5438 = VECTOR('',#5439,1.);
#5439 = DIRECTION('',(0.,1.,-2.22044604925E-16));
#5440 = ORIENTED_EDGE('',*,*,#5441,.T.);
#5441 = EDGE_CURVE('',#5434,#5411,#5442,.T.);
#5442 = CIRCLE('',#5443,0.11);
#5443 = AXIS2_PLACEMENT_3D('',#5444,#5445,#5446);
#5444 = CARTESIAN_POINT('',(-2.625,0.2,-1.4));
#5445 = DIRECTION('',(0.,-1.,2.22044604925E-16));
#5446 = DIRECTION('',(1.,0.,0.));
#5447 = ORIENTED_EDGE('',*,*,#5418,.F.);
#5448 = CYLINDRICAL_SURFACE('',#5449,0.11);
#5449 = AXIS2_PLACEMENT_3D('',#5450,#5451,#5452);
#5450 = CARTESIAN_POINT('',(-2.625,-3.330669073875E-16,-1.4));
#5451 = DIRECTION('',(0.,-1.,2.22044604925E-16));
#5452 = DIRECTION('',(1.,0.,0.));
#5453 = ADVANCED_FACE('',(#5454),#5465,.T.);
#5454 = FACE_BOUND('',#5455,.T.);
#5455 = EDGE_LOOP('',(#5456,#5457,#5458,#5464));
#5456 = ORIENTED_EDGE('',*,*,#1142,.T.);
#5457 = ORIENTED_EDGE('',*,*,#5433,.T.);
#5458 = ORIENTED_EDGE('',*,*,#5459,.T.);
#5459 = EDGE_CURVE('',#5434,#4578,#5460,.T.);
#5460 = LINE('',#5461,#5462);
#5461 = CARTESIAN_POINT('',(-2.625,0.2,-1.51));
#5462 = VECTOR('',#5463,1.);
#5463 = DIRECTION('',(-1.,0.,0.));
#5464 = ORIENTED_EDGE('',*,*,#4577,.F.);
#5465 = PLANE('',#5466);
#5466 = AXIS2_PLACEMENT_3D('',#5467,#5468,#5469);
#5467 = CARTESIAN_POINT('',(-2.625,-4.440892098501E-16,-1.51));
#5468 = DIRECTION('',(0.,2.22044604925E-16,1.));
#5469 = DIRECTION('',(-1.,0.,0.));
#5470 = ADVANCED_FACE('',(#5471),#5489,.T.);
#5471 = FACE_BOUND('',#5472,.T.);
#5472 = EDGE_LOOP('',(#5473,#5474,#5475,#5483));
#5473 = ORIENTED_EDGE('',*,*,#1126,.T.);
#5474 = ORIENTED_EDGE('',*,*,#4570,.T.);
#5475 = ORIENTED_EDGE('',*,*,#5476,.T.);
#5476 = EDGE_CURVE('',#4563,#5477,#5479,.T.);
#5477 = VERTEX_POINT('',#5478);
#5478 = CARTESIAN_POINT('',(-2.625,0.2,-1.69));
#5479 = LINE('',#5480,#5481);
#5480 = CARTESIAN_POINT('',(-3.,0.2,-1.69));
#5481 = VECTOR('',#5482,1.);
#5482 = DIRECTION('',(1.,0.,0.));
#5483 = ORIENTED_EDGE('',*,*,#5484,.F.);
#5484 = EDGE_CURVE('',#1118,#5477,#5485,.T.);
#5485 = LINE('',#5486,#5487);
#5486 = CARTESIAN_POINT('',(-2.625,-3.885780586188E-16,-1.69));
#5487 = VECTOR('',#5488,1.);
#5488 = DIRECTION('',(0.,1.,-2.22044604925E-16));
#5489 = PLANE('',#5490);
#5490 = AXIS2_PLACEMENT_3D('',#5491,#5492,#5493);
#5491 = CARTESIAN_POINT('',(-3.,-3.885780586188E-16,-1.69));
#5492 = DIRECTION('',(0.,-2.22044604925E-16,-1.));
#5493 = DIRECTION('',(1.,0.,0.));
#5494 = ADVANCED_FACE('',(#5495),#5514,.F.);
#5495 = FACE_BOUND('',#5496,.F.);
#5496 = EDGE_LOOP('',(#5497,#5498,#5506,#5513));
#5497 = ORIENTED_EDGE('',*,*,#1117,.F.);
#5498 = ORIENTED_EDGE('',*,*,#5499,.T.);
#5499 = EDGE_CURVE('',#1110,#5500,#5502,.T.);
#5500 = VERTEX_POINT('',#5501);
#5501 = CARTESIAN_POINT('',(-2.625,0.2,-1.91));
#5502 = LINE('',#5503,#5504);
#5503 = CARTESIAN_POINT('',(-2.625,-4.440892098501E-16,-1.91));
#5504 = VECTOR('',#5505,1.);
#5505 = DIRECTION('',(0.,1.,-2.22044604925E-16));
#5506 = ORIENTED_EDGE('',*,*,#5507,.T.);
#5507 = EDGE_CURVE('',#5500,#5477,#5508,.T.);
#5508 = CIRCLE('',#5509,0.11);
#5509 = AXIS2_PLACEMENT_3D('',#5510,#5511,#5512);
#5510 = CARTESIAN_POINT('',(-2.625,0.2,-1.8));
#5511 = DIRECTION('',(0.,-1.,2.22044604925E-16));
#5512 = DIRECTION('',(1.,0.,0.));
#5513 = ORIENTED_EDGE('',*,*,#5484,.F.);
#5514 = CYLINDRICAL_SURFACE('',#5515,0.11);
#5515 = AXIS2_PLACEMENT_3D('',#5516,#5517,#5518);
#5516 = CARTESIAN_POINT('',(-2.625,-4.440892098501E-16,-1.8));
#5517 = DIRECTION('',(0.,-1.,2.22044604925E-16));
#5518 = DIRECTION('',(1.,0.,0.));
#5519 = ADVANCED_FACE('',(#5520),#5531,.T.);
#5520 = FACE_BOUND('',#5521,.T.);
#5521 = EDGE_LOOP('',(#5522,#5523,#5524,#5530));
#5522 = ORIENTED_EDGE('',*,*,#1109,.T.);
#5523 = ORIENTED_EDGE('',*,*,#5499,.T.);
#5524 = ORIENTED_EDGE('',*,*,#5525,.T.);
#5525 = EDGE_CURVE('',#5500,#4555,#5526,.T.);
#5526 = LINE('',#5527,#5528);
#5527 = CARTESIAN_POINT('',(-2.625,0.2,-1.91));
#5528 = VECTOR('',#5529,1.);
#5529 = DIRECTION('',(-1.,0.,0.));
#5530 = ORIENTED_EDGE('',*,*,#4554,.F.);
#5531 = PLANE('',#5532);
#5532 = AXIS2_PLACEMENT_3D('',#5533,#5534,#5535);
#5533 = CARTESIAN_POINT('',(-2.625,-4.440892098501E-16,-1.91));
#5534 = DIRECTION('',(0.,2.22044604925E-16,1.));
#5535 = DIRECTION('',(-1.,0.,0.));
#5536 = ADVANCED_FACE('',(#5537),#5555,.T.);
#5537 = FACE_BOUND('',#5538,.T.);
#5538 = EDGE_LOOP('',(#5539,#5540,#5541,#5549));
#5539 = ORIENTED_EDGE('',*,*,#1093,.T.);
#5540 = ORIENTED_EDGE('',*,*,#4547,.T.);
#5541 = ORIENTED_EDGE('',*,*,#5542,.T.);
#5542 = EDGE_CURVE('',#4540,#5543,#5545,.T.);
#5543 = VERTEX_POINT('',#5544);
#5544 = CARTESIAN_POINT('',(-2.625,0.2,-2.09));
#5545 = LINE('',#5546,#5547);
#5546 = CARTESIAN_POINT('',(-3.,0.2,-2.09));
#5547 = VECTOR('',#5548,1.);
#5548 = DIRECTION('',(1.,0.,0.));
#5549 = ORIENTED_EDGE('',*,*,#5550,.F.);
#5550 = EDGE_CURVE('',#1085,#5543,#5551,.T.);
#5551 = LINE('',#5552,#5553);
#5552 = CARTESIAN_POINT('',(-2.625,-4.640732242933E-16,-2.09));
#5553 = VECTOR('',#5554,1.);
#5554 = DIRECTION('',(0.,1.,-2.22044604925E-16));
#5555 = PLANE('',#5556);
#5556 = AXIS2_PLACEMENT_3D('',#5557,#5558,#5559);
#5557 = CARTESIAN_POINT('',(-3.,-4.640732242933E-16,-2.09));
#5558 = DIRECTION('',(0.,-2.22044604925E-16,-1.));
#5559 = DIRECTION('',(1.,0.,0.));
#5560 = ADVANCED_FACE('',(#5561),#5580,.F.);
#5561 = FACE_BOUND('',#5562,.F.);
#5562 = EDGE_LOOP('',(#5563,#5564,#5572,#5579));
#5563 = ORIENTED_EDGE('',*,*,#1084,.F.);
#5564 = ORIENTED_EDGE('',*,*,#5565,.T.);
#5565 = EDGE_CURVE('',#1077,#5566,#5568,.T.);
#5566 = VERTEX_POINT('',#5567);
#5567 = CARTESIAN_POINT('',(-2.625,0.2,-2.31));
#5568 = LINE('',#5569,#5570);
#5569 = CARTESIAN_POINT('',(-2.625,-5.129230373768E-16,-2.31));
#5570 = VECTOR('',#5571,1.);
#5571 = DIRECTION('',(0.,1.,-2.22044604925E-16));
#5572 = ORIENTED_EDGE('',*,*,#5573,.T.);
#5573 = EDGE_CURVE('',#5566,#5543,#5574,.T.);
#5574 = CIRCLE('',#5575,0.11);
#5575 = AXIS2_PLACEMENT_3D('',#5576,#5577,#5578);
#5576 = CARTESIAN_POINT('',(-2.625,0.2,-2.2));
#5577 = DIRECTION('',(0.,-1.,2.22044604925E-16));
#5578 = DIRECTION('',(1.,0.,0.));
#5579 = ORIENTED_EDGE('',*,*,#5550,.F.);
#5580 = CYLINDRICAL_SURFACE('',#5581,0.11);
#5581 = AXIS2_PLACEMENT_3D('',#5582,#5583,#5584);
#5582 = CARTESIAN_POINT('',(-2.625,-4.884981308351E-16,-2.2));
#5583 = DIRECTION('',(0.,-1.,2.22044604925E-16));
#5584 = DIRECTION('',(1.,0.,0.));
#5585 = ADVANCED_FACE('',(#5586),#5597,.T.);
#5586 = FACE_BOUND('',#5587,.T.);
#5587 = EDGE_LOOP('',(#5588,#5589,#5590,#5596));
#5588 = ORIENTED_EDGE('',*,*,#1076,.T.);
#5589 = ORIENTED_EDGE('',*,*,#5565,.T.);
#5590 = ORIENTED_EDGE('',*,*,#5591,.T.);
#5591 = EDGE_CURVE('',#5566,#4532,#5592,.T.);
#5592 = LINE('',#5593,#5594);
#5593 = CARTESIAN_POINT('',(-2.625,0.2,-2.31));
#5594 = VECTOR('',#5595,1.);
#5595 = DIRECTION('',(-1.,0.,0.));
#5596 = ORIENTED_EDGE('',*,*,#4531,.F.);
#5597 = PLANE('',#5598);
#5598 = AXIS2_PLACEMENT_3D('',#5599,#5600,#5601);
#5599 = CARTESIAN_POINT('',(-2.625,-5.129230373768E-16,-2.31));
#5600 = DIRECTION('',(0.,2.22044604925E-16,1.));
#5601 = DIRECTION('',(-1.,0.,0.));
#5602 = ADVANCED_FACE('',(#5603),#5621,.F.);
#5603 = FACE_BOUND('',#5604,.F.);
#5604 = EDGE_LOOP('',(#5605,#5606,#5614,#5620));
#5605 = ORIENTED_EDGE('',*,*,#1052,.T.);
#5606 = ORIENTED_EDGE('',*,*,#5607,.T.);
#5607 = EDGE_CURVE('',#1044,#5608,#5610,.T.);
#5608 = VERTEX_POINT('',#5609);
#5609 = CARTESIAN_POINT('',(-2.31,0.2,-2.625));
#5610 = LINE('',#5611,#5612);
#5611 = CARTESIAN_POINT('',(-2.31,-5.828670879282E-16,-2.625));
#5612 = VECTOR('',#5613,1.);
#5613 = DIRECTION('',(0.,1.,-2.22044604925E-16));
#5614 = ORIENTED_EDGE('',*,*,#5615,.T.);
#5615 = EDGE_CURVE('',#5608,#3569,#5616,.T.);
#5616 = LINE('',#5617,#5618);
#5617 = CARTESIAN_POINT('',(-2.31,0.2,-2.625));
#5618 = VECTOR('',#5619,1.);
#5619 = DIRECTION('',(0.,-2.22044604925E-16,-1.));
#5620 = ORIENTED_EDGE('',*,*,#3576,.F.);
#5621 = PLANE('',#5622);
#5622 = AXIS2_PLACEMENT_3D('',#5623,#5624,#5625);
#5623 = CARTESIAN_POINT('',(-2.31,-5.828670879282E-16,-2.625));
#5624 = DIRECTION('',(-1.,0.,0.));
#5625 = DIRECTION('',(0.,-2.22044604925E-16,-1.));
#5626 = ADVANCED_FACE('',(#5627),#5646,.F.);
#5627 = FACE_BOUND('',#5628,.F.);
#5628 = EDGE_LOOP('',(#5629,#5630,#5638,#5645));
#5629 = ORIENTED_EDGE('',*,*,#1043,.F.);
#5630 = ORIENTED_EDGE('',*,*,#5631,.T.);
#5631 = EDGE_CURVE('',#1036,#5632,#5634,.T.);
#5632 = VERTEX_POINT('',#5633);
#5633 = CARTESIAN_POINT('',(-2.09,0.2,-2.625));
#5634 = LINE('',#5635,#5636);
#5635 = CARTESIAN_POINT('',(-2.09,-5.828670879282E-16,-2.625));
#5636 = VECTOR('',#5637,1.);
#5637 = DIRECTION('',(0.,1.,-2.22044604925E-16));
#5638 = ORIENTED_EDGE('',*,*,#5639,.T.);
#5639 = EDGE_CURVE('',#5632,#5608,#5640,.T.);
#5640 = CIRCLE('',#5641,0.11);
#5641 = AXIS2_PLACEMENT_3D('',#5642,#5643,#5644);
#5642 = CARTESIAN_POINT('',(-2.2,0.2,-2.625));
#5643 = DIRECTION('',(0.,-1.,2.22044604925E-16));
#5644 = DIRECTION('',(1.,0.,0.));
#5645 = ORIENTED_EDGE('',*,*,#5607,.F.);
#5646 = CYLINDRICAL_SURFACE('',#5647,0.11);
#5647 = AXIS2_PLACEMENT_3D('',#5648,#5649,#5650);
#5648 = CARTESIAN_POINT('',(-2.2,-5.828670879282E-16,-2.625));
#5649 = DIRECTION('',(0.,-1.,2.22044604925E-16));
#5650 = DIRECTION('',(1.,0.,0.));
#5651 = ADVANCED_FACE('',(#5652),#5663,.F.);
#5652 = FACE_BOUND('',#5653,.F.);
#5653 = EDGE_LOOP('',(#5654,#5655,#5656,#5662));
#5654 = ORIENTED_EDGE('',*,*,#1035,.T.);
#5655 = ORIENTED_EDGE('',*,*,#3560,.T.);
#5656 = ORIENTED_EDGE('',*,*,#5657,.T.);
#5657 = EDGE_CURVE('',#3561,#5632,#5658,.T.);
#5658 = LINE('',#5659,#5660);
#5659 = CARTESIAN_POINT('',(-2.09,0.2,-3.));
#5660 = VECTOR('',#5661,1.);
#5661 = DIRECTION('',(0.,2.22044604925E-16,1.));
#5662 = ORIENTED_EDGE('',*,*,#5631,.F.);
#5663 = PLANE('',#5664);
#5664 = AXIS2_PLACEMENT_3D('',#5665,#5666,#5667);
#5665 = CARTESIAN_POINT('',(-2.09,-6.661338147751E-16,-3.));
#5666 = DIRECTION('',(1.,0.,0.));
#5667 = DIRECTION('',(0.,2.22044604925E-16,1.));
#5668 = ADVANCED_FACE('',(#5669),#5687,.F.);
#5669 = FACE_BOUND('',#5670,.F.);
#5670 = EDGE_LOOP('',(#5671,#5672,#5680,#5686));
#5671 = ORIENTED_EDGE('',*,*,#1019,.T.);
#5672 = ORIENTED_EDGE('',*,*,#5673,.T.);
#5673 = EDGE_CURVE('',#1011,#5674,#5676,.T.);
#5674 = VERTEX_POINT('',#5675);
#5675 = CARTESIAN_POINT('',(-1.91,0.2,-2.625));
#5676 = LINE('',#5677,#5678);
#5677 = CARTESIAN_POINT('',(-1.91,-5.828670879282E-16,-2.625));
#5678 = VECTOR('',#5679,1.);
#5679 = DIRECTION('',(0.,1.,-2.22044604925E-16));
#5680 = ORIENTED_EDGE('',*,*,#5681,.T.);
#5681 = EDGE_CURVE('',#5674,#3546,#5682,.T.);
#5682 = LINE('',#5683,#5684);
#5683 = CARTESIAN_POINT('',(-1.91,0.2,-2.625));
#5684 = VECTOR('',#5685,1.);
#5685 = DIRECTION('',(0.,-2.22044604925E-16,-1.));
#5686 = ORIENTED_EDGE('',*,*,#3553,.F.);
#5687 = PLANE('',#5688);
#5688 = AXIS2_PLACEMENT_3D('',#5689,#5690,#5691);
#5689 = CARTESIAN_POINT('',(-1.91,-5.828670879282E-16,-2.625));
#5690 = DIRECTION('',(-1.,0.,0.));
#5691 = DIRECTION('',(0.,-2.22044604925E-16,-1.));
#5692 = ADVANCED_FACE('',(#5693),#5712,.F.);
#5693 = FACE_BOUND('',#5694,.F.);
#5694 = EDGE_LOOP('',(#5695,#5696,#5704,#5711));
#5695 = ORIENTED_EDGE('',*,*,#1010,.F.);
#5696 = ORIENTED_EDGE('',*,*,#5697,.T.);
#5697 = EDGE_CURVE('',#1003,#5698,#5700,.T.);
#5698 = VERTEX_POINT('',#5699);
#5699 = CARTESIAN_POINT('',(-1.69,0.2,-2.625));
#5700 = LINE('',#5701,#5702);
#5701 = CARTESIAN_POINT('',(-1.69,-5.828670879282E-16,-2.625));
#5702 = VECTOR('',#5703,1.);
#5703 = DIRECTION('',(0.,1.,-2.22044604925E-16));
#5704 = ORIENTED_EDGE('',*,*,#5705,.T.);
#5705 = EDGE_CURVE('',#5698,#5674,#5706,.T.);
#5706 = CIRCLE('',#5707,0.11);
#5707 = AXIS2_PLACEMENT_3D('',#5708,#5709,#5710);
#5708 = CARTESIAN_POINT('',(-1.8,0.2,-2.625));
#5709 = DIRECTION('',(0.,-1.,2.22044604925E-16));
#5710 = DIRECTION('',(1.,0.,0.));
#5711 = ORIENTED_EDGE('',*,*,#5673,.F.);
#5712 = CYLINDRICAL_SURFACE('',#5713,0.11);
#5713 = AXIS2_PLACEMENT_3D('',#5714,#5715,#5716);
#5714 = CARTESIAN_POINT('',(-1.8,-5.828670879282E-16,-2.625));
#5715 = DIRECTION('',(0.,-1.,2.22044604925E-16));
#5716 = DIRECTION('',(1.,0.,0.));
#5717 = ADVANCED_FACE('',(#5718),#5729,.F.);
#5718 = FACE_BOUND('',#5719,.F.);
#5719 = EDGE_LOOP('',(#5720,#5721,#5722,#5728));
#5720 = ORIENTED_EDGE('',*,*,#1002,.T.);
#5721 = ORIENTED_EDGE('',*,*,#3537,.T.);
#5722 = ORIENTED_EDGE('',*,*,#5723,.T.);
#5723 = EDGE_CURVE('',#3538,#5698,#5724,.T.);
#5724 = LINE('',#5725,#5726);
#5725 = CARTESIAN_POINT('',(-1.69,0.2,-3.));
#5726 = VECTOR('',#5727,1.);
#5727 = DIRECTION('',(0.,2.22044604925E-16,1.));
#5728 = ORIENTED_EDGE('',*,*,#5697,.F.);
#5729 = PLANE('',#5730);
#5730 = AXIS2_PLACEMENT_3D('',#5731,#5732,#5733);
#5731 = CARTESIAN_POINT('',(-1.69,-6.661338147751E-16,-3.));
#5732 = DIRECTION('',(1.,0.,0.));
#5733 = DIRECTION('',(0.,2.22044604925E-16,1.));
#5734 = ADVANCED_FACE('',(#5735),#5753,.F.);
#5735 = FACE_BOUND('',#5736,.F.);
#5736 = EDGE_LOOP('',(#5737,#5738,#5746,#5752));
#5737 = ORIENTED_EDGE('',*,*,#986,.T.);
#5738 = ORIENTED_EDGE('',*,*,#5739,.T.);
#5739 = EDGE_CURVE('',#978,#5740,#5742,.T.);
#5740 = VERTEX_POINT('',#5741);
#5741 = CARTESIAN_POINT('',(-1.51,0.2,-2.625));
#5742 = LINE('',#5743,#5744);
#5743 = CARTESIAN_POINT('',(-1.51,-5.828670879282E-16,-2.625));
#5744 = VECTOR('',#5745,1.);
#5745 = DIRECTION('',(0.,1.,-2.22044604925E-16));
#5746 = ORIENTED_EDGE('',*,*,#5747,.T.);
#5747 = EDGE_CURVE('',#5740,#3523,#5748,.T.);
#5748 = LINE('',#5749,#5750);
#5749 = CARTESIAN_POINT('',(-1.51,0.2,-2.625));
#5750 = VECTOR('',#5751,1.);
#5751 = DIRECTION('',(0.,-2.22044604925E-16,-1.));
#5752 = ORIENTED_EDGE('',*,*,#3530,.F.);
#5753 = PLANE('',#5754);
#5754 = AXIS2_PLACEMENT_3D('',#5755,#5756,#5757);
#5755 = CARTESIAN_POINT('',(-1.51,-5.828670879282E-16,-2.625));
#5756 = DIRECTION('',(-1.,0.,0.));
#5757 = DIRECTION('',(0.,-2.22044604925E-16,-1.));
#5758 = ADVANCED_FACE('',(#5759),#5778,.F.);
#5759 = FACE_BOUND('',#5760,.F.);
#5760 = EDGE_LOOP('',(#5761,#5762,#5770,#5777));
#5761 = ORIENTED_EDGE('',*,*,#977,.F.);
#5762 = ORIENTED_EDGE('',*,*,#5763,.T.);
#5763 = EDGE_CURVE('',#970,#5764,#5766,.T.);
#5764 = VERTEX_POINT('',#5765);
#5765 = CARTESIAN_POINT('',(-1.29,0.2,-2.625));
#5766 = LINE('',#5767,#5768);
#5767 = CARTESIAN_POINT('',(-1.29,-5.828670879282E-16,-2.625));
#5768 = VECTOR('',#5769,1.);
#5769 = DIRECTION('',(0.,1.,-2.22044604925E-16));
#5770 = ORIENTED_EDGE('',*,*,#5771,.T.);
#5771 = EDGE_CURVE('',#5764,#5740,#5772,.T.);
#5772 = CIRCLE('',#5773,0.11);
#5773 = AXIS2_PLACEMENT_3D('',#5774,#5775,#5776);
#5774 = CARTESIAN_POINT('',(-1.4,0.2,-2.625));
#5775 = DIRECTION('',(0.,-1.,2.22044604925E-16));
#5776 = DIRECTION('',(1.,0.,0.));
#5777 = ORIENTED_EDGE('',*,*,#5739,.F.);
#5778 = CYLINDRICAL_SURFACE('',#5779,0.11);
#5779 = AXIS2_PLACEMENT_3D('',#5780,#5781,#5782);
#5780 = CARTESIAN_POINT('',(-1.4,-5.828670879282E-16,-2.625));
#5781 = DIRECTION('',(0.,-1.,2.22044604925E-16));
#5782 = DIRECTION('',(1.,0.,0.));
#5783 = ADVANCED_FACE('',(#5784),#5795,.F.);
#5784 = FACE_BOUND('',#5785,.F.);
#5785 = EDGE_LOOP('',(#5786,#5787,#5788,#5794));
#5786 = ORIENTED_EDGE('',*,*,#969,.T.);
#5787 = ORIENTED_EDGE('',*,*,#3514,.T.);
#5788 = ORIENTED_EDGE('',*,*,#5789,.T.);
#5789 = EDGE_CURVE('',#3515,#5764,#5790,.T.);
#5790 = LINE('',#5791,#5792);
#5791 = CARTESIAN_POINT('',(-1.29,0.2,-3.));
#5792 = VECTOR('',#5793,1.);
#5793 = DIRECTION('',(0.,2.22044604925E-16,1.));
#5794 = ORIENTED_EDGE('',*,*,#5763,.F.);
#5795 = PLANE('',#5796);
#5796 = AXIS2_PLACEMENT_3D('',#5797,#5798,#5799);
#5797 = CARTESIAN_POINT('',(-1.29,-6.661338147751E-16,-3.));
#5798 = DIRECTION('',(1.,0.,0.));
#5799 = DIRECTION('',(0.,2.22044604925E-16,1.));
#5800 = ADVANCED_FACE('',(#5801),#5819,.F.);
#5801 = FACE_BOUND('',#5802,.F.);
#5802 = EDGE_LOOP('',(#5803,#5804,#5812,#5818));
#5803 = ORIENTED_EDGE('',*,*,#953,.T.);
#5804 = ORIENTED_EDGE('',*,*,#5805,.T.);
#5805 = EDGE_CURVE('',#945,#5806,#5808,.T.);
#5806 = VERTEX_POINT('',#5807);
#5807 = CARTESIAN_POINT('',(-1.11,0.2,-2.625));
#5808 = LINE('',#5809,#5810);
#5809 = CARTESIAN_POINT('',(-1.11,-5.828670879282E-16,-2.625));
#5810 = VECTOR('',#5811,1.);
#5811 = DIRECTION('',(0.,1.,-2.22044604925E-16));
#5812 = ORIENTED_EDGE('',*,*,#5813,.T.);
#5813 = EDGE_CURVE('',#5806,#3500,#5814,.T.);
#5814 = LINE('',#5815,#5816);
#5815 = CARTESIAN_POINT('',(-1.11,0.2,-2.625));
#5816 = VECTOR('',#5817,1.);
#5817 = DIRECTION('',(0.,-2.22044604925E-16,-1.));
#5818 = ORIENTED_EDGE('',*,*,#3507,.F.);
#5819 = PLANE('',#5820);
#5820 = AXIS2_PLACEMENT_3D('',#5821,#5822,#5823);
#5821 = CARTESIAN_POINT('',(-1.11,-5.828670879282E-16,-2.625));
#5822 = DIRECTION('',(-1.,0.,0.));
#5823 = DIRECTION('',(0.,-2.22044604925E-16,-1.));
#5824 = ADVANCED_FACE('',(#5825),#5844,.F.);
#5825 = FACE_BOUND('',#5826,.F.);
#5826 = EDGE_LOOP('',(#5827,#5828,#5836,#5843));
#5827 = ORIENTED_EDGE('',*,*,#944,.F.);
#5828 = ORIENTED_EDGE('',*,*,#5829,.T.);
#5829 = EDGE_CURVE('',#937,#5830,#5832,.T.);
#5830 = VERTEX_POINT('',#5831);
#5831 = CARTESIAN_POINT('',(-0.89,0.2,-2.625));
#5832 = LINE('',#5833,#5834);
#5833 = CARTESIAN_POINT('',(-0.89,-5.828670879282E-16,-2.625));
#5834 = VECTOR('',#5835,1.);
#5835 = DIRECTION('',(0.,1.,-2.22044604925E-16));
#5836 = ORIENTED_EDGE('',*,*,#5837,.T.);
#5837 = EDGE_CURVE('',#5830,#5806,#5838,.T.);
#5838 = CIRCLE('',#5839,0.11);
#5839 = AXIS2_PLACEMENT_3D('',#5840,#5841,#5842);
#5840 = CARTESIAN_POINT('',(-1.,0.2,-2.625));
#5841 = DIRECTION('',(0.,-1.,2.22044604925E-16));
#5842 = DIRECTION('',(1.,0.,0.));
#5843 = ORIENTED_EDGE('',*,*,#5805,.F.);
#5844 = CYLINDRICAL_SURFACE('',#5845,0.11);
#5845 = AXIS2_PLACEMENT_3D('',#5846,#5847,#5848);
#5846 = CARTESIAN_POINT('',(-1.,-5.828670879282E-16,-2.625));
#5847 = DIRECTION('',(0.,-1.,2.22044604925E-16));
#5848 = DIRECTION('',(1.,0.,0.));
#5849 = ADVANCED_FACE('',(#5850),#5861,.F.);
#5850 = FACE_BOUND('',#5851,.F.);
#5851 = EDGE_LOOP('',(#5852,#5853,#5854,#5860));
#5852 = ORIENTED_EDGE('',*,*,#936,.T.);
#5853 = ORIENTED_EDGE('',*,*,#3491,.T.);
#5854 = ORIENTED_EDGE('',*,*,#5855,.T.);
#5855 = EDGE_CURVE('',#3492,#5830,#5856,.T.);
#5856 = LINE('',#5857,#5858);
#5857 = CARTESIAN_POINT('',(-0.89,0.2,-3.));
#5858 = VECTOR('',#5859,1.);
#5859 = DIRECTION('',(0.,2.22044604925E-16,1.));
#5860 = ORIENTED_EDGE('',*,*,#5829,.F.);
#5861 = PLANE('',#5862);
#5862 = AXIS2_PLACEMENT_3D('',#5863,#5864,#5865);
#5863 = CARTESIAN_POINT('',(-0.89,-6.661338147751E-16,-3.));
#5864 = DIRECTION('',(1.,0.,0.));
#5865 = DIRECTION('',(0.,2.22044604925E-16,1.));
#5866 = ADVANCED_FACE('',(#5867),#5885,.F.);
#5867 = FACE_BOUND('',#5868,.F.);
#5868 = EDGE_LOOP('',(#5869,#5870,#5878,#5884));
#5869 = ORIENTED_EDGE('',*,*,#920,.T.);
#5870 = ORIENTED_EDGE('',*,*,#5871,.T.);
#5871 = EDGE_CURVE('',#912,#5872,#5874,.T.);
#5872 = VERTEX_POINT('',#5873);
#5873 = CARTESIAN_POINT('',(-0.71,0.2,-2.625));
#5874 = LINE('',#5875,#5876);
#5875 = CARTESIAN_POINT('',(-0.71,-5.828670879282E-16,-2.625));
#5876 = VECTOR('',#5877,1.);
#5877 = DIRECTION('',(0.,1.,-2.22044604925E-16));
#5878 = ORIENTED_EDGE('',*,*,#5879,.T.);
#5879 = EDGE_CURVE('',#5872,#3477,#5880,.T.);
#5880 = LINE('',#5881,#5882);
#5881 = CARTESIAN_POINT('',(-0.71,0.2,-2.625));
#5882 = VECTOR('',#5883,1.);
#5883 = DIRECTION('',(0.,-2.22044604925E-16,-1.));
#5884 = ORIENTED_EDGE('',*,*,#3484,.F.);
#5885 = PLANE('',#5886);
#5886 = AXIS2_PLACEMENT_3D('',#5887,#5888,#5889);
#5887 = CARTESIAN_POINT('',(-0.71,-5.828670879282E-16,-2.625));
#5888 = DIRECTION('',(-1.,0.,0.));
#5889 = DIRECTION('',(0.,-2.22044604925E-16,-1.));
#5890 = ADVANCED_FACE('',(#5891),#5910,.F.);
#5891 = FACE_BOUND('',#5892,.F.);
#5892 = EDGE_LOOP('',(#5893,#5894,#5902,#5909));
#5893 = ORIENTED_EDGE('',*,*,#911,.F.);
#5894 = ORIENTED_EDGE('',*,*,#5895,.T.);
#5895 = EDGE_CURVE('',#904,#5896,#5898,.T.);
#5896 = VERTEX_POINT('',#5897);
#5897 = CARTESIAN_POINT('',(-0.49,0.2,-2.625));
#5898 = LINE('',#5899,#5900);
#5899 = CARTESIAN_POINT('',(-0.49,-5.828670879282E-16,-2.625));
#5900 = VECTOR('',#5901,1.);
#5901 = DIRECTION('',(0.,1.,-2.22044604925E-16));
#5902 = ORIENTED_EDGE('',*,*,#5903,.T.);
#5903 = EDGE_CURVE('',#5896,#5872,#5904,.T.);
#5904 = CIRCLE('',#5905,0.11);
#5905 = AXIS2_PLACEMENT_3D('',#5906,#5907,#5908);
#5906 = CARTESIAN_POINT('',(-0.6,0.2,-2.625));
#5907 = DIRECTION('',(0.,-1.,2.22044604925E-16));
#5908 = DIRECTION('',(1.,0.,0.));
#5909 = ORIENTED_EDGE('',*,*,#5871,.F.);
#5910 = CYLINDRICAL_SURFACE('',#5911,0.11);
#5911 = AXIS2_PLACEMENT_3D('',#5912,#5913,#5914);
#5912 = CARTESIAN_POINT('',(-0.6,-5.828670879282E-16,-2.625));
#5913 = DIRECTION('',(0.,-1.,2.22044604925E-16));
#5914 = DIRECTION('',(1.,0.,0.));
#5915 = ADVANCED_FACE('',(#5916),#5927,.F.);
#5916 = FACE_BOUND('',#5917,.F.);
#5917 = EDGE_LOOP('',(#5918,#5919,#5920,#5926));
#5918 = ORIENTED_EDGE('',*,*,#903,.T.);
#5919 = ORIENTED_EDGE('',*,*,#3468,.T.);
#5920 = ORIENTED_EDGE('',*,*,#5921,.T.);
#5921 = EDGE_CURVE('',#3469,#5896,#5922,.T.);
#5922 = LINE('',#5923,#5924);
#5923 = CARTESIAN_POINT('',(-0.49,0.2,-3.));
#5924 = VECTOR('',#5925,1.);
#5925 = DIRECTION('',(0.,2.22044604925E-16,1.));
#5926 = ORIENTED_EDGE('',*,*,#5895,.F.);
#5927 = PLANE('',#5928);
#5928 = AXIS2_PLACEMENT_3D('',#5929,#5930,#5931);
#5929 = CARTESIAN_POINT('',(-0.49,-6.661338147751E-16,-3.));
#5930 = DIRECTION('',(1.,0.,0.));
#5931 = DIRECTION('',(0.,2.22044604925E-16,1.));
#5932 = ADVANCED_FACE('',(#5933),#5951,.F.);
#5933 = FACE_BOUND('',#5934,.F.);
#5934 = EDGE_LOOP('',(#5935,#5936,#5944,#5950));
#5935 = ORIENTED_EDGE('',*,*,#887,.T.);
#5936 = ORIENTED_EDGE('',*,*,#5937,.T.);
#5937 = EDGE_CURVE('',#879,#5938,#5940,.T.);
#5938 = VERTEX_POINT('',#5939);
#5939 = CARTESIAN_POINT('',(-0.31,0.2,-2.625));
#5940 = LINE('',#5941,#5942);
#5941 = CARTESIAN_POINT('',(-0.31,-5.828670879282E-16,-2.625));
#5942 = VECTOR('',#5943,1.);
#5943 = DIRECTION('',(0.,1.,-2.22044604925E-16));
#5944 = ORIENTED_EDGE('',*,*,#5945,.T.);
#5945 = EDGE_CURVE('',#5938,#3454,#5946,.T.);
#5946 = LINE('',#5947,#5948);
#5947 = CARTESIAN_POINT('',(-0.31,0.2,-2.625));
#5948 = VECTOR('',#5949,1.);
#5949 = DIRECTION('',(0.,-2.22044604925E-16,-1.));
#5950 = ORIENTED_EDGE('',*,*,#3461,.F.);
#5951 = PLANE('',#5952);
#5952 = AXIS2_PLACEMENT_3D('',#5953,#5954,#5955);
#5953 = CARTESIAN_POINT('',(-0.31,-5.828670879282E-16,-2.625));
#5954 = DIRECTION('',(-1.,0.,0.));
#5955 = DIRECTION('',(0.,-2.22044604925E-16,-1.));
#5956 = ADVANCED_FACE('',(#5957),#5976,.F.);
#5957 = FACE_BOUND('',#5958,.F.);
#5958 = EDGE_LOOP('',(#5959,#5960,#5968,#5975));
#5959 = ORIENTED_EDGE('',*,*,#878,.F.);
#5960 = ORIENTED_EDGE('',*,*,#5961,.T.);
#5961 = EDGE_CURVE('',#871,#5962,#5964,.T.);
#5962 = VERTEX_POINT('',#5963);
#5963 = CARTESIAN_POINT('',(-9.E-02,0.2,-2.625));
#5964 = LINE('',#5965,#5966);
#5965 = CARTESIAN_POINT('',(-9.E-02,-5.828670879282E-16,-2.625));
#5966 = VECTOR('',#5967,1.);
#5967 = DIRECTION('',(0.,1.,-2.22044604925E-16));
#5968 = ORIENTED_EDGE('',*,*,#5969,.T.);
#5969 = EDGE_CURVE('',#5962,#5938,#5970,.T.);
#5970 = CIRCLE('',#5971,0.11);
#5971 = AXIS2_PLACEMENT_3D('',#5972,#5973,#5974);
#5972 = CARTESIAN_POINT('',(-0.2,0.2,-2.625));
#5973 = DIRECTION('',(0.,-1.,2.22044604925E-16));
#5974 = DIRECTION('',(1.,0.,0.));
#5975 = ORIENTED_EDGE('',*,*,#5937,.F.);
#5976 = CYLINDRICAL_SURFACE('',#5977,0.11);
#5977 = AXIS2_PLACEMENT_3D('',#5978,#5979,#5980);
#5978 = CARTESIAN_POINT('',(-0.2,-5.828670879282E-16,-2.625));
#5979 = DIRECTION('',(0.,-1.,2.22044604925E-16));
#5980 = DIRECTION('',(1.,0.,0.));
#5981 = ADVANCED_FACE('',(#5982),#5993,.F.);
#5982 = FACE_BOUND('',#5983,.F.);
#5983 = EDGE_LOOP('',(#5984,#5985,#5986,#5992));
#5984 = ORIENTED_EDGE('',*,*,#870,.T.);
#5985 = ORIENTED_EDGE('',*,*,#3445,.T.);
#5986 = ORIENTED_EDGE('',*,*,#5987,.T.);
#5987 = EDGE_CURVE('',#3446,#5962,#5988,.T.);
#5988 = LINE('',#5989,#5990);
#5989 = CARTESIAN_POINT('',(-9.E-02,0.2,-3.));
#5990 = VECTOR('',#5991,1.);
#5991 = DIRECTION('',(0.,2.22044604925E-16,1.));
#5992 = ORIENTED_EDGE('',*,*,#5961,.F.);
#5993 = PLANE('',#5994);
#5994 = AXIS2_PLACEMENT_3D('',#5995,#5996,#5997);
#5995 = CARTESIAN_POINT('',(-9.E-02,-6.661338147751E-16,-3.));
#5996 = DIRECTION('',(1.,0.,0.));
#5997 = DIRECTION('',(0.,2.22044604925E-16,1.));
#5998 = ADVANCED_FACE('',(#5999),#6017,.F.);
#5999 = FACE_BOUND('',#6000,.F.);
#6000 = EDGE_LOOP('',(#6001,#6002,#6010,#6016));
#6001 = ORIENTED_EDGE('',*,*,#854,.T.);
#6002 = ORIENTED_EDGE('',*,*,#6003,.T.);
#6003 = EDGE_CURVE('',#846,#6004,#6006,.T.);
#6004 = VERTEX_POINT('',#6005);
#6005 = CARTESIAN_POINT('',(9.E-02,0.2,-2.625));
#6006 = LINE('',#6007,#6008);
#6007 = CARTESIAN_POINT('',(9.E-02,-5.828670879282E-16,-2.625));
#6008 = VECTOR('',#6009,1.);
#6009 = DIRECTION('',(0.,1.,-2.22044604925E-16));
#6010 = ORIENTED_EDGE('',*,*,#6011,.T.);
#6011 = EDGE_CURVE('',#6004,#3431,#6012,.T.);
#6012 = LINE('',#6013,#6014);
#6013 = CARTESIAN_POINT('',(9.E-02,0.2,-2.625));
#6014 = VECTOR('',#6015,1.);
#6015 = DIRECTION('',(0.,-2.22044604925E-16,-1.));
#6016 = ORIENTED_EDGE('',*,*,#3438,.F.);
#6017 = PLANE('',#6018);
#6018 = AXIS2_PLACEMENT_3D('',#6019,#6020,#6021);
#6019 = CARTESIAN_POINT('',(9.E-02,-5.828670879282E-16,-2.625));
#6020 = DIRECTION('',(-1.,0.,0.));
#6021 = DIRECTION('',(0.,-2.22044604925E-16,-1.));
#6022 = ADVANCED_FACE('',(#6023),#6042,.F.);
#6023 = FACE_BOUND('',#6024,.F.);
#6024 = EDGE_LOOP('',(#6025,#6026,#6034,#6041));
#6025 = ORIENTED_EDGE('',*,*,#845,.F.);
#6026 = ORIENTED_EDGE('',*,*,#6027,.T.);
#6027 = EDGE_CURVE('',#838,#6028,#6030,.T.);
#6028 = VERTEX_POINT('',#6029);
#6029 = CARTESIAN_POINT('',(0.31,0.2,-2.625));
#6030 = LINE('',#6031,#6032);
#6031 = CARTESIAN_POINT('',(0.31,-5.828670879282E-16,-2.625));
#6032 = VECTOR('',#6033,1.);
#6033 = DIRECTION('',(0.,1.,-2.22044604925E-16));
#6034 = ORIENTED_EDGE('',*,*,#6035,.T.);
#6035 = EDGE_CURVE('',#6028,#6004,#6036,.T.);
#6036 = CIRCLE('',#6037,0.11);
#6037 = AXIS2_PLACEMENT_3D('',#6038,#6039,#6040);
#6038 = CARTESIAN_POINT('',(0.2,0.2,-2.625));
#6039 = DIRECTION('',(0.,-1.,2.22044604925E-16));
#6040 = DIRECTION('',(1.,0.,0.));
#6041 = ORIENTED_EDGE('',*,*,#6003,.F.);
#6042 = CYLINDRICAL_SURFACE('',#6043,0.11);
#6043 = AXIS2_PLACEMENT_3D('',#6044,#6045,#6046);
#6044 = CARTESIAN_POINT('',(0.2,-5.828670879282E-16,-2.625));
#6045 = DIRECTION('',(0.,-1.,2.22044604925E-16));
#6046 = DIRECTION('',(1.,0.,0.));
#6047 = ADVANCED_FACE('',(#6048),#6059,.F.);
#6048 = FACE_BOUND('',#6049,.F.);
#6049 = EDGE_LOOP('',(#6050,#6051,#6052,#6058));
#6050 = ORIENTED_EDGE('',*,*,#837,.T.);
#6051 = ORIENTED_EDGE('',*,*,#3422,.T.);
#6052 = ORIENTED_EDGE('',*,*,#6053,.T.);
#6053 = EDGE_CURVE('',#3423,#6028,#6054,.T.);
#6054 = LINE('',#6055,#6056);
#6055 = CARTESIAN_POINT('',(0.31,0.2,-3.));
#6056 = VECTOR('',#6057,1.);
#6057 = DIRECTION('',(0.,2.22044604925E-16,1.));
#6058 = ORIENTED_EDGE('',*,*,#6027,.F.);
#6059 = PLANE('',#6060);
#6060 = AXIS2_PLACEMENT_3D('',#6061,#6062,#6063);
#6061 = CARTESIAN_POINT('',(0.31,-6.661338147751E-16,-3.));
#6062 = DIRECTION('',(1.,0.,0.));
#6063 = DIRECTION('',(0.,2.22044604925E-16,1.));
#6064 = ADVANCED_FACE('',(#6065),#6083,.F.);
#6065 = FACE_BOUND('',#6066,.F.);
#6066 = EDGE_LOOP('',(#6067,#6068,#6076,#6082));
#6067 = ORIENTED_EDGE('',*,*,#821,.T.);
#6068 = ORIENTED_EDGE('',*,*,#6069,.T.);
#6069 = EDGE_CURVE('',#813,#6070,#6072,.T.);
#6070 = VERTEX_POINT('',#6071);
#6071 = CARTESIAN_POINT('',(0.49,0.2,-2.625));
#6072 = LINE('',#6073,#6074);
#6073 = CARTESIAN_POINT('',(0.49,-5.828670879282E-16,-2.625));
#6074 = VECTOR('',#6075,1.);
#6075 = DIRECTION('',(0.,1.,-2.22044604925E-16));
#6076 = ORIENTED_EDGE('',*,*,#6077,.T.);
#6077 = EDGE_CURVE('',#6070,#3408,#6078,.T.);
#6078 = LINE('',#6079,#6080);
#6079 = CARTESIAN_POINT('',(0.49,0.2,-2.625));
#6080 = VECTOR('',#6081,1.);
#6081 = DIRECTION('',(0.,-2.22044604925E-16,-1.));
#6082 = ORIENTED_EDGE('',*,*,#3415,.F.);
#6083 = PLANE('',#6084);
#6084 = AXIS2_PLACEMENT_3D('',#6085,#6086,#6087);
#6085 = CARTESIAN_POINT('',(0.49,-5.828670879282E-16,-2.625));
#6086 = DIRECTION('',(-1.,0.,0.));
#6087 = DIRECTION('',(0.,-2.22044604925E-16,-1.));
#6088 = ADVANCED_FACE('',(#6089),#6108,.F.);
#6089 = FACE_BOUND('',#6090,.F.);
#6090 = EDGE_LOOP('',(#6091,#6092,#6100,#6107));
#6091 = ORIENTED_EDGE('',*,*,#812,.F.);
#6092 = ORIENTED_EDGE('',*,*,#6093,.T.);
#6093 = EDGE_CURVE('',#805,#6094,#6096,.T.);
#6094 = VERTEX_POINT('',#6095);
#6095 = CARTESIAN_POINT('',(0.71,0.2,-2.625));
#6096 = LINE('',#6097,#6098);
#6097 = CARTESIAN_POINT('',(0.71,-5.828670879282E-16,-2.625));
#6098 = VECTOR('',#6099,1.);
#6099 = DIRECTION('',(0.,1.,-2.22044604925E-16));
#6100 = ORIENTED_EDGE('',*,*,#6101,.T.);
#6101 = EDGE_CURVE('',#6094,#6070,#6102,.T.);
#6102 = CIRCLE('',#6103,0.11);
#6103 = AXIS2_PLACEMENT_3D('',#6104,#6105,#6106);
#6104 = CARTESIAN_POINT('',(0.6,0.2,-2.625));
#6105 = DIRECTION('',(0.,-1.,2.22044604925E-16));
#6106 = DIRECTION('',(1.,0.,0.));
#6107 = ORIENTED_EDGE('',*,*,#6069,.F.);
#6108 = CYLINDRICAL_SURFACE('',#6109,0.11);
#6109 = AXIS2_PLACEMENT_3D('',#6110,#6111,#6112);
#6110 = CARTESIAN_POINT('',(0.6,-5.828670879282E-16,-2.625));
#6111 = DIRECTION('',(0.,-1.,2.22044604925E-16));
#6112 = DIRECTION('',(1.,0.,0.));
#6113 = ADVANCED_FACE('',(#6114),#6125,.F.);
#6114 = FACE_BOUND('',#6115,.F.);
#6115 = EDGE_LOOP('',(#6116,#6117,#6118,#6124));
#6116 = ORIENTED_EDGE('',*,*,#804,.T.);
#6117 = ORIENTED_EDGE('',*,*,#3399,.T.);
#6118 = ORIENTED_EDGE('',*,*,#6119,.T.);
#6119 = EDGE_CURVE('',#3400,#6094,#6120,.T.);
#6120 = LINE('',#6121,#6122);
#6121 = CARTESIAN_POINT('',(0.71,0.2,-3.));
#6122 = VECTOR('',#6123,1.);
#6123 = DIRECTION('',(0.,2.22044604925E-16,1.));
#6124 = ORIENTED_EDGE('',*,*,#6093,.F.);
#6125 = PLANE('',#6126);
#6126 = AXIS2_PLACEMENT_3D('',#6127,#6128,#6129);
#6127 = CARTESIAN_POINT('',(0.71,-6.661338147751E-16,-3.));
#6128 = DIRECTION('',(1.,0.,0.));
#6129 = DIRECTION('',(0.,2.22044604925E-16,1.));
#6130 = ADVANCED_FACE('',(#6131),#6149,.F.);
#6131 = FACE_BOUND('',#6132,.F.);
#6132 = EDGE_LOOP('',(#6133,#6134,#6142,#6148));
#6133 = ORIENTED_EDGE('',*,*,#788,.T.);
#6134 = ORIENTED_EDGE('',*,*,#6135,.T.);
#6135 = EDGE_CURVE('',#780,#6136,#6138,.T.);
#6136 = VERTEX_POINT('',#6137);
#6137 = CARTESIAN_POINT('',(0.89,0.2,-2.625));
#6138 = LINE('',#6139,#6140);
#6139 = CARTESIAN_POINT('',(0.89,-5.828670879282E-16,-2.625));
#6140 = VECTOR('',#6141,1.);
#6141 = DIRECTION('',(0.,1.,-2.22044604925E-16));
#6142 = ORIENTED_EDGE('',*,*,#6143,.T.);
#6143 = EDGE_CURVE('',#6136,#3385,#6144,.T.);
#6144 = LINE('',#6145,#6146);
#6145 = CARTESIAN_POINT('',(0.89,0.2,-2.625));
#6146 = VECTOR('',#6147,1.);
#6147 = DIRECTION('',(0.,-2.22044604925E-16,-1.));
#6148 = ORIENTED_EDGE('',*,*,#3392,.F.);
#6149 = PLANE('',#6150);
#6150 = AXIS2_PLACEMENT_3D('',#6151,#6152,#6153);
#6151 = CARTESIAN_POINT('',(0.89,-5.828670879282E-16,-2.625));
#6152 = DIRECTION('',(-1.,0.,0.));
#6153 = DIRECTION('',(0.,-2.22044604925E-16,-1.));
#6154 = ADVANCED_FACE('',(#6155),#6174,.F.);
#6155 = FACE_BOUND('',#6156,.F.);
#6156 = EDGE_LOOP('',(#6157,#6158,#6166,#6173));
#6157 = ORIENTED_EDGE('',*,*,#779,.F.);
#6158 = ORIENTED_EDGE('',*,*,#6159,.T.);
#6159 = EDGE_CURVE('',#772,#6160,#6162,.T.);
#6160 = VERTEX_POINT('',#6161);
#6161 = CARTESIAN_POINT('',(1.11,0.2,-2.625));
#6162 = LINE('',#6163,#6164);
#6163 = CARTESIAN_POINT('',(1.11,-5.828670879282E-16,-2.625));
#6164 = VECTOR('',#6165,1.);
#6165 = DIRECTION('',(0.,1.,-2.22044604925E-16));
#6166 = ORIENTED_EDGE('',*,*,#6167,.T.);
#6167 = EDGE_CURVE('',#6160,#6136,#6168,.T.);
#6168 = CIRCLE('',#6169,0.11);
#6169 = AXIS2_PLACEMENT_3D('',#6170,#6171,#6172);
#6170 = CARTESIAN_POINT('',(1.,0.2,-2.625));
#6171 = DIRECTION('',(0.,-1.,2.22044604925E-16));
#6172 = DIRECTION('',(1.,0.,0.));
#6173 = ORIENTED_EDGE('',*,*,#6135,.F.);
#6174 = CYLINDRICAL_SURFACE('',#6175,0.11);
#6175 = AXIS2_PLACEMENT_3D('',#6176,#6177,#6178);
#6176 = CARTESIAN_POINT('',(1.,-5.828670879282E-16,-2.625));
#6177 = DIRECTION('',(0.,-1.,2.22044604925E-16));
#6178 = DIRECTION('',(1.,0.,0.));
#6179 = ADVANCED_FACE('',(#6180),#6191,.F.);
#6180 = FACE_BOUND('',#6181,.F.);
#6181 = EDGE_LOOP('',(#6182,#6183,#6184,#6190));
#6182 = ORIENTED_EDGE('',*,*,#771,.T.);
#6183 = ORIENTED_EDGE('',*,*,#3376,.T.);
#6184 = ORIENTED_EDGE('',*,*,#6185,.T.);
#6185 = EDGE_CURVE('',#3377,#6160,#6186,.T.);
#6186 = LINE('',#6187,#6188);
#6187 = CARTESIAN_POINT('',(1.11,0.2,-3.));
#6188 = VECTOR('',#6189,1.);
#6189 = DIRECTION('',(0.,2.22044604925E-16,1.));
#6190 = ORIENTED_EDGE('',*,*,#6159,.F.);
#6191 = PLANE('',#6192);
#6192 = AXIS2_PLACEMENT_3D('',#6193,#6194,#6195);
#6193 = CARTESIAN_POINT('',(1.11,-6.661338147751E-16,-3.));
#6194 = DIRECTION('',(1.,0.,0.));
#6195 = DIRECTION('',(0.,2.22044604925E-16,1.));
#6196 = ADVANCED_FACE('',(#6197),#6215,.F.);
#6197 = FACE_BOUND('',#6198,.F.);
#6198 = EDGE_LOOP('',(#6199,#6200,#6208,#6214));
#6199 = ORIENTED_EDGE('',*,*,#755,.T.);
#6200 = ORIENTED_EDGE('',*,*,#6201,.T.);
#6201 = EDGE_CURVE('',#747,#6202,#6204,.T.);
#6202 = VERTEX_POINT('',#6203);
#6203 = CARTESIAN_POINT('',(1.29,0.2,-2.625));
#6204 = LINE('',#6205,#6206);
#6205 = CARTESIAN_POINT('',(1.29,-5.828670879282E-16,-2.625));
#6206 = VECTOR('',#6207,1.);
#6207 = DIRECTION('',(0.,1.,-2.22044604925E-16));
#6208 = ORIENTED_EDGE('',*,*,#6209,.T.);
#6209 = EDGE_CURVE('',#6202,#3362,#6210,.T.);
#6210 = LINE('',#6211,#6212);
#6211 = CARTESIAN_POINT('',(1.29,0.2,-2.625));
#6212 = VECTOR('',#6213,1.);
#6213 = DIRECTION('',(0.,-2.22044604925E-16,-1.));
#6214 = ORIENTED_EDGE('',*,*,#3369,.F.);
#6215 = PLANE('',#6216);
#6216 = AXIS2_PLACEMENT_3D('',#6217,#6218,#6219);
#6217 = CARTESIAN_POINT('',(1.29,-5.828670879282E-16,-2.625));
#6218 = DIRECTION('',(-1.,0.,0.));
#6219 = DIRECTION('',(0.,-2.22044604925E-16,-1.));
#6220 = ADVANCED_FACE('',(#6221),#6240,.F.);
#6221 = FACE_BOUND('',#6222,.F.);
#6222 = EDGE_LOOP('',(#6223,#6224,#6232,#6239));
#6223 = ORIENTED_EDGE('',*,*,#746,.F.);
#6224 = ORIENTED_EDGE('',*,*,#6225,.T.);
#6225 = EDGE_CURVE('',#739,#6226,#6228,.T.);
#6226 = VERTEX_POINT('',#6227);
#6227 = CARTESIAN_POINT('',(1.51,0.2,-2.625));
#6228 = LINE('',#6229,#6230);
#6229 = CARTESIAN_POINT('',(1.51,-5.828670879282E-16,-2.625));
#6230 = VECTOR('',#6231,1.);
#6231 = DIRECTION('',(0.,1.,-2.22044604925E-16));
#6232 = ORIENTED_EDGE('',*,*,#6233,.T.);
#6233 = EDGE_CURVE('',#6226,#6202,#6234,.T.);
#6234 = CIRCLE('',#6235,0.11);
#6235 = AXIS2_PLACEMENT_3D('',#6236,#6237,#6238);
#6236 = CARTESIAN_POINT('',(1.4,0.2,-2.625));
#6237 = DIRECTION('',(0.,-1.,2.22044604925E-16));
#6238 = DIRECTION('',(1.,0.,0.));
#6239 = ORIENTED_EDGE('',*,*,#6201,.F.);
#6240 = CYLINDRICAL_SURFACE('',#6241,0.11);
#6241 = AXIS2_PLACEMENT_3D('',#6242,#6243,#6244);
#6242 = CARTESIAN_POINT('',(1.4,-5.828670879282E-16,-2.625));
#6243 = DIRECTION('',(0.,-1.,2.22044604925E-16));
#6244 = DIRECTION('',(1.,0.,0.));
#6245 = ADVANCED_FACE('',(#6246),#6257,.F.);
#6246 = FACE_BOUND('',#6247,.F.);
#6247 = EDGE_LOOP('',(#6248,#6249,#6250,#6256));
#6248 = ORIENTED_EDGE('',*,*,#738,.T.);
#6249 = ORIENTED_EDGE('',*,*,#3353,.T.);
#6250 = ORIENTED_EDGE('',*,*,#6251,.T.);
#6251 = EDGE_CURVE('',#3354,#6226,#6252,.T.);
#6252 = LINE('',#6253,#6254);
#6253 = CARTESIAN_POINT('',(1.51,0.2,-3.));
#6254 = VECTOR('',#6255,1.);
#6255 = DIRECTION('',(0.,2.22044604925E-16,1.));
#6256 = ORIENTED_EDGE('',*,*,#6225,.F.);
#6257 = PLANE('',#6258);
#6258 = AXIS2_PLACEMENT_3D('',#6259,#6260,#6261);
#6259 = CARTESIAN_POINT('',(1.51,-6.661338147751E-16,-3.));
#6260 = DIRECTION('',(1.,0.,0.));
#6261 = DIRECTION('',(0.,2.22044604925E-16,1.));
#6262 = ADVANCED_FACE('',(#6263),#6281,.F.);
#6263 = FACE_BOUND('',#6264,.F.);
#6264 = EDGE_LOOP('',(#6265,#6266,#6274,#6280));
#6265 = ORIENTED_EDGE('',*,*,#722,.T.);
#6266 = ORIENTED_EDGE('',*,*,#6267,.T.);
#6267 = EDGE_CURVE('',#714,#6268,#6270,.T.);
#6268 = VERTEX_POINT('',#6269);
#6269 = CARTESIAN_POINT('',(1.69,0.2,-2.625));
#6270 = LINE('',#6271,#6272);
#6271 = CARTESIAN_POINT('',(1.69,-5.828670879282E-16,-2.625));
#6272 = VECTOR('',#6273,1.);
#6273 = DIRECTION('',(0.,1.,-2.22044604925E-16));
#6274 = ORIENTED_EDGE('',*,*,#6275,.T.);
#6275 = EDGE_CURVE('',#6268,#3339,#6276,.T.);
#6276 = LINE('',#6277,#6278);
#6277 = CARTESIAN_POINT('',(1.69,0.2,-2.625));
#6278 = VECTOR('',#6279,1.);
#6279 = DIRECTION('',(0.,-2.22044604925E-16,-1.));
#6280 = ORIENTED_EDGE('',*,*,#3346,.F.);
#6281 = PLANE('',#6282);
#6282 = AXIS2_PLACEMENT_3D('',#6283,#6284,#6285);
#6283 = CARTESIAN_POINT('',(1.69,-5.828670879282E-16,-2.625));
#6284 = DIRECTION('',(-1.,0.,0.));
#6285 = DIRECTION('',(0.,-2.22044604925E-16,-1.));
#6286 = ADVANCED_FACE('',(#6287),#6306,.F.);
#6287 = FACE_BOUND('',#6288,.F.);
#6288 = EDGE_LOOP('',(#6289,#6290,#6298,#6305));
#6289 = ORIENTED_EDGE('',*,*,#713,.F.);
#6290 = ORIENTED_EDGE('',*,*,#6291,.T.);
#6291 = EDGE_CURVE('',#706,#6292,#6294,.T.);
#6292 = VERTEX_POINT('',#6293);
#6293 = CARTESIAN_POINT('',(1.91,0.2,-2.625));
#6294 = LINE('',#6295,#6296);
#6295 = CARTESIAN_POINT('',(1.91,-5.828670879282E-16,-2.625));
#6296 = VECTOR('',#6297,1.);
#6297 = DIRECTION('',(0.,1.,-2.22044604925E-16));
#6298 = ORIENTED_EDGE('',*,*,#6299,.T.);
#6299 = EDGE_CURVE('',#6292,#6268,#6300,.T.);
#6300 = CIRCLE('',#6301,0.11);
#6301 = AXIS2_PLACEMENT_3D('',#6302,#6303,#6304);
#6302 = CARTESIAN_POINT('',(1.8,0.2,-2.625));
#6303 = DIRECTION('',(0.,-1.,2.22044604925E-16));
#6304 = DIRECTION('',(1.,0.,0.));
#6305 = ORIENTED_EDGE('',*,*,#6267,.F.);
#6306 = CYLINDRICAL_SURFACE('',#6307,0.11);
#6307 = AXIS2_PLACEMENT_3D('',#6308,#6309,#6310);
#6308 = CARTESIAN_POINT('',(1.8,-5.828670879282E-16,-2.625));
#6309 = DIRECTION('',(0.,-1.,2.22044604925E-16));
#6310 = DIRECTION('',(1.,0.,0.));
#6311 = ADVANCED_FACE('',(#6312),#6323,.F.);
#6312 = FACE_BOUND('',#6313,.F.);
#6313 = EDGE_LOOP('',(#6314,#6315,#6316,#6322));
#6314 = ORIENTED_EDGE('',*,*,#705,.T.);
#6315 = ORIENTED_EDGE('',*,*,#3330,.T.);
#6316 = ORIENTED_EDGE('',*,*,#6317,.T.);
#6317 = EDGE_CURVE('',#3331,#6292,#6318,.T.);
#6318 = LINE('',#6319,#6320);
#6319 = CARTESIAN_POINT('',(1.91,0.2,-3.));
#6320 = VECTOR('',#6321,1.);
#6321 = DIRECTION('',(0.,2.22044604925E-16,1.));
#6322 = ORIENTED_EDGE('',*,*,#6291,.F.);
#6323 = PLANE('',#6324);
#6324 = AXIS2_PLACEMENT_3D('',#6325,#6326,#6327);
#6325 = CARTESIAN_POINT('',(1.91,-6.661338147751E-16,-3.));
#6326 = DIRECTION('',(1.,0.,0.));
#6327 = DIRECTION('',(0.,2.22044604925E-16,1.));
#6328 = ADVANCED_FACE('',(#6329),#6347,.F.);
#6329 = FACE_BOUND('',#6330,.F.);
#6330 = EDGE_LOOP('',(#6331,#6332,#6340,#6346));
#6331 = ORIENTED_EDGE('',*,*,#689,.T.);
#6332 = ORIENTED_EDGE('',*,*,#6333,.T.);
#6333 = EDGE_CURVE('',#681,#6334,#6336,.T.);
#6334 = VERTEX_POINT('',#6335);
#6335 = CARTESIAN_POINT('',(2.09,0.2,-2.625));
#6336 = LINE('',#6337,#6338);
#6337 = CARTESIAN_POINT('',(2.09,-5.828670879282E-16,-2.625));
#6338 = VECTOR('',#6339,1.);
#6339 = DIRECTION('',(0.,1.,-2.22044604925E-16));
#6340 = ORIENTED_EDGE('',*,*,#6341,.T.);
#6341 = EDGE_CURVE('',#6334,#3316,#6342,.T.);
#6342 = LINE('',#6343,#6344);
#6343 = CARTESIAN_POINT('',(2.09,0.2,-2.625));
#6344 = VECTOR('',#6345,1.);
#6345 = DIRECTION('',(0.,-2.22044604925E-16,-1.));
#6346 = ORIENTED_EDGE('',*,*,#3323,.F.);
#6347 = PLANE('',#6348);
#6348 = AXIS2_PLACEMENT_3D('',#6349,#6350,#6351);
#6349 = CARTESIAN_POINT('',(2.09,-5.828670879282E-16,-2.625));
#6350 = DIRECTION('',(-1.,0.,0.));
#6351 = DIRECTION('',(0.,-2.22044604925E-16,-1.));
#6352 = ADVANCED_FACE('',(#6353),#6372,.F.);
#6353 = FACE_BOUND('',#6354,.F.);
#6354 = EDGE_LOOP('',(#6355,#6356,#6364,#6371));
#6355 = ORIENTED_EDGE('',*,*,#680,.F.);
#6356 = ORIENTED_EDGE('',*,*,#6357,.T.);
#6357 = EDGE_CURVE('',#673,#6358,#6360,.T.);
#6358 = VERTEX_POINT('',#6359);
#6359 = CARTESIAN_POINT('',(2.31,0.2,-2.625));
#6360 = LINE('',#6361,#6362);
#6361 = CARTESIAN_POINT('',(2.31,-5.828670879282E-16,-2.625));
#6362 = VECTOR('',#6363,1.);
#6363 = DIRECTION('',(0.,1.,-2.22044604925E-16));
#6364 = ORIENTED_EDGE('',*,*,#6365,.T.);
#6365 = EDGE_CURVE('',#6358,#6334,#6366,.T.);
#6366 = CIRCLE('',#6367,0.11);
#6367 = AXIS2_PLACEMENT_3D('',#6368,#6369,#6370);
#6368 = CARTESIAN_POINT('',(2.2,0.2,-2.625));
#6369 = DIRECTION('',(0.,-1.,2.22044604925E-16));
#6370 = DIRECTION('',(1.,0.,0.));
#6371 = ORIENTED_EDGE('',*,*,#6333,.F.);
#6372 = CYLINDRICAL_SURFACE('',#6373,0.11);
#6373 = AXIS2_PLACEMENT_3D('',#6374,#6375,#6376);
#6374 = CARTESIAN_POINT('',(2.2,-5.828670879282E-16,-2.625));
#6375 = DIRECTION('',(0.,-1.,2.22044604925E-16));
#6376 = DIRECTION('',(1.,0.,0.));
#6377 = ADVANCED_FACE('',(#6378),#6389,.F.);
#6378 = FACE_BOUND('',#6379,.F.);
#6379 = EDGE_LOOP('',(#6380,#6381,#6382,#6388));
#6380 = ORIENTED_EDGE('',*,*,#672,.T.);
#6381 = ORIENTED_EDGE('',*,*,#3307,.T.);
#6382 = ORIENTED_EDGE('',*,*,#6383,.T.);
#6383 = EDGE_CURVE('',#3308,#6358,#6384,.T.);
#6384 = LINE('',#6385,#6386);
#6385 = CARTESIAN_POINT('',(2.31,0.2,-3.));
#6386 = VECTOR('',#6387,1.);
#6387 = DIRECTION('',(0.,2.22044604925E-16,1.));
#6388 = ORIENTED_EDGE('',*,*,#6357,.F.);
#6389 = PLANE('',#6390);
#6390 = AXIS2_PLACEMENT_3D('',#6391,#6392,#6393);
#6391 = CARTESIAN_POINT('',(2.31,-6.661338147751E-16,-3.));
#6392 = DIRECTION('',(1.,0.,0.));
#6393 = DIRECTION('',(0.,2.22044604925E-16,1.));
#6394 = ADVANCED_FACE('',(#6395),#6401,.F.);
#6395 = FACE_BOUND('',#6396,.F.);
#6396 = EDGE_LOOP('',(#6397,#6398,#6399,#6400));
#6397 = ORIENTED_EDGE('',*,*,#3240,.T.);
#6398 = ORIENTED_EDGE('',*,*,#3736,.T.);
#6399 = ORIENTED_EDGE('',*,*,#3767,.F.);
#6400 = ORIENTED_EDGE('',*,*,#3785,.T.);
#6401 = PLANE('',#6402);
#6402 = AXIS2_PLACEMENT_3D('',#6403,#6404,#6405);
#6403 = CARTESIAN_POINT('',(2.2,0.2,2.780513219406));
#6404 = DIRECTION('',(0.,1.,0.));
#6405 = DIRECTION('',(0.,0.,1.));
#6406 = ADVANCED_FACE('',(#6407),#6413,.F.);
#6407 = FACE_BOUND('',#6408,.F.);
#6408 = EDGE_LOOP('',(#6409,#6410,#6411,#6412));
#6409 = ORIENTED_EDGE('',*,*,#3217,.T.);
#6410 = ORIENTED_EDGE('',*,*,#3802,.T.);
#6411 = ORIENTED_EDGE('',*,*,#3833,.F.);
#6412 = ORIENTED_EDGE('',*,*,#3851,.T.);
#6413 = PLANE('',#6414);
#6414 = AXIS2_PLACEMENT_3D('',#6415,#6416,#6417);
#6415 = CARTESIAN_POINT('',(1.8,0.2,2.780513219406));
#6416 = DIRECTION('',(0.,1.,0.));
#6417 = DIRECTION('',(0.,0.,1.));
#6418 = ADVANCED_FACE('',(#6419),#6425,.F.);
#6419 = FACE_BOUND('',#6420,.F.);
#6420 = EDGE_LOOP('',(#6421,#6422,#6423,#6424));
#6421 = ORIENTED_EDGE('',*,*,#3194,.T.);
#6422 = ORIENTED_EDGE('',*,*,#3868,.T.);
#6423 = ORIENTED_EDGE('',*,*,#3899,.F.);
#6424 = ORIENTED_EDGE('',*,*,#3917,.T.);
#6425 = PLANE('',#6426);
#6426 = AXIS2_PLACEMENT_3D('',#6427,#6428,#6429);
#6427 = CARTESIAN_POINT('',(1.4,0.2,2.780513219406));
#6428 = DIRECTION('',(0.,1.,0.));
#6429 = DIRECTION('',(0.,0.,1.));
#6430 = ADVANCED_FACE('',(#6431),#6437,.F.);
#6431 = FACE_BOUND('',#6432,.F.);
#6432 = EDGE_LOOP('',(#6433,#6434,#6435,#6436));
#6433 = ORIENTED_EDGE('',*,*,#3171,.T.);
#6434 = ORIENTED_EDGE('',*,*,#3934,.T.);
#6435 = ORIENTED_EDGE('',*,*,#3965,.F.);
#6436 = ORIENTED_EDGE('',*,*,#3983,.T.);
#6437 = PLANE('',#6438);
#6438 = AXIS2_PLACEMENT_3D('',#6439,#6440,#6441);
#6439 = CARTESIAN_POINT('',(1.,0.2,2.780513219406));
#6440 = DIRECTION('',(0.,1.,0.));
#6441 = DIRECTION('',(0.,0.,1.));
#6442 = ADVANCED_FACE('',(#6443),#6449,.F.);
#6443 = FACE_BOUND('',#6444,.F.);
#6444 = EDGE_LOOP('',(#6445,#6446,#6447,#6448));
#6445 = ORIENTED_EDGE('',*,*,#3148,.T.);
#6446 = ORIENTED_EDGE('',*,*,#4000,.T.);
#6447 = ORIENTED_EDGE('',*,*,#4031,.F.);
#6448 = ORIENTED_EDGE('',*,*,#4049,.T.);
#6449 = PLANE('',#6450);
#6450 = AXIS2_PLACEMENT_3D('',#6451,#6452,#6453);
#6451 = CARTESIAN_POINT('',(0.6,0.2,2.780513219406));
#6452 = DIRECTION('',(0.,1.,0.));
#6453 = DIRECTION('',(0.,0.,1.));
#6454 = ADVANCED_FACE('',(#6455),#6461,.F.);
#6455 = FACE_BOUND('',#6456,.F.);
#6456 = EDGE_LOOP('',(#6457,#6458,#6459,#6460));
#6457 = ORIENTED_EDGE('',*,*,#3125,.T.);
#6458 = ORIENTED_EDGE('',*,*,#4066,.T.);
#6459 = ORIENTED_EDGE('',*,*,#4097,.F.);
#6460 = ORIENTED_EDGE('',*,*,#4115,.T.);
#6461 = PLANE('',#6462);
#6462 = AXIS2_PLACEMENT_3D('',#6463,#6464,#6465);
#6463 = CARTESIAN_POINT('',(0.2,0.2,2.780513219406));
#6464 = DIRECTION('',(0.,1.,0.));
#6465 = DIRECTION('',(0.,0.,1.));
#6466 = ADVANCED_FACE('',(#6467),#6473,.F.);
#6467 = FACE_BOUND('',#6468,.F.);
#6468 = EDGE_LOOP('',(#6469,#6470,#6471,#6472));
#6469 = ORIENTED_EDGE('',*,*,#3102,.T.);
#6470 = ORIENTED_EDGE('',*,*,#4132,.T.);
#6471 = ORIENTED_EDGE('',*,*,#4163,.F.);
#6472 = ORIENTED_EDGE('',*,*,#4181,.T.);
#6473 = PLANE('',#6474);
#6474 = AXIS2_PLACEMENT_3D('',#6475,#6476,#6477);
#6475 = CARTESIAN_POINT('',(-0.2,0.2,2.780513219406));
#6476 = DIRECTION('',(0.,1.,0.));
#6477 = DIRECTION('',(0.,0.,1.));
#6478 = ADVANCED_FACE('',(#6479),#6485,.F.);
#6479 = FACE_BOUND('',#6480,.F.);
#6480 = EDGE_LOOP('',(#6481,#6482,#6483,#6484));
#6481 = ORIENTED_EDGE('',*,*,#3079,.T.);
#6482 = ORIENTED_EDGE('',*,*,#4198,.T.);
#6483 = ORIENTED_EDGE('',*,*,#4229,.F.);
#6484 = ORIENTED_EDGE('',*,*,#4247,.T.);
#6485 = PLANE('',#6486);
#6486 = AXIS2_PLACEMENT_3D('',#6487,#6488,#6489);
#6487 = CARTESIAN_POINT('',(-0.6,0.2,2.780513219406));
#6488 = DIRECTION('',(0.,1.,0.));
#6489 = DIRECTION('',(0.,0.,1.));
#6490 = ADVANCED_FACE('',(#6491),#6497,.F.);
#6491 = FACE_BOUND('',#6492,.F.);
#6492 = EDGE_LOOP('',(#6493,#6494,#6495,#6496));
#6493 = ORIENTED_EDGE('',*,*,#3056,.T.);
#6494 = ORIENTED_EDGE('',*,*,#4264,.T.);
#6495 = ORIENTED_EDGE('',*,*,#4295,.F.);
#6496 = ORIENTED_EDGE('',*,*,#4313,.T.);
#6497 = PLANE('',#6498);
#6498 = AXIS2_PLACEMENT_3D('',#6499,#6500,#6501);
#6499 = CARTESIAN_POINT('',(-1.,0.2,2.780513219406));
#6500 = DIRECTION('',(0.,1.,0.));
#6501 = DIRECTION('',(0.,0.,1.));
#6502 = ADVANCED_FACE('',(#6503),#6509,.F.);
#6503 = FACE_BOUND('',#6504,.F.);
#6504 = EDGE_LOOP('',(#6505,#6506,#6507,#6508));
#6505 = ORIENTED_EDGE('',*,*,#3033,.T.);
#6506 = ORIENTED_EDGE('',*,*,#4330,.T.);
#6507 = ORIENTED_EDGE('',*,*,#4361,.F.);
#6508 = ORIENTED_EDGE('',*,*,#4379,.T.);
#6509 = PLANE('',#6510);
#6510 = AXIS2_PLACEMENT_3D('',#6511,#6512,#6513);
#6511 = CARTESIAN_POINT('',(-1.4,0.2,2.780513219406));
#6512 = DIRECTION('',(0.,1.,0.));
#6513 = DIRECTION('',(0.,0.,1.));
#6514 = ADVANCED_FACE('',(#6515),#6521,.F.);
#6515 = FACE_BOUND('',#6516,.F.);
#6516 = EDGE_LOOP('',(#6517,#6518,#6519,#6520));
#6517 = ORIENTED_EDGE('',*,*,#3010,.T.);
#6518 = ORIENTED_EDGE('',*,*,#4396,.T.);
#6519 = ORIENTED_EDGE('',*,*,#4427,.F.);
#6520 = ORIENTED_EDGE('',*,*,#4445,.T.);
#6521 = PLANE('',#6522);
#6522 = AXIS2_PLACEMENT_3D('',#6523,#6524,#6525);
#6523 = CARTESIAN_POINT('',(-1.8,0.2,2.780513219406));
#6524 = DIRECTION('',(0.,1.,0.));
#6525 = DIRECTION('',(0.,0.,1.));
#6526 = ADVANCED_FACE('',(#6527),#6533,.F.);
#6527 = FACE_BOUND('',#6528,.F.);
#6528 = EDGE_LOOP('',(#6529,#6530,#6531,#6532));
#6529 = ORIENTED_EDGE('',*,*,#2987,.T.);
#6530 = ORIENTED_EDGE('',*,*,#4462,.T.);
#6531 = ORIENTED_EDGE('',*,*,#4493,.F.);
#6532 = ORIENTED_EDGE('',*,*,#4511,.T.);
#6533 = PLANE('',#6534);
#6534 = AXIS2_PLACEMENT_3D('',#6535,#6536,#6537);
#6535 = CARTESIAN_POINT('',(-2.2,0.2,2.780513219406));
#6536 = DIRECTION('',(0.,1.,0.));
#6537 = DIRECTION('',(0.,0.,1.));
#6538 = ADVANCED_FACE('',(#6539),#6558,.F.);
#6539 = FACE_BOUND('',#6540,.F.);
#6540 = EDGE_LOOP('',(#6541,#6549,#6556,#6557));
#6541 = ORIENTED_EDGE('',*,*,#6542,.T.);
#6542 = EDGE_CURVE('',#3281,#6543,#6545,.T.);
#6543 = VERTEX_POINT('',#6544);
#6544 = CARTESIAN_POINT('',(-1.842857142857,0.999,-2.142857142857));
#6545 = LINE('',#6546,#6547);
#6546 = CARTESIAN_POINT('',(-1.842857142857,1.,-2.142857142857));
#6547 = VECTOR('',#6548,1.);
#6548 = DIRECTION('',(0.,-1.,-2.22044604925E-16));
#6549 = ORIENTED_EDGE('',*,*,#6550,.T.);
#6550 = EDGE_CURVE('',#6543,#6543,#6551,.T.);
#6551 = CIRCLE('',#6552,0.3);
#6552 = AXIS2_PLACEMENT_3D('',#6553,#6554,#6555);
#6553 = CARTESIAN_POINT('',(-2.142857142857,0.999,-2.142857142857));
#6554 = DIRECTION('',(-0.,1.,2.22044604925E-16));
#6555 = DIRECTION('',(1.,0.,0.));
#6556 = ORIENTED_EDGE('',*,*,#6542,.F.);
#6557 = ORIENTED_EDGE('',*,*,#3280,.F.);
#6558 = CYLINDRICAL_SURFACE('',#6559,0.3);
#6559 = AXIS2_PLACEMENT_3D('',#6560,#6561,#6562);
#6560 = CARTESIAN_POINT('',(-2.142857142857,1.,-2.142857142857));
#6561 = DIRECTION('',(0.,1.,2.22044604925E-16));
#6562 = DIRECTION('',(1.,0.,0.));
#6563 = ADVANCED_FACE('',(#6564),#6570,.F.);
#6564 = FACE_BOUND('',#6565,.T.);
#6565 = EDGE_LOOP('',(#6566,#6567,#6568,#6569));
#6566 = ORIENTED_EDGE('',*,*,#5657,.T.);
#6567 = ORIENTED_EDGE('',*,*,#5639,.T.);
#6568 = ORIENTED_EDGE('',*,*,#5615,.T.);
#6569 = ORIENTED_EDGE('',*,*,#3568,.T.);
#6570 = PLANE('',#6571);
#6571 = AXIS2_PLACEMENT_3D('',#6572,#6573,#6574);
#6572 = CARTESIAN_POINT('',(-2.2,0.2,-2.780513219406));
#6573 = DIRECTION('',(0.,1.,0.));
#6574 = DIRECTION('',(0.,0.,1.));
#6575 = ADVANCED_FACE('',(#6576),#6582,.F.);
#6576 = FACE_BOUND('',#6577,.T.);
#6577 = EDGE_LOOP('',(#6578,#6579,#6580,#6581));
#6578 = ORIENTED_EDGE('',*,*,#5723,.T.);
#6579 = ORIENTED_EDGE('',*,*,#5705,.T.);
#6580 = ORIENTED_EDGE('',*,*,#5681,.T.);
#6581 = ORIENTED_EDGE('',*,*,#3545,.T.);
#6582 = PLANE('',#6583);
#6583 = AXIS2_PLACEMENT_3D('',#6584,#6585,#6586);
#6584 = CARTESIAN_POINT('',(-1.8,0.2,-2.780513219406));
#6585 = DIRECTION('',(0.,1.,0.));
#6586 = DIRECTION('',(0.,0.,1.));
#6587 = ADVANCED_FACE('',(#6588),#6594,.F.);
#6588 = FACE_BOUND('',#6589,.T.);
#6589 = EDGE_LOOP('',(#6590,#6591,#6592,#6593));
#6590 = ORIENTED_EDGE('',*,*,#5789,.T.);
#6591 = ORIENTED_EDGE('',*,*,#5771,.T.);
#6592 = ORIENTED_EDGE('',*,*,#5747,.T.);
#6593 = ORIENTED_EDGE('',*,*,#3522,.T.);
#6594 = PLANE('',#6595);
#6595 = AXIS2_PLACEMENT_3D('',#6596,#6597,#6598);
#6596 = CARTESIAN_POINT('',(-1.4,0.2,-2.780513219406));
#6597 = DIRECTION('',(0.,1.,0.));
#6598 = DIRECTION('',(0.,0.,1.));
#6599 = ADVANCED_FACE('',(#6600),#6606,.F.);
#6600 = FACE_BOUND('',#6601,.T.);
#6601 = EDGE_LOOP('',(#6602,#6603,#6604,#6605));
#6602 = ORIENTED_EDGE('',*,*,#5855,.T.);
#6603 = ORIENTED_EDGE('',*,*,#5837,.T.);
#6604 = ORIENTED_EDGE('',*,*,#5813,.T.);
#6605 = ORIENTED_EDGE('',*,*,#3499,.T.);
#6606 = PLANE('',#6607);
#6607 = AXIS2_PLACEMENT_3D('',#6608,#6609,#6610);
#6608 = CARTESIAN_POINT('',(-1.,0.2,-2.780513219406));
#6609 = DIRECTION('',(0.,1.,0.));
#6610 = DIRECTION('',(0.,0.,1.));
#6611 = ADVANCED_FACE('',(#6612),#6618,.F.);
#6612 = FACE_BOUND('',#6613,.T.);
#6613 = EDGE_LOOP('',(#6614,#6615,#6616,#6617));
#6614 = ORIENTED_EDGE('',*,*,#5921,.T.);
#6615 = ORIENTED_EDGE('',*,*,#5903,.T.);
#6616 = ORIENTED_EDGE('',*,*,#5879,.T.);
#6617 = ORIENTED_EDGE('',*,*,#3476,.T.);
#6618 = PLANE('',#6619);
#6619 = AXIS2_PLACEMENT_3D('',#6620,#6621,#6622);
#6620 = CARTESIAN_POINT('',(-0.6,0.2,-2.780513219406));
#6621 = DIRECTION('',(0.,1.,0.));
#6622 = DIRECTION('',(0.,0.,1.));
#6623 = ADVANCED_FACE('',(#6624),#6630,.F.);
#6624 = FACE_BOUND('',#6625,.T.);
#6625 = EDGE_LOOP('',(#6626,#6627,#6628,#6629));
#6626 = ORIENTED_EDGE('',*,*,#5987,.T.);
#6627 = ORIENTED_EDGE('',*,*,#5969,.T.);
#6628 = ORIENTED_EDGE('',*,*,#5945,.T.);
#6629 = ORIENTED_EDGE('',*,*,#3453,.T.);
#6630 = PLANE('',#6631);
#6631 = AXIS2_PLACEMENT_3D('',#6632,#6633,#6634);
#6632 = CARTESIAN_POINT('',(-0.2,0.2,-2.780513219406));
#6633 = DIRECTION('',(0.,1.,0.));
#6634 = DIRECTION('',(0.,0.,1.));
#6635 = ADVANCED_FACE('',(#6636),#6642,.F.);
#6636 = FACE_BOUND('',#6637,.T.);
#6637 = EDGE_LOOP('',(#6638,#6639,#6640,#6641));
#6638 = ORIENTED_EDGE('',*,*,#6053,.T.);
#6639 = ORIENTED_EDGE('',*,*,#6035,.T.);
#6640 = ORIENTED_EDGE('',*,*,#6011,.T.);
#6641 = ORIENTED_EDGE('',*,*,#3430,.T.);
#6642 = PLANE('',#6643);
#6643 = AXIS2_PLACEMENT_3D('',#6644,#6645,#6646);
#6644 = CARTESIAN_POINT('',(0.2,0.2,-2.780513219406));
#6645 = DIRECTION('',(0.,1.,0.));
#6646 = DIRECTION('',(0.,0.,1.));
#6647 = ADVANCED_FACE('',(#6648),#6654,.F.);
#6648 = FACE_BOUND('',#6649,.T.);
#6649 = EDGE_LOOP('',(#6650,#6651,#6652,#6653));
#6650 = ORIENTED_EDGE('',*,*,#6119,.T.);
#6651 = ORIENTED_EDGE('',*,*,#6101,.T.);
#6652 = ORIENTED_EDGE('',*,*,#6077,.T.);
#6653 = ORIENTED_EDGE('',*,*,#3407,.T.);
#6654 = PLANE('',#6655);
#6655 = AXIS2_PLACEMENT_3D('',#6656,#6657,#6658);
#6656 = CARTESIAN_POINT('',(0.6,0.2,-2.780513219406));
#6657 = DIRECTION('',(0.,1.,0.));
#6658 = DIRECTION('',(0.,0.,1.));
#6659 = ADVANCED_FACE('',(#6660),#6666,.F.);
#6660 = FACE_BOUND('',#6661,.T.);
#6661 = EDGE_LOOP('',(#6662,#6663,#6664,#6665));
#6662 = ORIENTED_EDGE('',*,*,#6185,.T.);
#6663 = ORIENTED_EDGE('',*,*,#6167,.T.);
#6664 = ORIENTED_EDGE('',*,*,#6143,.T.);
#6665 = ORIENTED_EDGE('',*,*,#3384,.T.);
#6666 = PLANE('',#6667);
#6667 = AXIS2_PLACEMENT_3D('',#6668,#6669,#6670);
#6668 = CARTESIAN_POINT('',(1.,0.2,-2.780513219406));
#6669 = DIRECTION('',(0.,1.,0.));
#6670 = DIRECTION('',(0.,0.,1.));
#6671 = ADVANCED_FACE('',(#6672),#6678,.F.);
#6672 = FACE_BOUND('',#6673,.T.);
#6673 = EDGE_LOOP('',(#6674,#6675,#6676,#6677));
#6674 = ORIENTED_EDGE('',*,*,#6251,.T.);
#6675 = ORIENTED_EDGE('',*,*,#6233,.T.);
#6676 = ORIENTED_EDGE('',*,*,#6209,.T.);
#6677 = ORIENTED_EDGE('',*,*,#3361,.T.);
#6678 = PLANE('',#6679);
#6679 = AXIS2_PLACEMENT_3D('',#6680,#6681,#6682);
#6680 = CARTESIAN_POINT('',(1.4,0.2,-2.780513219406));
#6681 = DIRECTION('',(0.,1.,0.));
#6682 = DIRECTION('',(0.,0.,1.));
#6683 = ADVANCED_FACE('',(#6684),#6690,.F.);
#6684 = FACE_BOUND('',#6685,.T.);
#6685 = EDGE_LOOP('',(#6686,#6687,#6688,#6689));
#6686 = ORIENTED_EDGE('',*,*,#6317,.T.);
#6687 = ORIENTED_EDGE('',*,*,#6299,.T.);
#6688 = ORIENTED_EDGE('',*,*,#6275,.T.);
#6689 = ORIENTED_EDGE('',*,*,#3338,.T.);
#6690 = PLANE('',#6691);
#6691 = AXIS2_PLACEMENT_3D('',#6692,#6693,#6694);
#6692 = CARTESIAN_POINT('',(1.8,0.2,-2.780513219406));
#6693 = DIRECTION('',(0.,1.,0.));
#6694 = DIRECTION('',(0.,0.,1.));
#6695 = ADVANCED_FACE('',(#6696),#6702,.F.);
#6696 = FACE_BOUND('',#6697,.T.);
#6697 = EDGE_LOOP('',(#6698,#6699,#6700,#6701));
#6698 = ORIENTED_EDGE('',*,*,#6383,.T.);
#6699 = ORIENTED_EDGE('',*,*,#6365,.T.);
#6700 = ORIENTED_EDGE('',*,*,#6341,.T.);
#6701 = ORIENTED_EDGE('',*,*,#3315,.T.);
#6702 = PLANE('',#6703);
#6703 = AXIS2_PLACEMENT_3D('',#6704,#6705,#6706);
#6704 = CARTESIAN_POINT('',(2.2,0.2,-2.780513219406));
#6705 = DIRECTION('',(0.,1.,0.));
#6706 = DIRECTION('',(0.,0.,1.));
#6707 = ADVANCED_FACE('',(#6708),#6714,.F.);
#6708 = FACE_BOUND('',#6709,.F.);
#6709 = EDGE_LOOP('',(#6710,#6711,#6712,#6713));
#6710 = ORIENTED_EDGE('',*,*,#4792,.T.);
#6711 = ORIENTED_EDGE('',*,*,#4816,.T.);
#6712 = ORIENTED_EDGE('',*,*,#4847,.F.);
#6713 = ORIENTED_EDGE('',*,*,#4865,.T.);
#6714 = PLANE('',#6715);
#6715 = AXIS2_PLACEMENT_3D('',#6716,#6717,#6718);
#6716 = CARTESIAN_POINT('',(-2.780513219406,0.2,2.2));
#6717 = DIRECTION('',(0.,1.,0.));
#6718 = DIRECTION('',(0.,0.,1.));
#6719 = ADVANCED_FACE('',(#6720),#6726,.F.);
#6720 = FACE_BOUND('',#6721,.F.);
#6721 = EDGE_LOOP('',(#6722,#6723,#6724,#6725));
#6722 = ORIENTED_EDGE('',*,*,#4769,.T.);
#6723 = ORIENTED_EDGE('',*,*,#4882,.T.);
#6724 = ORIENTED_EDGE('',*,*,#4913,.F.);
#6725 = ORIENTED_EDGE('',*,*,#4931,.T.);
#6726 = PLANE('',#6727);
#6727 = AXIS2_PLACEMENT_3D('',#6728,#6729,#6730);
#6728 = CARTESIAN_POINT('',(-2.780513219406,0.2,1.8));
#6729 = DIRECTION('',(0.,1.,0.));
#6730 = DIRECTION('',(0.,0.,1.));
#6731 = ADVANCED_FACE('',(#6732),#6738,.F.);
#6732 = FACE_BOUND('',#6733,.F.);
#6733 = EDGE_LOOP('',(#6734,#6735,#6736,#6737));
#6734 = ORIENTED_EDGE('',*,*,#4746,.T.);
#6735 = ORIENTED_EDGE('',*,*,#4948,.T.);
#6736 = ORIENTED_EDGE('',*,*,#4979,.F.);
#6737 = ORIENTED_EDGE('',*,*,#4997,.T.);
#6738 = PLANE('',#6739);
#6739 = AXIS2_PLACEMENT_3D('',#6740,#6741,#6742);
#6740 = CARTESIAN_POINT('',(-2.780513219406,0.2,1.4));
#6741 = DIRECTION('',(0.,1.,0.));
#6742 = DIRECTION('',(0.,0.,1.));
#6743 = ADVANCED_FACE('',(#6744),#6750,.F.);
#6744 = FACE_BOUND('',#6745,.F.);
#6745 = EDGE_LOOP('',(#6746,#6747,#6748,#6749));
#6746 = ORIENTED_EDGE('',*,*,#4723,.T.);
#6747 = ORIENTED_EDGE('',*,*,#5014,.T.);
#6748 = ORIENTED_EDGE('',*,*,#5045,.F.);
#6749 = ORIENTED_EDGE('',*,*,#5063,.T.);
#6750 = PLANE('',#6751);
#6751 = AXIS2_PLACEMENT_3D('',#6752,#6753,#6754);
#6752 = CARTESIAN_POINT('',(-2.780513219406,0.2,1.));
#6753 = DIRECTION('',(0.,1.,0.));
#6754 = DIRECTION('',(0.,0.,1.));
#6755 = ADVANCED_FACE('',(#6756),#6762,.F.);
#6756 = FACE_BOUND('',#6757,.F.);
#6757 = EDGE_LOOP('',(#6758,#6759,#6760,#6761));
#6758 = ORIENTED_EDGE('',*,*,#4700,.T.);
#6759 = ORIENTED_EDGE('',*,*,#5080,.T.);
#6760 = ORIENTED_EDGE('',*,*,#5111,.F.);
#6761 = ORIENTED_EDGE('',*,*,#5129,.T.);
#6762 = PLANE('',#6763);
#6763 = AXIS2_PLACEMENT_3D('',#6764,#6765,#6766);
#6764 = CARTESIAN_POINT('',(-2.780513219406,0.2,0.6));
#6765 = DIRECTION('',(0.,1.,0.));
#6766 = DIRECTION('',(0.,0.,1.));
#6767 = ADVANCED_FACE('',(#6768),#6774,.F.);
#6768 = FACE_BOUND('',#6769,.F.);
#6769 = EDGE_LOOP('',(#6770,#6771,#6772,#6773));
#6770 = ORIENTED_EDGE('',*,*,#4677,.T.);
#6771 = ORIENTED_EDGE('',*,*,#5146,.T.);
#6772 = ORIENTED_EDGE('',*,*,#5177,.F.);
#6773 = ORIENTED_EDGE('',*,*,#5195,.T.);
#6774 = PLANE('',#6775);
#6775 = AXIS2_PLACEMENT_3D('',#6776,#6777,#6778);
#6776 = CARTESIAN_POINT('',(-2.780513219406,0.2,0.2));
#6777 = DIRECTION('',(0.,1.,0.));
#6778 = DIRECTION('',(0.,0.,1.));
#6779 = ADVANCED_FACE('',(#6780),#6786,.F.);
#6780 = FACE_BOUND('',#6781,.F.);
#6781 = EDGE_LOOP('',(#6782,#6783,#6784,#6785));
#6782 = ORIENTED_EDGE('',*,*,#4654,.T.);
#6783 = ORIENTED_EDGE('',*,*,#5212,.T.);
#6784 = ORIENTED_EDGE('',*,*,#5243,.F.);
#6785 = ORIENTED_EDGE('',*,*,#5261,.T.);
#6786 = PLANE('',#6787);
#6787 = AXIS2_PLACEMENT_3D('',#6788,#6789,#6790);
#6788 = CARTESIAN_POINT('',(-2.780513219406,0.2,-0.2));
#6789 = DIRECTION('',(0.,1.,0.));
#6790 = DIRECTION('',(0.,0.,1.));
#6791 = ADVANCED_FACE('',(#6792),#6798,.F.);
#6792 = FACE_BOUND('',#6793,.F.);
#6793 = EDGE_LOOP('',(#6794,#6795,#6796,#6797));
#6794 = ORIENTED_EDGE('',*,*,#4631,.T.);
#6795 = ORIENTED_EDGE('',*,*,#5278,.T.);
#6796 = ORIENTED_EDGE('',*,*,#5309,.F.);
#6797 = ORIENTED_EDGE('',*,*,#5327,.T.);
#6798 = PLANE('',#6799);
#6799 = AXIS2_PLACEMENT_3D('',#6800,#6801,#6802);
#6800 = CARTESIAN_POINT('',(-2.780513219406,0.2,-0.6));
#6801 = DIRECTION('',(0.,1.,0.));
#6802 = DIRECTION('',(0.,0.,1.));
#6803 = ADVANCED_FACE('',(#6804),#6810,.F.);
#6804 = FACE_BOUND('',#6805,.F.);
#6805 = EDGE_LOOP('',(#6806,#6807,#6808,#6809));
#6806 = ORIENTED_EDGE('',*,*,#4608,.T.);
#6807 = ORIENTED_EDGE('',*,*,#5344,.T.);
#6808 = ORIENTED_EDGE('',*,*,#5375,.F.);
#6809 = ORIENTED_EDGE('',*,*,#5393,.T.);
#6810 = PLANE('',#6811);
#6811 = AXIS2_PLACEMENT_3D('',#6812,#6813,#6814);
#6812 = CARTESIAN_POINT('',(-2.780513219406,0.2,-1.));
#6813 = DIRECTION('',(0.,1.,0.));
#6814 = DIRECTION('',(0.,0.,1.));
#6815 = ADVANCED_FACE('',(#6816),#6822,.F.);
#6816 = FACE_BOUND('',#6817,.F.);
#6817 = EDGE_LOOP('',(#6818,#6819,#6820,#6821));
#6818 = ORIENTED_EDGE('',*,*,#4585,.T.);
#6819 = ORIENTED_EDGE('',*,*,#5410,.T.);
#6820 = ORIENTED_EDGE('',*,*,#5441,.F.);
#6821 = ORIENTED_EDGE('',*,*,#5459,.T.);
#6822 = PLANE('',#6823);
#6823 = AXIS2_PLACEMENT_3D('',#6824,#6825,#6826);
#6824 = CARTESIAN_POINT('',(-2.780513219406,0.2,-1.4));
#6825 = DIRECTION('',(0.,1.,0.));
#6826 = DIRECTION('',(0.,0.,1.));
#6827 = ADVANCED_FACE('',(#6828),#6834,.F.);
#6828 = FACE_BOUND('',#6829,.F.);
#6829 = EDGE_LOOP('',(#6830,#6831,#6832,#6833));
#6830 = ORIENTED_EDGE('',*,*,#4562,.T.);
#6831 = ORIENTED_EDGE('',*,*,#5476,.T.);
#6832 = ORIENTED_EDGE('',*,*,#5507,.F.);
#6833 = ORIENTED_EDGE('',*,*,#5525,.T.);
#6834 = PLANE('',#6835);
#6835 = AXIS2_PLACEMENT_3D('',#6836,#6837,#6838);
#6836 = CARTESIAN_POINT('',(-2.780513219406,0.2,-1.8));
#6837 = DIRECTION('',(0.,1.,0.));
#6838 = DIRECTION('',(0.,0.,1.));
#6839 = ADVANCED_FACE('',(#6840),#6846,.F.);
#6840 = FACE_BOUND('',#6841,.F.);
#6841 = EDGE_LOOP('',(#6842,#6843,#6844,#6845));
#6842 = ORIENTED_EDGE('',*,*,#4539,.T.);
#6843 = ORIENTED_EDGE('',*,*,#5542,.T.);
#6844 = ORIENTED_EDGE('',*,*,#5573,.F.);
#6845 = ORIENTED_EDGE('',*,*,#5591,.T.);
#6846 = PLANE('',#6847);
#6847 = AXIS2_PLACEMENT_3D('',#6848,#6849,#6850);
#6848 = CARTESIAN_POINT('',(-2.780513219406,0.2,-2.2));
#6849 = DIRECTION('',(0.,1.,0.));
#6850 = DIRECTION('',(0.,0.,1.));
#6851 = ADVANCED_FACE('',(#6852),#6855,.T.);
#6852 = FACE_BOUND('',#6853,.T.);
#6853 = EDGE_LOOP('',(#6854));
#6854 = ORIENTED_EDGE('',*,*,#6550,.T.);
#6855 = PLANE('',#6856);
#6856 = AXIS2_PLACEMENT_3D('',#6857,#6858,#6859);
#6857 = CARTESIAN_POINT('',(-2.142857142857,0.999,-2.142857142857));
#6858 = DIRECTION('',(0.,1.,0.));
#6859 = DIRECTION('',(0.,0.,1.));
#6860 = ( GEOMETRIC_REPRESENTATION_CONTEXT(3) 
GLOBAL_UNCERTAINTY_ASSIGNED_CONTEXT((#6864)) 
GLOBAL_UNIT_ASSIGNED_CONTEXT((#6861,#6862,#6863)) REPRESENTATION_CONTEXT
('Context #1','3D Context with UNIT and UNCERTAINTY') );
#6861 = ( LENGTH_UNIT() NAMED_UNIT(*) SI_UNIT(.MILLI.,.METRE.) );
#6862 = ( NAMED_UNIT(*) PLANE_ANGLE_UNIT() SI_UNIT($,.RADIAN.) );
#6863 = ( NAMED_UNIT(*) SI_UNIT($,.STERADIAN.) SOLID_ANGLE_UNIT() );
#6864 = UNCERTAINTY_MEASURE_WITH_UNIT(LENGTH_MEASURE(2.E-06),#6861,
  'distance_accuracy_value','confusion accuracy');
#6865 = CONTEXT_DEPENDENT_SHAPE_REPRESENTATION(#6866,#6868);
#6866 = ( REPRESENTATION_RELATIONSHIP('','',#232,#10) 
REPRESENTATION_RELATIONSHIP_WITH_TRANSFORMATION(#6867) 
SHAPE_REPRESENTATION_RELATIONSHIP() );
#6867 = ITEM_DEFINED_TRANSFORMATION('','',#11,#15);
#6868 = PRODUCT_DEFINITION_SHAPE('Placement','Placement of an item',
  #6869);
#6869 = NEXT_ASSEMBLY_USAGE_OCCURRENCE('4403','Body_Solid1','',#5,#227,$
  );
#6870 = PRODUCT_RELATED_PRODUCT_CATEGORY('part',$,(#229));
#6871 = SHAPE_DEFINITION_REPRESENTATION(#6872,#6878);
#6872 = PRODUCT_DEFINITION_SHAPE('','',#6873);
#6873 = PRODUCT_DEFINITION('design','',#6874,#6877);
#6874 = PRODUCT_DEFINITION_FORMATION('','',#6875);
#6875 = PRODUCT('Body001_Solid1','Body001_Solid1','',(#6876));
#6876 = PRODUCT_CONTEXT('',#2,'mechanical');
#6877 = PRODUCT_DEFINITION_CONTEXT('part definition',#2,'design');
#6878 = ADVANCED_BREP_SHAPE_REPRESENTATION('',(#11,#6879),#7031);
#6879 = MANIFOLD_SOLID_BREP('',#6880);
#6880 = CLOSED_SHELL('',(#6881,#6921,#6954,#6985,#7007,#7019));
#6881 = ADVANCED_FACE('',(#6882),#6916,.F.);
#6882 = FACE_BOUND('',#6883,.F.);
#6883 = EDGE_LOOP('',(#6884,#6894,#6902,#6910));
#6884 = ORIENTED_EDGE('',*,*,#6885,.T.);
#6885 = EDGE_CURVE('',#6886,#6888,#6890,.T.);
#6886 = VERTEX_POINT('',#6887);
#6887 = CARTESIAN_POINT('',(2.31,6.661338147751E-16,3.));
#6888 = VERTEX_POINT('',#6889);
#6889 = CARTESIAN_POINT('',(2.31,0.2,3.));
#6890 = LINE('',#6891,#6892);
#6891 = CARTESIAN_POINT('',(2.31,6.661338147751E-16,3.));
#6892 = VECTOR('',#6893,1.);
#6893 = DIRECTION('',(-0.,1.,-2.22044604925E-16));
#6894 = ORIENTED_EDGE('',*,*,#6895,.T.);
#6895 = EDGE_CURVE('',#6888,#6896,#6898,.T.);
#6896 = VERTEX_POINT('',#6897);
#6897 = CARTESIAN_POINT('',(2.31,0.2,2.625));
#6898 = LINE('',#6899,#6900);
#6899 = CARTESIAN_POINT('',(2.31,0.2,3.));
#6900 = VECTOR('',#6901,1.);
#6901 = DIRECTION('',(0.,-2.22044604925E-16,-1.));
#6902 = ORIENTED_EDGE('',*,*,#6903,.F.);
#6903 = EDGE_CURVE('',#6904,#6896,#6906,.T.);
#6904 = VERTEX_POINT('',#6905);
#6905 = CARTESIAN_POINT('',(2.31,5.828670879282E-16,2.625));
#6906 = LINE('',#6907,#6908);
#6907 = CARTESIAN_POINT('',(2.31,5.828670879282E-16,2.625));
#6908 = VECTOR('',#6909,1.);
#6909 = DIRECTION('',(-0.,1.,-2.22044604925E-16));
#6910 = ORIENTED_EDGE('',*,*,#6911,.F.);
#6911 = EDGE_CURVE('',#6886,#6904,#6912,.T.);
#6912 = LINE('',#6913,#6914);
#6913 = CARTESIAN_POINT('',(2.31,6.661338147751E-16,3.));
#6914 = VECTOR('',#6915,1.);
#6915 = DIRECTION('',(0.,-2.22044604925E-16,-1.));
#6916 = PLANE('',#6917);
#6917 = AXIS2_PLACEMENT_3D('',#6918,#6919,#6920);
#6918 = CARTESIAN_POINT('',(2.31,6.661338147751E-16,3.));
#6919 = DIRECTION('',(-1.,-0.,0.));
#6920 = DIRECTION('',(0.,-2.22044604925E-16,-1.));
#6921 = ADVANCED_FACE('',(#6922),#6949,.T.);
#6922 = FACE_BOUND('',#6923,.T.);
#6923 = EDGE_LOOP('',(#6924,#6934,#6941,#6942));
#6924 = ORIENTED_EDGE('',*,*,#6925,.T.);
#6925 = EDGE_CURVE('',#6926,#6928,#6930,.T.);
#6926 = VERTEX_POINT('',#6927);
#6927 = CARTESIAN_POINT('',(2.09,5.828670879282E-16,2.625));
#6928 = VERTEX_POINT('',#6929);
#6929 = CARTESIAN_POINT('',(2.09,0.2,2.625));
#6930 = LINE('',#6931,#6932);
#6931 = CARTESIAN_POINT('',(2.09,5.828670879282E-16,2.625));
#6932 = VECTOR('',#6933,1.);
#6933 = DIRECTION('',(-0.,1.,-2.22044604925E-16));
#6934 = ORIENTED_EDGE('',*,*,#6935,.T.);
#6935 = EDGE_CURVE('',#6928,#6896,#6936,.T.);
#6936 = CIRCLE('',#6937,0.11);
#6937 = AXIS2_PLACEMENT_3D('',#6938,#6939,#6940);
#6938 = CARTESIAN_POINT('',(2.2,0.2,2.625));
#6939 = DIRECTION('',(0.,-1.,2.22044604925E-16));
#6940 = DIRECTION('',(1.,0.,0.));
#6941 = ORIENTED_EDGE('',*,*,#6903,.F.);
#6942 = ORIENTED_EDGE('',*,*,#6943,.F.);
#6943 = EDGE_CURVE('',#6926,#6904,#6944,.T.);
#6944 = CIRCLE('',#6945,0.11);
#6945 = AXIS2_PLACEMENT_3D('',#6946,#6947,#6948);
#6946 = CARTESIAN_POINT('',(2.2,5.828670879282E-16,2.625));
#6947 = DIRECTION('',(0.,-1.,2.22044604925E-16));
#6948 = DIRECTION('',(1.,0.,0.));
#6949 = CYLINDRICAL_SURFACE('',#6950,0.11);
#6950 = AXIS2_PLACEMENT_3D('',#6951,#6952,#6953);
#6951 = CARTESIAN_POINT('',(2.2,5.828670879282E-16,2.625));
#6952 = DIRECTION('',(0.,-1.,2.22044604925E-16));
#6953 = DIRECTION('',(1.,0.,0.));
#6954 = ADVANCED_FACE('',(#6955),#6980,.F.);
#6955 = FACE_BOUND('',#6956,.F.);
#6956 = EDGE_LOOP('',(#6957,#6958,#6966,#6974));
#6957 = ORIENTED_EDGE('',*,*,#6925,.T.);
#6958 = ORIENTED_EDGE('',*,*,#6959,.T.);
#6959 = EDGE_CURVE('',#6928,#6960,#6962,.T.);
#6960 = VERTEX_POINT('',#6961);
#6961 = CARTESIAN_POINT('',(2.09,0.2,3.));
#6962 = LINE('',#6963,#6964);
#6963 = CARTESIAN_POINT('',(2.09,0.2,2.625));
#6964 = VECTOR('',#6965,1.);
#6965 = DIRECTION('',(0.,2.22044604925E-16,1.));
#6966 = ORIENTED_EDGE('',*,*,#6967,.F.);
#6967 = EDGE_CURVE('',#6968,#6960,#6970,.T.);
#6968 = VERTEX_POINT('',#6969);
#6969 = CARTESIAN_POINT('',(2.09,6.661338147751E-16,3.));
#6970 = LINE('',#6971,#6972);
#6971 = CARTESIAN_POINT('',(2.09,6.661338147751E-16,3.));
#6972 = VECTOR('',#6973,1.);
#6973 = DIRECTION('',(-0.,1.,-2.22044604925E-16));
#6974 = ORIENTED_EDGE('',*,*,#6975,.F.);
#6975 = EDGE_CURVE('',#6926,#6968,#6976,.T.);
#6976 = LINE('',#6977,#6978);
#6977 = CARTESIAN_POINT('',(2.09,5.828670879282E-16,2.625));
#6978 = VECTOR('',#6979,1.);
#6979 = DIRECTION('',(0.,2.22044604925E-16,1.));
#6980 = PLANE('',#6981);
#6981 = AXIS2_PLACEMENT_3D('',#6982,#6983,#6984);
#6982 = CARTESIAN_POINT('',(2.09,5.828670879282E-16,2.625));
#6983 = DIRECTION('',(1.,0.,0.));
#6984 = DIRECTION('',(0.,2.22044604925E-16,1.));
#6985 = ADVANCED_FACE('',(#6986),#7002,.F.);
#6986 = FACE_BOUND('',#6987,.F.);
#6987 = EDGE_LOOP('',(#6988,#6989,#6995,#6996));
#6988 = ORIENTED_EDGE('',*,*,#6967,.T.);
#6989 = ORIENTED_EDGE('',*,*,#6990,.T.);
#6990 = EDGE_CURVE('',#6960,#6888,#6991,.T.);
#6991 = LINE('',#6992,#6993);
#6992 = CARTESIAN_POINT('',(2.09,0.2,3.));
#6993 = VECTOR('',#6994,1.);
#6994 = DIRECTION('',(1.,0.,0.));
#6995 = ORIENTED_EDGE('',*,*,#6885,.F.);
#6996 = ORIENTED_EDGE('',*,*,#6997,.F.);
#6997 = EDGE_CURVE('',#6968,#6886,#6998,.T.);
#6998 = LINE('',#6999,#7000);
#6999 = CARTESIAN_POINT('',(2.09,6.661338147751E-16,3.));
#7000 = VECTOR('',#7001,1.);
#7001 = DIRECTION('',(1.,0.,0.));
#7002 = PLANE('',#7003);
#7003 = AXIS2_PLACEMENT_3D('',#7004,#7005,#7006);
#7004 = CARTESIAN_POINT('',(2.09,6.661338147751E-16,3.));
#7005 = DIRECTION('',(0.,-2.22044604925E-16,-1.));
#7006 = DIRECTION('',(1.,0.,0.));
#7007 = ADVANCED_FACE('',(#7008),#7014,.F.);
#7008 = FACE_BOUND('',#7009,.F.);
#7009 = EDGE_LOOP('',(#7010,#7011,#7012,#7013));
#7010 = ORIENTED_EDGE('',*,*,#6911,.T.);
#7011 = ORIENTED_EDGE('',*,*,#6943,.F.);
#7012 = ORIENTED_EDGE('',*,*,#6975,.T.);
#7013 = ORIENTED_EDGE('',*,*,#6997,.T.);
#7014 = PLANE('',#7015);
#7015 = AXIS2_PLACEMENT_3D('',#7016,#7017,#7018);
#7016 = CARTESIAN_POINT('',(2.2,6.173979592919E-16,2.780513219406));
#7017 = DIRECTION('',(0.,1.,0.));
#7018 = DIRECTION('',(0.,0.,1.));
#7019 = ADVANCED_FACE('',(#7020),#7026,.T.);
#7020 = FACE_BOUND('',#7021,.T.);
#7021 = EDGE_LOOP('',(#7022,#7023,#7024,#7025));
#7022 = ORIENTED_EDGE('',*,*,#6895,.T.);
#7023 = ORIENTED_EDGE('',*,*,#6935,.F.);
#7024 = ORIENTED_EDGE('',*,*,#6959,.T.);
#7025 = ORIENTED_EDGE('',*,*,#6990,.T.);
#7026 = PLANE('',#7027);
#7027 = AXIS2_PLACEMENT_3D('',#7028,#7029,#7030);
#7028 = CARTESIAN_POINT('',(2.2,0.2,2.780513219406));
#7029 = DIRECTION('',(0.,1.,0.));
#7030 = DIRECTION('',(0.,0.,1.));
#7031 = ( GEOMETRIC_REPRESENTATION_CONTEXT(3) 
GLOBAL_UNCERTAINTY_ASSIGNED_CONTEXT((#7035)) 
GLOBAL_UNIT_ASSIGNED_CONTEXT((#7032,#7033,#7034)) REPRESENTATION_CONTEXT
('Context #1','3D Context with UNIT and UNCERTAINTY') );
#7032 = ( LENGTH_UNIT() NAMED_UNIT(*) SI_UNIT(.MILLI.,.METRE.) );
#7033 = ( NAMED_UNIT(*) PLANE_ANGLE_UNIT() SI_UNIT($,.RADIAN.) );
#7034 = ( NAMED_UNIT(*) SI_UNIT($,.STERADIAN.) SOLID_ANGLE_UNIT() );
#7035 = UNCERTAINTY_MEASURE_WITH_UNIT(LENGTH_MEASURE(1.E-07),#7032,
  'distance_accuracy_value','confusion accuracy');
#7036 = CONTEXT_DEPENDENT_SHAPE_REPRESENTATION(#7037,#7039);
#7037 = ( REPRESENTATION_RELATIONSHIP('','',#6878,#10) 
REPRESENTATION_RELATIONSHIP_WITH_TRANSFORMATION(#7038) 
SHAPE_REPRESENTATION_RELATIONSHIP() );
#7038 = ITEM_DEFINED_TRANSFORMATION('','',#11,#19);
#7039 = PRODUCT_DEFINITION_SHAPE('Placement','Placement of an item',
  #7040);
#7040 = NEXT_ASSEMBLY_USAGE_OCCURRENCE('4404','Body001_Solid1','',#5,
  #6873,$);
#7041 = PRODUCT_RELATED_PRODUCT_CATEGORY('part',$,(#6875));
#7042 = SHAPE_DEFINITION_REPRESENTATION(#7043,#7049);
#7043 = PRODUCT_DEFINITION_SHAPE('','',#7044);
#7044 = PRODUCT_DEFINITION('design','',#7045,#7048);
#7045 = PRODUCT_DEFINITION_FORMATION('','',#7046);
#7046 = PRODUCT('Array_Solid1','Array_Solid1','',(#7047));
#7047 = PRODUCT_CONTEXT('',#2,'mechanical');
#7048 = PRODUCT_DEFINITION_CONTEXT('part definition',#2,'design');
#7049 = ADVANCED_BREP_SHAPE_REPRESENTATION('',(#11,#7050),#7202);
#7050 = MANIFOLD_SOLID_BREP('',#7051);
#7051 = CLOSED_SHELL('',(#7052,#7092,#7125,#7156,#7178,#7190));
#7052 = ADVANCED_FACE('',(#7053),#7087,.F.);
#7053 = FACE_BOUND('',#7054,.T.);
#7054 = EDGE_LOOP('',(#7055,#7065,#7073,#7081));
#7055 = ORIENTED_EDGE('',*,*,#7056,.T.);
#7056 = EDGE_CURVE('',#7057,#7059,#7061,.T.);
#7057 = VERTEX_POINT('',#7058);
#7058 = CARTESIAN_POINT('',(2.31,6.661338147751E-16,-3.));
#7059 = VERTEX_POINT('',#7060);
#7060 = CARTESIAN_POINT('',(2.31,0.2,-3.));
#7061 = LINE('',#7062,#7063);
#7062 = CARTESIAN_POINT('',(2.31,6.661338147751E-16,-3.));
#7063 = VECTOR('',#7064,1.);
#7064 = DIRECTION('',(-0.,1.,2.22044604925E-16));
#7065 = ORIENTED_EDGE('',*,*,#7066,.T.);
#7066 = EDGE_CURVE('',#7059,#7067,#7069,.T.);
#7067 = VERTEX_POINT('',#7068);
#7068 = CARTESIAN_POINT('',(2.31,0.2,-2.625));
#7069 = LINE('',#7070,#7071);
#7070 = CARTESIAN_POINT('',(2.31,0.2,-3.));
#7071 = VECTOR('',#7072,1.);
#7072 = DIRECTION('',(0.,-2.22044604925E-16,1.));
#7073 = ORIENTED_EDGE('',*,*,#7074,.F.);
#7074 = EDGE_CURVE('',#7075,#7067,#7077,.T.);
#7075 = VERTEX_POINT('',#7076);
#7076 = CARTESIAN_POINT('',(2.31,5.828670879282E-16,-2.625));
#7077 = LINE('',#7078,#7079);
#7078 = CARTESIAN_POINT('',(2.31,5.828670879282E-16,-2.625));
#7079 = VECTOR('',#7080,1.);
#7080 = DIRECTION('',(-0.,1.,2.22044604925E-16));
#7081 = ORIENTED_EDGE('',*,*,#7082,.F.);
#7082 = EDGE_CURVE('',#7057,#7075,#7083,.T.);
#7083 = LINE('',#7084,#7085);
#7084 = CARTESIAN_POINT('',(2.31,6.661338147751E-16,-3.));
#7085 = VECTOR('',#7086,1.);
#7086 = DIRECTION('',(0.,-2.22044604925E-16,1.));
#7087 = PLANE('',#7088);
#7088 = AXIS2_PLACEMENT_3D('',#7089,#7090,#7091);
#7089 = CARTESIAN_POINT('',(2.31,6.661338147751E-16,-3.));
#7090 = DIRECTION('',(-1.,-0.,-0.));
#7091 = DIRECTION('',(-0.,2.22044604925E-16,-1.));
#7092 = ADVANCED_FACE('',(#7093),#7120,.T.);
#7093 = FACE_BOUND('',#7094,.F.);
#7094 = EDGE_LOOP('',(#7095,#7105,#7112,#7113));
#7095 = ORIENTED_EDGE('',*,*,#7096,.T.);
#7096 = EDGE_CURVE('',#7097,#7099,#7101,.T.);
#7097 = VERTEX_POINT('',#7098);
#7098 = CARTESIAN_POINT('',(2.09,5.828670879282E-16,-2.625));
#7099 = VERTEX_POINT('',#7100);
#7100 = CARTESIAN_POINT('',(2.09,0.2,-2.625));
#7101 = LINE('',#7102,#7103);
#7102 = CARTESIAN_POINT('',(2.09,5.828670879282E-16,-2.625));
#7103 = VECTOR('',#7104,1.);
#7104 = DIRECTION('',(-0.,1.,2.22044604925E-16));
#7105 = ORIENTED_EDGE('',*,*,#7106,.T.);
#7106 = EDGE_CURVE('',#7099,#7067,#7107,.T.);
#7107 = CIRCLE('',#7108,0.11);
#7108 = AXIS2_PLACEMENT_3D('',#7109,#7110,#7111);
#7109 = CARTESIAN_POINT('',(2.2,0.2,-2.625));
#7110 = DIRECTION('',(-0.,1.,2.22044604925E-16));
#7111 = DIRECTION('',(1.,0.,0.));
#7112 = ORIENTED_EDGE('',*,*,#7074,.F.);
#7113 = ORIENTED_EDGE('',*,*,#7114,.F.);
#7114 = EDGE_CURVE('',#7097,#7075,#7115,.T.);
#7115 = CIRCLE('',#7116,0.11);
#7116 = AXIS2_PLACEMENT_3D('',#7117,#7118,#7119);
#7117 = CARTESIAN_POINT('',(2.2,5.828670879282E-16,-2.625));
#7118 = DIRECTION('',(-0.,1.,2.22044604925E-16));
#7119 = DIRECTION('',(1.,0.,0.));
#7120 = CYLINDRICAL_SURFACE('',#7121,0.11);
#7121 = AXIS2_PLACEMENT_3D('',#7122,#7123,#7124);
#7122 = CARTESIAN_POINT('',(2.2,5.828670879282E-16,-2.625));
#7123 = DIRECTION('',(-0.,-1.,-2.22044604925E-16));
#7124 = DIRECTION('',(1.,-0.,-0.));
#7125 = ADVANCED_FACE('',(#7126),#7151,.F.);
#7126 = FACE_BOUND('',#7127,.T.);
#7127 = EDGE_LOOP('',(#7128,#7129,#7137,#7145));
#7128 = ORIENTED_EDGE('',*,*,#7096,.T.);
#7129 = ORIENTED_EDGE('',*,*,#7130,.T.);
#7130 = EDGE_CURVE('',#7099,#7131,#7133,.T.);
#7131 = VERTEX_POINT('',#7132);
#7132 = CARTESIAN_POINT('',(2.09,0.2,-3.));
#7133 = LINE('',#7134,#7135);
#7134 = CARTESIAN_POINT('',(2.09,0.2,-2.625));
#7135 = VECTOR('',#7136,1.);
#7136 = DIRECTION('',(0.,2.22044604925E-16,-1.));
#7137 = ORIENTED_EDGE('',*,*,#7138,.F.);
#7138 = EDGE_CURVE('',#7139,#7131,#7141,.T.);
#7139 = VERTEX_POINT('',#7140);
#7140 = CARTESIAN_POINT('',(2.09,6.661338147751E-16,-3.));
#7141 = LINE('',#7142,#7143);
#7142 = CARTESIAN_POINT('',(2.09,6.661338147751E-16,-3.));
#7143 = VECTOR('',#7144,1.);
#7144 = DIRECTION('',(-0.,1.,2.22044604925E-16));
#7145 = ORIENTED_EDGE('',*,*,#7146,.F.);
#7146 = EDGE_CURVE('',#7097,#7139,#7147,.T.);
#7147 = LINE('',#7148,#7149);
#7148 = CARTESIAN_POINT('',(2.09,5.828670879282E-16,-2.625));
#7149 = VECTOR('',#7150,1.);
#7150 = DIRECTION('',(0.,2.22044604925E-16,-1.));
#7151 = PLANE('',#7152);
#7152 = AXIS2_PLACEMENT_3D('',#7153,#7154,#7155);
#7153 = CARTESIAN_POINT('',(2.09,5.828670879282E-16,-2.625));
#7154 = DIRECTION('',(1.,-0.,-0.));
#7155 = DIRECTION('',(0.,-2.22044604925E-16,1.));
#7156 = ADVANCED_FACE('',(#7157),#7173,.F.);
#7157 = FACE_BOUND('',#7158,.T.);
#7158 = EDGE_LOOP('',(#7159,#7160,#7166,#7167));
#7159 = ORIENTED_EDGE('',*,*,#7138,.T.);
#7160 = ORIENTED_EDGE('',*,*,#7161,.T.);
#7161 = EDGE_CURVE('',#7131,#7059,#7162,.T.);
#7162 = LINE('',#7163,#7164);
#7163 = CARTESIAN_POINT('',(2.09,0.2,-3.));
#7164 = VECTOR('',#7165,1.);
#7165 = DIRECTION('',(1.,0.,0.));
#7166 = ORIENTED_EDGE('',*,*,#7056,.F.);
#7167 = ORIENTED_EDGE('',*,*,#7168,.F.);
#7168 = EDGE_CURVE('',#7139,#7057,#7169,.T.);
#7169 = LINE('',#7170,#7171);
#7170 = CARTESIAN_POINT('',(2.09,6.661338147751E-16,-3.));
#7171 = VECTOR('',#7172,1.);
#7172 = DIRECTION('',(1.,0.,0.));
#7173 = PLANE('',#7174);
#7174 = AXIS2_PLACEMENT_3D('',#7175,#7176,#7177);
#7175 = CARTESIAN_POINT('',(2.09,6.661338147751E-16,-3.));
#7176 = DIRECTION('',(0.,-2.22044604925E-16,1.));
#7177 = DIRECTION('',(-1.,0.,0.));
#7178 = ADVANCED_FACE('',(#7179),#7185,.F.);
#7179 = FACE_BOUND('',#7180,.T.);
#7180 = EDGE_LOOP('',(#7181,#7182,#7183,#7184));
#7181 = ORIENTED_EDGE('',*,*,#7082,.T.);
#7182 = ORIENTED_EDGE('',*,*,#7114,.F.);
#7183 = ORIENTED_EDGE('',*,*,#7146,.T.);
#7184 = ORIENTED_EDGE('',*,*,#7168,.T.);
#7185 = PLANE('',#7186);
#7186 = AXIS2_PLACEMENT_3D('',#7187,#7188,#7189);
#7187 = CARTESIAN_POINT('',(2.2,6.173979592919E-16,-2.780513219406));
#7188 = DIRECTION('',(0.,1.,0.));
#7189 = DIRECTION('',(0.,0.,1.));
#7190 = ADVANCED_FACE('',(#7191),#7197,.T.);
#7191 = FACE_BOUND('',#7192,.F.);
#7192 = EDGE_LOOP('',(#7193,#7194,#7195,#7196));
#7193 = ORIENTED_EDGE('',*,*,#7066,.T.);
#7194 = ORIENTED_EDGE('',*,*,#7106,.F.);
#7195 = ORIENTED_EDGE('',*,*,#7130,.T.);
#7196 = ORIENTED_EDGE('',*,*,#7161,.T.);
#7197 = PLANE('',#7198);
#7198 = AXIS2_PLACEMENT_3D('',#7199,#7200,#7201);
#7199 = CARTESIAN_POINT('',(2.2,0.2,-2.780513219406));
#7200 = DIRECTION('',(0.,1.,0.));
#7201 = DIRECTION('',(0.,0.,1.));
#7202 = ( GEOMETRIC_REPRESENTATION_CONTEXT(3) 
GLOBAL_UNCERTAINTY_ASSIGNED_CONTEXT((#7206)) 
GLOBAL_UNIT_ASSIGNED_CONTEXT((#7203,#7204,#7205)) REPRESENTATION_CONTEXT
('Context #1','3D Context with UNIT and UNCERTAINTY') );
#7203 = ( LENGTH_UNIT() NAMED_UNIT(*) SI_UNIT(.MILLI.,.METRE.) );
#7204 = ( NAMED_UNIT(*) PLANE_ANGLE_UNIT() SI_UNIT($,.RADIAN.) );
#7205 = ( NAMED_UNIT(*) SI_UNIT($,.STERADIAN.) SOLID_ANGLE_UNIT() );
#7206 = UNCERTAINTY_MEASURE_WITH_UNIT(LENGTH_MEASURE(1.E-07),#7203,
  'distance_accuracy_value','confusion accuracy');
#7207 = CONTEXT_DEPENDENT_SHAPE_REPRESENTATION(#7208,#7210);
#7208 = ( REPRESENTATION_RELATIONSHIP('','',#7049,#10) 
REPRESENTATION_RELATIONSHIP_WITH_TRANSFORMATION(#7209) 
SHAPE_REPRESENTATION_RELATIONSHIP() );
#7209 = ITEM_DEFINED_TRANSFORMATION('','',#11,#23);
#7210 = PRODUCT_DEFINITION_SHAPE('Placement','Placement of an item',
  #7211);
#7211 = NEXT_ASSEMBLY_USAGE_OCCURRENCE('4405','Array_Solid1','',#5,#7044
  ,$);
#7212 = PRODUCT_RELATED_PRODUCT_CATEGORY('part',$,(#7046));
#7213 = CONTEXT_DEPENDENT_SHAPE_REPRESENTATION(#7214,#7216);
#7214 = ( REPRESENTATION_RELATIONSHIP('','',#7049,#10) 
REPRESENTATION_RELATIONSHIP_WITH_TRANSFORMATION(#7215) 
SHAPE_REPRESENTATION_RELATIONSHIP() );
#7215 = ITEM_DEFINED_TRANSFORMATION('','',#11,#27);
#7216 = PRODUCT_DEFINITION_SHAPE('Placement','Placement of an item',
  #7217);
#7217 = NEXT_ASSEMBLY_USAGE_OCCURRENCE('4406','Array_Solid2','',#5,#7044
  ,$);
#7218 = CONTEXT_DEPENDENT_SHAPE_REPRESENTATION(#7219,#7221);
#7219 = ( REPRESENTATION_RELATIONSHIP('','',#7049,#10) 
REPRESENTATION_RELATIONSHIP_WITH_TRANSFORMATION(#7220) 
SHAPE_REPRESENTATION_RELATIONSHIP() );
#7220 = ITEM_DEFINED_TRANSFORMATION('','',#11,#31);
#7221 = PRODUCT_DEFINITION_SHAPE('Placement','Placement of an item',
  #7222);
#7222 = NEXT_ASSEMBLY_USAGE_OCCURRENCE('4407','Array_Solid3','',#5,#7044
  ,$);
#7223 = CONTEXT_DEPENDENT_SHAPE_REPRESENTATION(#7224,#7226);
#7224 = ( REPRESENTATION_RELATIONSHIP('','',#7049,#10) 
REPRESENTATION_RELATIONSHIP_WITH_TRANSFORMATION(#7225) 
SHAPE_REPRESENTATION_RELATIONSHIP() );
#7225 = ITEM_DEFINED_TRANSFORMATION('','',#11,#35);
#7226 = PRODUCT_DEFINITION_SHAPE('Placement','Placement of an item',
  #7227);
#7227 = NEXT_ASSEMBLY_USAGE_OCCURRENCE('4408','Array_Solid4','',#5,#7044
  ,$);
#7228 = CONTEXT_DEPENDENT_SHAPE_REPRESENTATION(#7229,#7231);
#7229 = ( REPRESENTATION_RELATIONSHIP('','',#7049,#10) 
REPRESENTATION_RELATIONSHIP_WITH_TRANSFORMATION(#7230) 
SHAPE_REPRESENTATION_RELATIONSHIP() );
#7230 = ITEM_DEFINED_TRANSFORMATION('','',#11,#39);
#7231 = PRODUCT_DEFINITION_SHAPE('Placement','Placement of an item',
  #7232);
#7232 = NEXT_ASSEMBLY_USAGE_OCCURRENCE('4409','Array_Solid5','',#5,#7044
  ,$);
#7233 = CONTEXT_DEPENDENT_SHAPE_REPRESENTATION(#7234,#7236);
#7234 = ( REPRESENTATION_RELATIONSHIP('','',#7049,#10) 
REPRESENTATION_RELATIONSHIP_WITH_TRANSFORMATION(#7235) 
SHAPE_REPRESENTATION_RELATIONSHIP() );
#7235 = ITEM_DEFINED_TRANSFORMATION('','',#11,#43);
#7236 = PRODUCT_DEFINITION_SHAPE('Placement','Placement of an item',
  #7237);
#7237 = NEXT_ASSEMBLY_USAGE_OCCURRENCE('4410','Array_Solid6','',#5,#7044
  ,$);
#7238 = CONTEXT_DEPENDENT_SHAPE_REPRESENTATION(#7239,#7241);
#7239 = ( REPRESENTATION_RELATIONSHIP('','',#7049,#10) 
REPRESENTATION_RELATIONSHIP_WITH_TRANSFORMATION(#7240) 
SHAPE_REPRESENTATION_RELATIONSHIP() );
#7240 = ITEM_DEFINED_TRANSFORMATION('','',#11,#47);
#7241 = PRODUCT_DEFINITION_SHAPE('Placement','Placement of an item',
  #7242);
#7242 = NEXT_ASSEMBLY_USAGE_OCCURRENCE('4411','Array_Solid7','',#5,#7044
  ,$);
#7243 = CONTEXT_DEPENDENT_SHAPE_REPRESENTATION(#7244,#7246);
#7244 = ( REPRESENTATION_RELATIONSHIP('','',#7049,#10) 
REPRESENTATION_RELATIONSHIP_WITH_TRANSFORMATION(#7245) 
SHAPE_REPRESENTATION_RELATIONSHIP() );
#7245 = ITEM_DEFINED_TRANSFORMATION('','',#11,#51);
#7246 = PRODUCT_DEFINITION_SHAPE('Placement','Placement of an item',
  #7247);
#7247 = NEXT_ASSEMBLY_USAGE_OCCURRENCE('4412','Array_Solid8','',#5,#7044
  ,$);
#7248 = CONTEXT_DEPENDENT_SHAPE_REPRESENTATION(#7249,#7251);
#7249 = ( REPRESENTATION_RELATIONSHIP('','',#7049,#10) 
REPRESENTATION_RELATIONSHIP_WITH_TRANSFORMATION(#7250) 
SHAPE_REPRESENTATION_RELATIONSHIP() );
#7250 = ITEM_DEFINED_TRANSFORMATION('','',#11,#55);
#7251 = PRODUCT_DEFINITION_SHAPE('Placement','Placement of an item',
  #7252);
#7252 = NEXT_ASSEMBLY_USAGE_OCCURRENCE('4413','Array_Solid9','',#5,#7044
  ,$);
#7253 = CONTEXT_DEPENDENT_SHAPE_REPRESENTATION(#7254,#7256);
#7254 = ( REPRESENTATION_RELATIONSHIP('','',#7049,#10) 
REPRESENTATION_RELATIONSHIP_WITH_TRANSFORMATION(#7255) 
SHAPE_REPRESENTATION_RELATIONSHIP() );
#7255 = ITEM_DEFINED_TRANSFORMATION('','',#11,#59);
#7256 = PRODUCT_DEFINITION_SHAPE('Placement','Placement of an item',
  #7257);
#7257 = NEXT_ASSEMBLY_USAGE_OCCURRENCE('4414','Array_Solid10','',#5,
  #7044,$);
#7258 = CONTEXT_DEPENDENT_SHAPE_REPRESENTATION(#7259,#7261);
#7259 = ( REPRESENTATION_RELATIONSHIP('','',#7049,#10) 
REPRESENTATION_RELATIONSHIP_WITH_TRANSFORMATION(#7260) 
SHAPE_REPRESENTATION_RELATIONSHIP() );
#7260 = ITEM_DEFINED_TRANSFORMATION('','',#11,#63);
#7261 = PRODUCT_DEFINITION_SHAPE('Placement','Placement of an item',
  #7262);
#7262 = NEXT_ASSEMBLY_USAGE_OCCURRENCE('4415','Array_Solid11','',#5,
  #7044,$);
#7263 = CONTEXT_DEPENDENT_SHAPE_REPRESENTATION(#7264,#7266);
#7264 = ( REPRESENTATION_RELATIONSHIP('','',#7049,#10) 
REPRESENTATION_RELATIONSHIP_WITH_TRANSFORMATION(#7265) 
SHAPE_REPRESENTATION_RELATIONSHIP() );
#7265 = ITEM_DEFINED_TRANSFORMATION('','',#11,#67);
#7266 = PRODUCT_DEFINITION_SHAPE('Placement','Placement of an item',
  #7267);
#7267 = NEXT_ASSEMBLY_USAGE_OCCURRENCE('4416','Array_Solid12','',#5,
  #7044,$);
#7268 = SHAPE_DEFINITION_REPRESENTATION(#7269,#7275);
#7269 = PRODUCT_DEFINITION_SHAPE('','',#7270);
#7270 = PRODUCT_DEFINITION('design','',#7271,#7274);
#7271 = PRODUCT_DEFINITION_FORMATION('','',#7272);
#7272 = PRODUCT('Array001_Solid2','Array001_Solid2','',(#7273));
#7273 = PRODUCT_CONTEXT('',#2,'mechanical');
#7274 = PRODUCT_DEFINITION_CONTEXT('part definition',#2,'design');
#7275 = ADVANCED_BREP_SHAPE_REPRESENTATION('',(#11,#7276),#7428);
#7276 = MANIFOLD_SOLID_BREP('',#7277);
#7277 = CLOSED_SHELL('',(#7278,#7318,#7351,#7382,#7404,#7416));
#7278 = ADVANCED_FACE('',(#7279),#7313,.F.);
#7279 = FACE_BOUND('',#7280,.F.);
#7280 = EDGE_LOOP('',(#7281,#7291,#7299,#7307));
#7281 = ORIENTED_EDGE('',*,*,#7282,.T.);
#7282 = EDGE_CURVE('',#7283,#7285,#7287,.T.);
#7283 = VERTEX_POINT('',#7284);
#7284 = CARTESIAN_POINT('',(2.31,6.661338147751E-16,3.));
#7285 = VERTEX_POINT('',#7286);
#7286 = CARTESIAN_POINT('',(2.31,0.2,3.));
#7287 = LINE('',#7288,#7289);
#7288 = CARTESIAN_POINT('',(2.31,6.661338147751E-16,3.));
#7289 = VECTOR('',#7290,1.);
#7290 = DIRECTION('',(-0.,1.,-2.22044604925E-16));
#7291 = ORIENTED_EDGE('',*,*,#7292,.T.);
#7292 = EDGE_CURVE('',#7285,#7293,#7295,.T.);
#7293 = VERTEX_POINT('',#7294);
#7294 = CARTESIAN_POINT('',(2.31,0.2,2.625));
#7295 = LINE('',#7296,#7297);
#7296 = CARTESIAN_POINT('',(2.31,0.2,3.));
#7297 = VECTOR('',#7298,1.);
#7298 = DIRECTION('',(0.,-2.22044604925E-16,-1.));
#7299 = ORIENTED_EDGE('',*,*,#7300,.F.);
#7300 = EDGE_CURVE('',#7301,#7293,#7303,.T.);
#7301 = VERTEX_POINT('',#7302);
#7302 = CARTESIAN_POINT('',(2.31,5.828670879282E-16,2.625));
#7303 = LINE('',#7304,#7305);
#7304 = CARTESIAN_POINT('',(2.31,5.828670879282E-16,2.625));
#7305 = VECTOR('',#7306,1.);
#7306 = DIRECTION('',(-0.,1.,-2.22044604925E-16));
#7307 = ORIENTED_EDGE('',*,*,#7308,.F.);
#7308 = EDGE_CURVE('',#7283,#7301,#7309,.T.);
#7309 = LINE('',#7310,#7311);
#7310 = CARTESIAN_POINT('',(2.31,6.661338147751E-16,3.));
#7311 = VECTOR('',#7312,1.);
#7312 = DIRECTION('',(0.,-2.22044604925E-16,-1.));
#7313 = PLANE('',#7314);
#7314 = AXIS2_PLACEMENT_3D('',#7315,#7316,#7317);
#7315 = CARTESIAN_POINT('',(2.31,6.661338147751E-16,3.));
#7316 = DIRECTION('',(-1.,-0.,0.));
#7317 = DIRECTION('',(0.,-2.22044604925E-16,-1.));
#7318 = ADVANCED_FACE('',(#7319),#7346,.T.);
#7319 = FACE_BOUND('',#7320,.T.);
#7320 = EDGE_LOOP('',(#7321,#7331,#7338,#7339));
#7321 = ORIENTED_EDGE('',*,*,#7322,.T.);
#7322 = EDGE_CURVE('',#7323,#7325,#7327,.T.);
#7323 = VERTEX_POINT('',#7324);
#7324 = CARTESIAN_POINT('',(2.09,5.828670879282E-16,2.625));
#7325 = VERTEX_POINT('',#7326);
#7326 = CARTESIAN_POINT('',(2.09,0.2,2.625));
#7327 = LINE('',#7328,#7329);
#7328 = CARTESIAN_POINT('',(2.09,5.828670879282E-16,2.625));
#7329 = VECTOR('',#7330,1.);
#7330 = DIRECTION('',(-0.,1.,-2.22044604925E-16));
#7331 = ORIENTED_EDGE('',*,*,#7332,.T.);
#7332 = EDGE_CURVE('',#7325,#7293,#7333,.T.);
#7333 = CIRCLE('',#7334,0.11);
#7334 = AXIS2_PLACEMENT_3D('',#7335,#7336,#7337);
#7335 = CARTESIAN_POINT('',(2.2,0.2,2.625));
#7336 = DIRECTION('',(0.,-1.,2.22044604925E-16));
#7337 = DIRECTION('',(1.,0.,0.));
#7338 = ORIENTED_EDGE('',*,*,#7300,.F.);
#7339 = ORIENTED_EDGE('',*,*,#7340,.F.);
#7340 = EDGE_CURVE('',#7323,#7301,#7341,.T.);
#7341 = CIRCLE('',#7342,0.11);
#7342 = AXIS2_PLACEMENT_3D('',#7343,#7344,#7345);
#7343 = CARTESIAN_POINT('',(2.2,5.828670879282E-16,2.625));
#7344 = DIRECTION('',(0.,-1.,2.22044604925E-16));
#7345 = DIRECTION('',(1.,0.,0.));
#7346 = CYLINDRICAL_SURFACE('',#7347,0.11);
#7347 = AXIS2_PLACEMENT_3D('',#7348,#7349,#7350);
#7348 = CARTESIAN_POINT('',(2.2,5.828670879282E-16,2.625));
#7349 = DIRECTION('',(0.,-1.,2.22044604925E-16));
#7350 = DIRECTION('',(1.,0.,0.));
#7351 = ADVANCED_FACE('',(#7352),#7377,.F.);
#7352 = FACE_BOUND('',#7353,.F.);
#7353 = EDGE_LOOP('',(#7354,#7355,#7363,#7371));
#7354 = ORIENTED_EDGE('',*,*,#7322,.T.);
#7355 = ORIENTED_EDGE('',*,*,#7356,.T.);
#7356 = EDGE_CURVE('',#7325,#7357,#7359,.T.);
#7357 = VERTEX_POINT('',#7358);
#7358 = CARTESIAN_POINT('',(2.09,0.2,3.));
#7359 = LINE('',#7360,#7361);
#7360 = CARTESIAN_POINT('',(2.09,0.2,2.625));
#7361 = VECTOR('',#7362,1.);
#7362 = DIRECTION('',(0.,2.22044604925E-16,1.));
#7363 = ORIENTED_EDGE('',*,*,#7364,.F.);
#7364 = EDGE_CURVE('',#7365,#7357,#7367,.T.);
#7365 = VERTEX_POINT('',#7366);
#7366 = CARTESIAN_POINT('',(2.09,6.661338147751E-16,3.));
#7367 = LINE('',#7368,#7369);
#7368 = CARTESIAN_POINT('',(2.09,6.661338147751E-16,3.));
#7369 = VECTOR('',#7370,1.);
#7370 = DIRECTION('',(-0.,1.,-2.22044604925E-16));
#7371 = ORIENTED_EDGE('',*,*,#7372,.F.);
#7372 = EDGE_CURVE('',#7323,#7365,#7373,.T.);
#7373 = LINE('',#7374,#7375);
#7374 = CARTESIAN_POINT('',(2.09,5.828670879282E-16,2.625));
#7375 = VECTOR('',#7376,1.);
#7376 = DIRECTION('',(0.,2.22044604925E-16,1.));
#7377 = PLANE('',#7378);
#7378 = AXIS2_PLACEMENT_3D('',#7379,#7380,#7381);
#7379 = CARTESIAN_POINT('',(2.09,5.828670879282E-16,2.625));
#7380 = DIRECTION('',(1.,0.,0.));
#7381 = DIRECTION('',(0.,2.22044604925E-16,1.));
#7382 = ADVANCED_FACE('',(#7383),#7399,.F.);
#7383 = FACE_BOUND('',#7384,.F.);
#7384 = EDGE_LOOP('',(#7385,#7386,#7392,#7393));
#7385 = ORIENTED_EDGE('',*,*,#7364,.T.);
#7386 = ORIENTED_EDGE('',*,*,#7387,.T.);
#7387 = EDGE_CURVE('',#7357,#7285,#7388,.T.);
#7388 = LINE('',#7389,#7390);
#7389 = CARTESIAN_POINT('',(2.09,0.2,3.));
#7390 = VECTOR('',#7391,1.);
#7391 = DIRECTION('',(1.,0.,0.));
#7392 = ORIENTED_EDGE('',*,*,#7282,.F.);
#7393 = ORIENTED_EDGE('',*,*,#7394,.F.);
#7394 = EDGE_CURVE('',#7365,#7283,#7395,.T.);
#7395 = LINE('',#7396,#7397);
#7396 = CARTESIAN_POINT('',(2.09,6.661338147751E-16,3.));
#7397 = VECTOR('',#7398,1.);
#7398 = DIRECTION('',(1.,0.,0.));
#7399 = PLANE('',#7400);
#7400 = AXIS2_PLACEMENT_3D('',#7401,#7402,#7403);
#7401 = CARTESIAN_POINT('',(2.09,6.661338147751E-16,3.));
#7402 = DIRECTION('',(0.,-2.22044604925E-16,-1.));
#7403 = DIRECTION('',(1.,0.,0.));
#7404 = ADVANCED_FACE('',(#7405),#7411,.F.);
#7405 = FACE_BOUND('',#7406,.F.);
#7406 = EDGE_LOOP('',(#7407,#7408,#7409,#7410));
#7407 = ORIENTED_EDGE('',*,*,#7308,.T.);
#7408 = ORIENTED_EDGE('',*,*,#7340,.F.);
#7409 = ORIENTED_EDGE('',*,*,#7372,.T.);
#7410 = ORIENTED_EDGE('',*,*,#7394,.T.);
#7411 = PLANE('',#7412);
#7412 = AXIS2_PLACEMENT_3D('',#7413,#7414,#7415);
#7413 = CARTESIAN_POINT('',(2.2,6.173979592919E-16,2.780513219406));
#7414 = DIRECTION('',(0.,1.,0.));
#7415 = DIRECTION('',(0.,0.,1.));
#7416 = ADVANCED_FACE('',(#7417),#7423,.T.);
#7417 = FACE_BOUND('',#7418,.T.);
#7418 = EDGE_LOOP('',(#7419,#7420,#7421,#7422));
#7419 = ORIENTED_EDGE('',*,*,#7292,.T.);
#7420 = ORIENTED_EDGE('',*,*,#7332,.F.);
#7421 = ORIENTED_EDGE('',*,*,#7356,.T.);
#7422 = ORIENTED_EDGE('',*,*,#7387,.T.);
#7423 = PLANE('',#7424);
#7424 = AXIS2_PLACEMENT_3D('',#7425,#7426,#7427);
#7425 = CARTESIAN_POINT('',(2.2,0.2,2.780513219406));
#7426 = DIRECTION('',(0.,1.,0.));
#7427 = DIRECTION('',(0.,0.,1.));
#7428 = ( GEOMETRIC_REPRESENTATION_CONTEXT(3) 
GLOBAL_UNCERTAINTY_ASSIGNED_CONTEXT((#7432)) 
GLOBAL_UNIT_ASSIGNED_CONTEXT((#7429,#7430,#7431)) REPRESENTATION_CONTEXT
('Context #1','3D Context with UNIT and UNCERTAINTY') );
#7429 = ( LENGTH_UNIT() NAMED_UNIT(*) SI_UNIT(.MILLI.,.METRE.) );
#7430 = ( NAMED_UNIT(*) PLANE_ANGLE_UNIT() SI_UNIT($,.RADIAN.) );
#7431 = ( NAMED_UNIT(*) SI_UNIT($,.STERADIAN.) SOLID_ANGLE_UNIT() );
#7432 = UNCERTAINTY_MEASURE_WITH_UNIT(LENGTH_MEASURE(1.E-07),#7429,
  'distance_accuracy_value','confusion accuracy');
#7433 = CONTEXT_DEPENDENT_SHAPE_REPRESENTATION(#7434,#7436);
#7434 = ( REPRESENTATION_RELATIONSHIP('','',#7275,#10) 
REPRESENTATION_RELATIONSHIP_WITH_TRANSFORMATION(#7435) 
SHAPE_REPRESENTATION_RELATIONSHIP() );
#7435 = ITEM_DEFINED_TRANSFORMATION('','',#11,#71);
#7436 = PRODUCT_DEFINITION_SHAPE('Placement','Placement of an item',
  #7437);
#7437 = NEXT_ASSEMBLY_USAGE_OCCURRENCE('4417','Array001_Solid2','',#5,
  #7270,$);
#7438 = PRODUCT_RELATED_PRODUCT_CATEGORY('part',$,(#7272));
#7439 = CONTEXT_DEPENDENT_SHAPE_REPRESENTATION(#7440,#7442);
#7440 = ( REPRESENTATION_RELATIONSHIP('','',#7275,#10) 
REPRESENTATION_RELATIONSHIP_WITH_TRANSFORMATION(#7441) 
SHAPE_REPRESENTATION_RELATIONSHIP() );
#7441 = ITEM_DEFINED_TRANSFORMATION('','',#11,#75);
#7442 = PRODUCT_DEFINITION_SHAPE('Placement','Placement of an item',
  #7443);
#7443 = NEXT_ASSEMBLY_USAGE_OCCURRENCE('4418','Array001_Solid3','',#5,
  #7270,$);
#7444 = CONTEXT_DEPENDENT_SHAPE_REPRESENTATION(#7445,#7447);
#7445 = ( REPRESENTATION_RELATIONSHIP('','',#7275,#10) 
REPRESENTATION_RELATIONSHIP_WITH_TRANSFORMATION(#7446) 
SHAPE_REPRESENTATION_RELATIONSHIP() );
#7446 = ITEM_DEFINED_TRANSFORMATION('','',#11,#79);
#7447 = PRODUCT_DEFINITION_SHAPE('Placement','Placement of an item',
  #7448);
#7448 = NEXT_ASSEMBLY_USAGE_OCCURRENCE('4419','Array001_Solid4','',#5,
  #7270,$);
#7449 = CONTEXT_DEPENDENT_SHAPE_REPRESENTATION(#7450,#7452);
#7450 = ( REPRESENTATION_RELATIONSHIP('','',#7275,#10) 
REPRESENTATION_RELATIONSHIP_WITH_TRANSFORMATION(#7451) 
SHAPE_REPRESENTATION_RELATIONSHIP() );
#7451 = ITEM_DEFINED_TRANSFORMATION('','',#11,#83);
#7452 = PRODUCT_DEFINITION_SHAPE('Placement','Placement of an item',
  #7453);
#7453 = NEXT_ASSEMBLY_USAGE_OCCURRENCE('4420','Array001_Solid5','',#5,
  #7270,$);
#7454 = CONTEXT_DEPENDENT_SHAPE_REPRESENTATION(#7455,#7457);
#7455 = ( REPRESENTATION_RELATIONSHIP('','',#7275,#10) 
REPRESENTATION_RELATIONSHIP_WITH_TRANSFORMATION(#7456) 
SHAPE_REPRESENTATION_RELATIONSHIP() );
#7456 = ITEM_DEFINED_TRANSFORMATION('','',#11,#87);
#7457 = PRODUCT_DEFINITION_SHAPE('Placement','Placement of an item',
  #7458);
#7458 = NEXT_ASSEMBLY_USAGE_OCCURRENCE('4421','Array001_Solid6','',#5,
  #7270,$);
#7459 = CONTEXT_DEPENDENT_SHAPE_REPRESENTATION(#7460,#7462);
#7460 = ( REPRESENTATION_RELATIONSHIP('','',#7275,#10) 
REPRESENTATION_RELATIONSHIP_WITH_TRANSFORMATION(#7461) 
SHAPE_REPRESENTATION_RELATIONSHIP() );
#7461 = ITEM_DEFINED_TRANSFORMATION('','',#11,#91);
#7462 = PRODUCT_DEFINITION_SHAPE('Placement','Placement of an item',
  #7463);
#7463 = NEXT_ASSEMBLY_USAGE_OCCURRENCE('4422','Array001_Solid7','',#5,
  #7270,$);
#7464 = CONTEXT_DEPENDENT_SHAPE_REPRESENTATION(#7465,#7467);
#7465 = ( REPRESENTATION_RELATIONSHIP('','',#7275,#10) 
REPRESENTATION_RELATIONSHIP_WITH_TRANSFORMATION(#7466) 
SHAPE_REPRESENTATION_RELATIONSHIP() );
#7466 = ITEM_DEFINED_TRANSFORMATION('','',#11,#95);
#7467 = PRODUCT_DEFINITION_SHAPE('Placement','Placement of an item',
  #7468);
#7468 = NEXT_ASSEMBLY_USAGE_OCCURRENCE('4423','Array001_Solid8','',#5,
  #7270,$);
#7469 = CONTEXT_DEPENDENT_SHAPE_REPRESENTATION(#7470,#7472);
#7470 = ( REPRESENTATION_RELATIONSHIP('','',#7275,#10) 
REPRESENTATION_RELATIONSHIP_WITH_TRANSFORMATION(#7471) 
SHAPE_REPRESENTATION_RELATIONSHIP() );
#7471 = ITEM_DEFINED_TRANSFORMATION('','',#11,#99);
#7472 = PRODUCT_DEFINITION_SHAPE('Placement','Placement of an item',
  #7473);
#7473 = NEXT_ASSEMBLY_USAGE_OCCURRENCE('4424','Array001_Solid9','',#5,
  #7270,$);
#7474 = CONTEXT_DEPENDENT_SHAPE_REPRESENTATION(#7475,#7477);
#7475 = ( REPRESENTATION_RELATIONSHIP('','',#7275,#10) 
REPRESENTATION_RELATIONSHIP_WITH_TRANSFORMATION(#7476) 
SHAPE_REPRESENTATION_RELATIONSHIP() );
#7476 = ITEM_DEFINED_TRANSFORMATION('','',#11,#103);
#7477 = PRODUCT_DEFINITION_SHAPE('Placement','Placement of an item',
  #7478);
#7478 = NEXT_ASSEMBLY_USAGE_OCCURRENCE('4425','Array001_Solid10','',#5,
  #7270,$);
#7479 = CONTEXT_DEPENDENT_SHAPE_REPRESENTATION(#7480,#7482);
#7480 = ( REPRESENTATION_RELATIONSHIP('','',#7275,#10) 
REPRESENTATION_RELATIONSHIP_WITH_TRANSFORMATION(#7481) 
SHAPE_REPRESENTATION_RELATIONSHIP() );
#7481 = ITEM_DEFINED_TRANSFORMATION('','',#11,#107);
#7482 = PRODUCT_DEFINITION_SHAPE('Placement','Placement of an item',
  #7483);
#7483 = NEXT_ASSEMBLY_USAGE_OCCURRENCE('4426','Array001_Solid11','',#5,
  #7270,$);
#7484 = CONTEXT_DEPENDENT_SHAPE_REPRESENTATION(#7485,#7487);
#7485 = ( REPRESENTATION_RELATIONSHIP('','',#7275,#10) 
REPRESENTATION_RELATIONSHIP_WITH_TRANSFORMATION(#7486) 
SHAPE_REPRESENTATION_RELATIONSHIP() );
#7486 = ITEM_DEFINED_TRANSFORMATION('','',#11,#111);
#7487 = PRODUCT_DEFINITION_SHAPE('Placement','Placement of an item',
  #7488);
#7488 = NEXT_ASSEMBLY_USAGE_OCCURRENCE('4427','Array001_Solid12','',#5,
  #7270,$);
#7489 = SHAPE_DEFINITION_REPRESENTATION(#7490,#7496);
#7490 = PRODUCT_DEFINITION_SHAPE('','',#7491);
#7491 = PRODUCT_DEFINITION('design','',#7492,#7495);
#7492 = PRODUCT_DEFINITION_FORMATION('','',#7493);
#7493 = PRODUCT('Body002_Solid1','Body002_Solid1','',(#7494));
#7494 = PRODUCT_CONTEXT('',#2,'mechanical');
#7495 = PRODUCT_DEFINITION_CONTEXT('part definition',#2,'design');
#7496 = ADVANCED_BREP_SHAPE_REPRESENTATION('',(#11,#7497),#7649);
#7497 = MANIFOLD_SOLID_BREP('',#7498);
#7498 = CLOSED_SHELL('',(#7499,#7539,#7570,#7603,#7625,#7637));
#7499 = ADVANCED_FACE('',(#7500),#7534,.F.);
#7500 = FACE_BOUND('',#7501,.F.);
#7501 = EDGE_LOOP('',(#7502,#7512,#7520,#7528));
#7502 = ORIENTED_EDGE('',*,*,#7503,.T.);
#7503 = EDGE_CURVE('',#7504,#7506,#7508,.T.);
#7504 = VERTEX_POINT('',#7505);
#7505 = CARTESIAN_POINT('',(3.,5.129230373768E-16,2.31));
#7506 = VERTEX_POINT('',#7507);
#7507 = CARTESIAN_POINT('',(3.,0.2,2.31));
#7508 = LINE('',#7509,#7510);
#7509 = CARTESIAN_POINT('',(3.,5.129230373768E-16,2.31));
#7510 = VECTOR('',#7511,1.);
#7511 = DIRECTION('',(-0.,1.,-2.22044604925E-16));
#7512 = ORIENTED_EDGE('',*,*,#7513,.T.);
#7513 = EDGE_CURVE('',#7506,#7514,#7516,.T.);
#7514 = VERTEX_POINT('',#7515);
#7515 = CARTESIAN_POINT('',(3.,0.2,2.09));
#7516 = LINE('',#7517,#7518);
#7517 = CARTESIAN_POINT('',(3.,0.2,2.31));
#7518 = VECTOR('',#7519,1.);
#7519 = DIRECTION('',(0.,-2.22044604925E-16,-1.));
#7520 = ORIENTED_EDGE('',*,*,#7521,.F.);
#7521 = EDGE_CURVE('',#7522,#7514,#7524,.T.);
#7522 = VERTEX_POINT('',#7523);
#7523 = CARTESIAN_POINT('',(3.,4.640732242933E-16,2.09));
#7524 = LINE('',#7525,#7526);
#7525 = CARTESIAN_POINT('',(3.,4.640732242933E-16,2.09));
#7526 = VECTOR('',#7527,1.);
#7527 = DIRECTION('',(-0.,1.,-2.22044604925E-16));
#7528 = ORIENTED_EDGE('',*,*,#7529,.F.);
#7529 = EDGE_CURVE('',#7504,#7522,#7530,.T.);
#7530 = LINE('',#7531,#7532);
#7531 = CARTESIAN_POINT('',(3.,5.129230373768E-16,2.31));
#7532 = VECTOR('',#7533,1.);
#7533 = DIRECTION('',(0.,-2.22044604925E-16,-1.));
#7534 = PLANE('',#7535);
#7535 = AXIS2_PLACEMENT_3D('',#7536,#7537,#7538);
#7536 = CARTESIAN_POINT('',(3.,5.129230373768E-16,2.31));
#7537 = DIRECTION('',(-1.,-0.,0.));
#7538 = DIRECTION('',(0.,-2.22044604925E-16,-1.));
#7539 = ADVANCED_FACE('',(#7540),#7565,.F.);
#7540 = FACE_BOUND('',#7541,.F.);
#7541 = EDGE_LOOP('',(#7542,#7543,#7551,#7559));
#7542 = ORIENTED_EDGE('',*,*,#7521,.T.);
#7543 = ORIENTED_EDGE('',*,*,#7544,.T.);
#7544 = EDGE_CURVE('',#7514,#7545,#7547,.T.);
#7545 = VERTEX_POINT('',#7546);
#7546 = CARTESIAN_POINT('',(2.625,0.2,2.09));
#7547 = LINE('',#7548,#7549);
#7548 = CARTESIAN_POINT('',(3.,0.2,2.09));
#7549 = VECTOR('',#7550,1.);
#7550 = DIRECTION('',(-1.,0.,0.));
#7551 = ORIENTED_EDGE('',*,*,#7552,.F.);
#7552 = EDGE_CURVE('',#7553,#7545,#7555,.T.);
#7553 = VERTEX_POINT('',#7554);
#7554 = CARTESIAN_POINT('',(2.625,4.640732242933E-16,2.09));
#7555 = LINE('',#7556,#7557);
#7556 = CARTESIAN_POINT('',(2.625,4.640732242933E-16,2.09));
#7557 = VECTOR('',#7558,1.);
#7558 = DIRECTION('',(-0.,1.,-2.22044604925E-16));
#7559 = ORIENTED_EDGE('',*,*,#7560,.F.);
#7560 = EDGE_CURVE('',#7522,#7553,#7561,.T.);
#7561 = LINE('',#7562,#7563);
#7562 = CARTESIAN_POINT('',(3.,4.640732242933E-16,2.09));
#7563 = VECTOR('',#7564,1.);
#7564 = DIRECTION('',(-1.,0.,0.));
#7565 = PLANE('',#7566);
#7566 = AXIS2_PLACEMENT_3D('',#7567,#7568,#7569);
#7567 = CARTESIAN_POINT('',(3.,4.640732242933E-16,2.09));
#7568 = DIRECTION('',(0.,2.22044604925E-16,1.));
#7569 = DIRECTION('',(-1.,-0.,0.));
#7570 = ADVANCED_FACE('',(#7571),#7598,.T.);
#7571 = FACE_BOUND('',#7572,.T.);
#7572 = EDGE_LOOP('',(#7573,#7583,#7590,#7591));
#7573 = ORIENTED_EDGE('',*,*,#7574,.T.);
#7574 = EDGE_CURVE('',#7575,#7577,#7579,.T.);
#7575 = VERTEX_POINT('',#7576);
#7576 = CARTESIAN_POINT('',(2.625,5.129230373768E-16,2.31));
#7577 = VERTEX_POINT('',#7578);
#7578 = CARTESIAN_POINT('',(2.625,0.2,2.31));
#7579 = LINE('',#7580,#7581);
#7580 = CARTESIAN_POINT('',(2.625,5.129230373768E-16,2.31));
#7581 = VECTOR('',#7582,1.);
#7582 = DIRECTION('',(-0.,1.,-2.22044604925E-16));
#7583 = ORIENTED_EDGE('',*,*,#7584,.T.);
#7584 = EDGE_CURVE('',#7577,#7545,#7585,.T.);
#7585 = CIRCLE('',#7586,0.11);
#7586 = AXIS2_PLACEMENT_3D('',#7587,#7588,#7589);
#7587 = CARTESIAN_POINT('',(2.625,0.2,2.2));
#7588 = DIRECTION('',(0.,-1.,2.22044604925E-16));
#7589 = DIRECTION('',(1.,0.,0.));
#7590 = ORIENTED_EDGE('',*,*,#7552,.F.);
#7591 = ORIENTED_EDGE('',*,*,#7592,.F.);
#7592 = EDGE_CURVE('',#7575,#7553,#7593,.T.);
#7593 = CIRCLE('',#7594,0.11);
#7594 = AXIS2_PLACEMENT_3D('',#7595,#7596,#7597);
#7595 = CARTESIAN_POINT('',(2.625,4.884981308351E-16,2.2));
#7596 = DIRECTION('',(0.,-1.,2.22044604925E-16));
#7597 = DIRECTION('',(1.,0.,0.));
#7598 = CYLINDRICAL_SURFACE('',#7599,0.11);
#7599 = AXIS2_PLACEMENT_3D('',#7600,#7601,#7602);
#7600 = CARTESIAN_POINT('',(2.625,4.884981308351E-16,2.2));
#7601 = DIRECTION('',(0.,-1.,2.22044604925E-16));
#7602 = DIRECTION('',(1.,0.,0.));
#7603 = ADVANCED_FACE('',(#7604),#7620,.F.);
#7604 = FACE_BOUND('',#7605,.F.);
#7605 = EDGE_LOOP('',(#7606,#7607,#7613,#7614));
#7606 = ORIENTED_EDGE('',*,*,#7574,.T.);
#7607 = ORIENTED_EDGE('',*,*,#7608,.T.);
#7608 = EDGE_CURVE('',#7577,#7506,#7609,.T.);
#7609 = LINE('',#7610,#7611);
#7610 = CARTESIAN_POINT('',(2.625,0.2,2.31));
#7611 = VECTOR('',#7612,1.);
#7612 = DIRECTION('',(1.,0.,0.));
#7613 = ORIENTED_EDGE('',*,*,#7503,.F.);
#7614 = ORIENTED_EDGE('',*,*,#7615,.F.);
#7615 = EDGE_CURVE('',#7575,#7504,#7616,.T.);
#7616 = LINE('',#7617,#7618);
#7617 = CARTESIAN_POINT('',(2.625,5.129230373768E-16,2.31));
#7618 = VECTOR('',#7619,1.);
#7619 = DIRECTION('',(1.,0.,0.));
#7620 = PLANE('',#7621);
#7621 = AXIS2_PLACEMENT_3D('',#7622,#7623,#7624);
#7622 = CARTESIAN_POINT('',(2.625,5.129230373768E-16,2.31));
#7623 = DIRECTION('',(0.,-2.22044604925E-16,-1.));
#7624 = DIRECTION('',(1.,0.,0.));
#7625 = ADVANCED_FACE('',(#7626),#7632,.F.);
#7626 = FACE_BOUND('',#7627,.F.);
#7627 = EDGE_LOOP('',(#7628,#7629,#7630,#7631));
#7628 = ORIENTED_EDGE('',*,*,#7529,.T.);
#7629 = ORIENTED_EDGE('',*,*,#7560,.T.);
#7630 = ORIENTED_EDGE('',*,*,#7592,.F.);
#7631 = ORIENTED_EDGE('',*,*,#7615,.T.);
#7632 = PLANE('',#7633);
#7633 = AXIS2_PLACEMENT_3D('',#7634,#7635,#7636);
#7634 = CARTESIAN_POINT('',(2.780513219406,4.884981308351E-16,2.2));
#7635 = DIRECTION('',(0.,1.,0.));
#7636 = DIRECTION('',(0.,0.,1.));
#7637 = ADVANCED_FACE('',(#7638),#7644,.T.);
#7638 = FACE_BOUND('',#7639,.T.);
#7639 = EDGE_LOOP('',(#7640,#7641,#7642,#7643));
#7640 = ORIENTED_EDGE('',*,*,#7513,.T.);
#7641 = ORIENTED_EDGE('',*,*,#7544,.T.);
#7642 = ORIENTED_EDGE('',*,*,#7584,.F.);
#7643 = ORIENTED_EDGE('',*,*,#7608,.T.);
#7644 = PLANE('',#7645);
#7645 = AXIS2_PLACEMENT_3D('',#7646,#7647,#7648);
#7646 = CARTESIAN_POINT('',(2.780513219406,0.2,2.2));
#7647 = DIRECTION('',(0.,1.,0.));
#7648 = DIRECTION('',(0.,0.,1.));
#7649 = ( GEOMETRIC_REPRESENTATION_CONTEXT(3) 
GLOBAL_UNCERTAINTY_ASSIGNED_CONTEXT((#7653)) 
GLOBAL_UNIT_ASSIGNED_CONTEXT((#7650,#7651,#7652)) REPRESENTATION_CONTEXT
('Context #1','3D Context with UNIT and UNCERTAINTY') );
#7650 = ( LENGTH_UNIT() NAMED_UNIT(*) SI_UNIT(.MILLI.,.METRE.) );
#7651 = ( NAMED_UNIT(*) PLANE_ANGLE_UNIT() SI_UNIT($,.RADIAN.) );
#7652 = ( NAMED_UNIT(*) SI_UNIT($,.STERADIAN.) SOLID_ANGLE_UNIT() );
#7653 = UNCERTAINTY_MEASURE_WITH_UNIT(LENGTH_MEASURE(1.E-07),#7650,
  'distance_accuracy_value','confusion accuracy');
#7654 = CONTEXT_DEPENDENT_SHAPE_REPRESENTATION(#7655,#7657);
#7655 = ( REPRESENTATION_RELATIONSHIP('','',#7496,#10) 
REPRESENTATION_RELATIONSHIP_WITH_TRANSFORMATION(#7656) 
SHAPE_REPRESENTATION_RELATIONSHIP() );
#7656 = ITEM_DEFINED_TRANSFORMATION('','',#11,#115);
#7657 = PRODUCT_DEFINITION_SHAPE('Placement','Placement of an item',
  #7658);
#7658 = NEXT_ASSEMBLY_USAGE_OCCURRENCE('4428','Body002_Solid1','',#5,
  #7491,$);
#7659 = PRODUCT_RELATED_PRODUCT_CATEGORY('part',$,(#7493));
#7660 = SHAPE_DEFINITION_REPRESENTATION(#7661,#7667);
#7661 = PRODUCT_DEFINITION_SHAPE('','',#7662);
#7662 = PRODUCT_DEFINITION('design','',#7663,#7666);
#7663 = PRODUCT_DEFINITION_FORMATION('','',#7664);
#7664 = PRODUCT('Array002_Solid1','Array002_Solid1','',(#7665));
#7665 = PRODUCT_CONTEXT('',#2,'mechanical');
#7666 = PRODUCT_DEFINITION_CONTEXT('part definition',#2,'design');
#7667 = ADVANCED_BREP_SHAPE_REPRESENTATION('',(#11,#7668),#7820);
#7668 = MANIFOLD_SOLID_BREP('',#7669);
#7669 = CLOSED_SHELL('',(#7670,#7710,#7741,#7774,#7796,#7808));
#7670 = ADVANCED_FACE('',(#7671),#7705,.F.);
#7671 = FACE_BOUND('',#7672,.T.);
#7672 = EDGE_LOOP('',(#7673,#7683,#7691,#7699));
#7673 = ORIENTED_EDGE('',*,*,#7674,.T.);
#7674 = EDGE_CURVE('',#7675,#7677,#7679,.T.);
#7675 = VERTEX_POINT('',#7676);
#7676 = CARTESIAN_POINT('',(-3.,5.129230373768E-16,2.31));
#7677 = VERTEX_POINT('',#7678);
#7678 = CARTESIAN_POINT('',(-3.,0.2,2.31));
#7679 = LINE('',#7680,#7681);
#7680 = CARTESIAN_POINT('',(-3.,5.129230373768E-16,2.31));
#7681 = VECTOR('',#7682,1.);
#7682 = DIRECTION('',(-0.,1.,-2.22044604925E-16));
#7683 = ORIENTED_EDGE('',*,*,#7684,.T.);
#7684 = EDGE_CURVE('',#7677,#7685,#7687,.T.);
#7685 = VERTEX_POINT('',#7686);
#7686 = CARTESIAN_POINT('',(-3.,0.2,2.09));
#7687 = LINE('',#7688,#7689);
#7688 = CARTESIAN_POINT('',(-3.,0.2,2.31));
#7689 = VECTOR('',#7690,1.);
#7690 = DIRECTION('',(0.,-2.22044604925E-16,-1.));
#7691 = ORIENTED_EDGE('',*,*,#7692,.F.);
#7692 = EDGE_CURVE('',#7693,#7685,#7695,.T.);
#7693 = VERTEX_POINT('',#7694);
#7694 = CARTESIAN_POINT('',(-3.,4.640732242933E-16,2.09));
#7695 = LINE('',#7696,#7697);
#7696 = CARTESIAN_POINT('',(-3.,4.640732242933E-16,2.09));
#7697 = VECTOR('',#7698,1.);
#7698 = DIRECTION('',(-0.,1.,-2.22044604925E-16));
#7699 = ORIENTED_EDGE('',*,*,#7700,.F.);
#7700 = EDGE_CURVE('',#7675,#7693,#7701,.T.);
#7701 = LINE('',#7702,#7703);
#7702 = CARTESIAN_POINT('',(-3.,5.129230373768E-16,2.31));
#7703 = VECTOR('',#7704,1.);
#7704 = DIRECTION('',(0.,-2.22044604925E-16,-1.));
#7705 = PLANE('',#7706);
#7706 = AXIS2_PLACEMENT_3D('',#7707,#7708,#7709);
#7707 = CARTESIAN_POINT('',(-3.,5.129230373768E-16,2.31));
#7708 = DIRECTION('',(1.,-0.,0.));
#7709 = DIRECTION('',(0.,2.22044604925E-16,1.));
#7710 = ADVANCED_FACE('',(#7711),#7736,.F.);
#7711 = FACE_BOUND('',#7712,.T.);
#7712 = EDGE_LOOP('',(#7713,#7714,#7722,#7730));
#7713 = ORIENTED_EDGE('',*,*,#7692,.T.);
#7714 = ORIENTED_EDGE('',*,*,#7715,.T.);
#7715 = EDGE_CURVE('',#7685,#7716,#7718,.T.);
#7716 = VERTEX_POINT('',#7717);
#7717 = CARTESIAN_POINT('',(-2.625,0.2,2.09));
#7718 = LINE('',#7719,#7720);
#7719 = CARTESIAN_POINT('',(-3.,0.2,2.09));
#7720 = VECTOR('',#7721,1.);
#7721 = DIRECTION('',(1.,0.,0.));
#7722 = ORIENTED_EDGE('',*,*,#7723,.F.);
#7723 = EDGE_CURVE('',#7724,#7716,#7726,.T.);
#7724 = VERTEX_POINT('',#7725);
#7725 = CARTESIAN_POINT('',(-2.625,4.640732242933E-16,2.09));
#7726 = LINE('',#7727,#7728);
#7727 = CARTESIAN_POINT('',(-2.625,4.640732242933E-16,2.09));
#7728 = VECTOR('',#7729,1.);
#7729 = DIRECTION('',(-0.,1.,-2.22044604925E-16));
#7730 = ORIENTED_EDGE('',*,*,#7731,.F.);
#7731 = EDGE_CURVE('',#7693,#7724,#7732,.T.);
#7732 = LINE('',#7733,#7734);
#7733 = CARTESIAN_POINT('',(-3.,4.640732242933E-16,2.09));
#7734 = VECTOR('',#7735,1.);
#7735 = DIRECTION('',(1.,0.,0.));
#7736 = PLANE('',#7737);
#7737 = AXIS2_PLACEMENT_3D('',#7738,#7739,#7740);
#7738 = CARTESIAN_POINT('',(-3.,4.640732242933E-16,2.09));
#7739 = DIRECTION('',(-0.,2.22044604925E-16,1.));
#7740 = DIRECTION('',(-1.,0.,-0.));
#7741 = ADVANCED_FACE('',(#7742),#7769,.T.);
#7742 = FACE_BOUND('',#7743,.F.);
#7743 = EDGE_LOOP('',(#7744,#7754,#7761,#7762));
#7744 = ORIENTED_EDGE('',*,*,#7745,.T.);
#7745 = EDGE_CURVE('',#7746,#7748,#7750,.T.);
#7746 = VERTEX_POINT('',#7747);
#7747 = CARTESIAN_POINT('',(-2.625,5.129230373768E-16,2.31));
#7748 = VERTEX_POINT('',#7749);
#7749 = CARTESIAN_POINT('',(-2.625,0.2,2.31));
#7750 = LINE('',#7751,#7752);
#7751 = CARTESIAN_POINT('',(-2.625,5.129230373768E-16,2.31));
#7752 = VECTOR('',#7753,1.);
#7753 = DIRECTION('',(-0.,1.,-2.22044604925E-16));
#7754 = ORIENTED_EDGE('',*,*,#7755,.T.);
#7755 = EDGE_CURVE('',#7748,#7716,#7756,.T.);
#7756 = CIRCLE('',#7757,0.11);
#7757 = AXIS2_PLACEMENT_3D('',#7758,#7759,#7760);
#7758 = CARTESIAN_POINT('',(-2.625,0.2,2.2));
#7759 = DIRECTION('',(-0.,1.,-2.22044604925E-16));
#7760 = DIRECTION('',(-1.,-0.,0.));
#7761 = ORIENTED_EDGE('',*,*,#7723,.F.);
#7762 = ORIENTED_EDGE('',*,*,#7763,.F.);
#7763 = EDGE_CURVE('',#7746,#7724,#7764,.T.);
#7764 = CIRCLE('',#7765,0.11);
#7765 = AXIS2_PLACEMENT_3D('',#7766,#7767,#7768);
#7766 = CARTESIAN_POINT('',(-2.625,4.884981308351E-16,2.2));
#7767 = DIRECTION('',(-0.,1.,-2.22044604925E-16));
#7768 = DIRECTION('',(-1.,-0.,0.));
#7769 = CYLINDRICAL_SURFACE('',#7770,0.11);
#7770 = AXIS2_PLACEMENT_3D('',#7771,#7772,#7773);
#7771 = CARTESIAN_POINT('',(-2.625,4.884981308351E-16,2.2));
#7772 = DIRECTION('',(-0.,-1.,2.22044604925E-16));
#7773 = DIRECTION('',(-1.,-0.,-0.));
#7774 = ADVANCED_FACE('',(#7775),#7791,.F.);
#7775 = FACE_BOUND('',#7776,.T.);
#7776 = EDGE_LOOP('',(#7777,#7778,#7784,#7785));
#7777 = ORIENTED_EDGE('',*,*,#7745,.T.);
#7778 = ORIENTED_EDGE('',*,*,#7779,.T.);
#7779 = EDGE_CURVE('',#7748,#7677,#7780,.T.);
#7780 = LINE('',#7781,#7782);
#7781 = CARTESIAN_POINT('',(-2.625,0.2,2.31));
#7782 = VECTOR('',#7783,1.);
#7783 = DIRECTION('',(-1.,-0.,0.));
#7784 = ORIENTED_EDGE('',*,*,#7674,.F.);
#7785 = ORIENTED_EDGE('',*,*,#7786,.F.);
#7786 = EDGE_CURVE('',#7746,#7675,#7787,.T.);
#7787 = LINE('',#7788,#7789);
#7788 = CARTESIAN_POINT('',(-2.625,5.129230373768E-16,2.31));
#7789 = VECTOR('',#7790,1.);
#7790 = DIRECTION('',(-1.,-0.,0.));
#7791 = PLANE('',#7792);
#7792 = AXIS2_PLACEMENT_3D('',#7793,#7794,#7795);
#7793 = CARTESIAN_POINT('',(-2.625,5.129230373768E-16,2.31));
#7794 = DIRECTION('',(-0.,-2.22044604925E-16,-1.));
#7795 = DIRECTION('',(1.,0.,0.));
#7796 = ADVANCED_FACE('',(#7797),#7803,.F.);
#7797 = FACE_BOUND('',#7798,.T.);
#7798 = EDGE_LOOP('',(#7799,#7800,#7801,#7802));
#7799 = ORIENTED_EDGE('',*,*,#7700,.T.);
#7800 = ORIENTED_EDGE('',*,*,#7731,.T.);
#7801 = ORIENTED_EDGE('',*,*,#7763,.F.);
#7802 = ORIENTED_EDGE('',*,*,#7786,.T.);
#7803 = PLANE('',#7804);
#7804 = AXIS2_PLACEMENT_3D('',#7805,#7806,#7807);
#7805 = CARTESIAN_POINT('',(-2.780513219406,4.884981308351E-16,2.2));
#7806 = DIRECTION('',(0.,1.,0.));
#7807 = DIRECTION('',(0.,0.,-1.));
#7808 = ADVANCED_FACE('',(#7809),#7815,.T.);
#7809 = FACE_BOUND('',#7810,.F.);
#7810 = EDGE_LOOP('',(#7811,#7812,#7813,#7814));
#7811 = ORIENTED_EDGE('',*,*,#7684,.T.);
#7812 = ORIENTED_EDGE('',*,*,#7715,.T.);
#7813 = ORIENTED_EDGE('',*,*,#7755,.F.);
#7814 = ORIENTED_EDGE('',*,*,#7779,.T.);
#7815 = PLANE('',#7816);
#7816 = AXIS2_PLACEMENT_3D('',#7817,#7818,#7819);
#7817 = CARTESIAN_POINT('',(-2.780513219406,0.2,2.2));
#7818 = DIRECTION('',(0.,1.,0.));
#7819 = DIRECTION('',(0.,0.,-1.));
#7820 = ( GEOMETRIC_REPRESENTATION_CONTEXT(3) 
GLOBAL_UNCERTAINTY_ASSIGNED_CONTEXT((#7824)) 
GLOBAL_UNIT_ASSIGNED_CONTEXT((#7821,#7822,#7823)) REPRESENTATION_CONTEXT
('Context #1','3D Context with UNIT and UNCERTAINTY') );
#7821 = ( LENGTH_UNIT() NAMED_UNIT(*) SI_UNIT(.MILLI.,.METRE.) );
#7822 = ( NAMED_UNIT(*) PLANE_ANGLE_UNIT() SI_UNIT($,.RADIAN.) );
#7823 = ( NAMED_UNIT(*) SI_UNIT($,.STERADIAN.) SOLID_ANGLE_UNIT() );
#7824 = UNCERTAINTY_MEASURE_WITH_UNIT(LENGTH_MEASURE(1.E-07),#7821,
  'distance_accuracy_value','confusion accuracy');
#7825 = CONTEXT_DEPENDENT_SHAPE_REPRESENTATION(#7826,#7828);
#7826 = ( REPRESENTATION_RELATIONSHIP('','',#7667,#10) 
REPRESENTATION_RELATIONSHIP_WITH_TRANSFORMATION(#7827) 
SHAPE_REPRESENTATION_RELATIONSHIP() );
#7827 = ITEM_DEFINED_TRANSFORMATION('','',#11,#119);
#7828 = PRODUCT_DEFINITION_SHAPE('Placement','Placement of an item',
  #7829);
#7829 = NEXT_ASSEMBLY_USAGE_OCCURRENCE('4429','Array002_Solid1','',#5,
  #7662,$);
#7830 = PRODUCT_RELATED_PRODUCT_CATEGORY('part',$,(#7664));
#7831 = CONTEXT_DEPENDENT_SHAPE_REPRESENTATION(#7832,#7834);
#7832 = ( REPRESENTATION_RELATIONSHIP('','',#7667,#10) 
REPRESENTATION_RELATIONSHIP_WITH_TRANSFORMATION(#7833) 
SHAPE_REPRESENTATION_RELATIONSHIP() );
#7833 = ITEM_DEFINED_TRANSFORMATION('','',#11,#123);
#7834 = PRODUCT_DEFINITION_SHAPE('Placement','Placement of an item',
  #7835);
#7835 = NEXT_ASSEMBLY_USAGE_OCCURRENCE('4430','Array002_Solid2','',#5,
  #7662,$);
#7836 = CONTEXT_DEPENDENT_SHAPE_REPRESENTATION(#7837,#7839);
#7837 = ( REPRESENTATION_RELATIONSHIP('','',#7667,#10) 
REPRESENTATION_RELATIONSHIP_WITH_TRANSFORMATION(#7838) 
SHAPE_REPRESENTATION_RELATIONSHIP() );
#7838 = ITEM_DEFINED_TRANSFORMATION('','',#11,#127);
#7839 = PRODUCT_DEFINITION_SHAPE('Placement','Placement of an item',
  #7840);
#7840 = NEXT_ASSEMBLY_USAGE_OCCURRENCE('4431','Array002_Solid3','',#5,
  #7662,$);
#7841 = CONTEXT_DEPENDENT_SHAPE_REPRESENTATION(#7842,#7844);
#7842 = ( REPRESENTATION_RELATIONSHIP('','',#7667,#10) 
REPRESENTATION_RELATIONSHIP_WITH_TRANSFORMATION(#7843) 
SHAPE_REPRESENTATION_RELATIONSHIP() );
#7843 = ITEM_DEFINED_TRANSFORMATION('','',#11,#131);
#7844 = PRODUCT_DEFINITION_SHAPE('Placement','Placement of an item',
  #7845);
#7845 = NEXT_ASSEMBLY_USAGE_OCCURRENCE('4432','Array002_Solid4','',#5,
  #7662,$);
#7846 = CONTEXT_DEPENDENT_SHAPE_REPRESENTATION(#7847,#7849);
#7847 = ( REPRESENTATION_RELATIONSHIP('','',#7667,#10) 
REPRESENTATION_RELATIONSHIP_WITH_TRANSFORMATION(#7848) 
SHAPE_REPRESENTATION_RELATIONSHIP() );
#7848 = ITEM_DEFINED_TRANSFORMATION('','',#11,#135);
#7849 = PRODUCT_DEFINITION_SHAPE('Placement','Placement of an item',
  #7850);
#7850 = NEXT_ASSEMBLY_USAGE_OCCURRENCE('4433','Array002_Solid5','',#5,
  #7662,$);
#7851 = CONTEXT_DEPENDENT_SHAPE_REPRESENTATION(#7852,#7854);
#7852 = ( REPRESENTATION_RELATIONSHIP('','',#7667,#10) 
REPRESENTATION_RELATIONSHIP_WITH_TRANSFORMATION(#7853) 
SHAPE_REPRESENTATION_RELATIONSHIP() );
#7853 = ITEM_DEFINED_TRANSFORMATION('','',#11,#139);
#7854 = PRODUCT_DEFINITION_SHAPE('Placement','Placement of an item',
  #7855);
#7855 = NEXT_ASSEMBLY_USAGE_OCCURRENCE('4434','Array002_Solid6','',#5,
  #7662,$);
#7856 = CONTEXT_DEPENDENT_SHAPE_REPRESENTATION(#7857,#7859);
#7857 = ( REPRESENTATION_RELATIONSHIP('','',#7667,#10) 
REPRESENTATION_RELATIONSHIP_WITH_TRANSFORMATION(#7858) 
SHAPE_REPRESENTATION_RELATIONSHIP() );
#7858 = ITEM_DEFINED_TRANSFORMATION('','',#11,#143);
#7859 = PRODUCT_DEFINITION_SHAPE('Placement','Placement of an item',
  #7860);
#7860 = NEXT_ASSEMBLY_USAGE_OCCURRENCE('4435','Array002_Solid7','',#5,
  #7662,$);
#7861 = CONTEXT_DEPENDENT_SHAPE_REPRESENTATION(#7862,#7864);
#7862 = ( REPRESENTATION_RELATIONSHIP('','',#7667,#10) 
REPRESENTATION_RELATIONSHIP_WITH_TRANSFORMATION(#7863) 
SHAPE_REPRESENTATION_RELATIONSHIP() );
#7863 = ITEM_DEFINED_TRANSFORMATION('','',#11,#147);
#7864 = PRODUCT_DEFINITION_SHAPE('Placement','Placement of an item',
  #7865);
#7865 = NEXT_ASSEMBLY_USAGE_OCCURRENCE('4436','Array002_Solid8','',#5,
  #7662,$);
#7866 = CONTEXT_DEPENDENT_SHAPE_REPRESENTATION(#7867,#7869);
#7867 = ( REPRESENTATION_RELATIONSHIP('','',#7667,#10) 
REPRESENTATION_RELATIONSHIP_WITH_TRANSFORMATION(#7868) 
SHAPE_REPRESENTATION_RELATIONSHIP() );
#7868 = ITEM_DEFINED_TRANSFORMATION('','',#11,#151);
#7869 = PRODUCT_DEFINITION_SHAPE('Placement','Placement of an item',
  #7870);
#7870 = NEXT_ASSEMBLY_USAGE_OCCURRENCE('4437','Array002_Solid9','',#5,
  #7662,$);
#7871 = CONTEXT_DEPENDENT_SHAPE_REPRESENTATION(#7872,#7874);
#7872 = ( REPRESENTATION_RELATIONSHIP('','',#7667,#10) 
REPRESENTATION_RELATIONSHIP_WITH_TRANSFORMATION(#7873) 
SHAPE_REPRESENTATION_RELATIONSHIP() );
#7873 = ITEM_DEFINED_TRANSFORMATION('','',#11,#155);
#7874 = PRODUCT_DEFINITION_SHAPE('Placement','Placement of an item',
  #7875);
#7875 = NEXT_ASSEMBLY_USAGE_OCCURRENCE('4438','Array002_Solid10','',#5,
  #7662,$);
#7876 = CONTEXT_DEPENDENT_SHAPE_REPRESENTATION(#7877,#7879);
#7877 = ( REPRESENTATION_RELATIONSHIP('','',#7667,#10) 
REPRESENTATION_RELATIONSHIP_WITH_TRANSFORMATION(#7878) 
SHAPE_REPRESENTATION_RELATIONSHIP() );
#7878 = ITEM_DEFINED_TRANSFORMATION('','',#11,#159);
#7879 = PRODUCT_DEFINITION_SHAPE('Placement','Placement of an item',
  #7880);
#7880 = NEXT_ASSEMBLY_USAGE_OCCURRENCE('4439','Array002_Solid11','',#5,
  #7662,$);
#7881 = CONTEXT_DEPENDENT_SHAPE_REPRESENTATION(#7882,#7884);
#7882 = ( REPRESENTATION_RELATIONSHIP('','',#7667,#10) 
REPRESENTATION_RELATIONSHIP_WITH_TRANSFORMATION(#7883) 
SHAPE_REPRESENTATION_RELATIONSHIP() );
#7883 = ITEM_DEFINED_TRANSFORMATION('','',#11,#163);
#7884 = PRODUCT_DEFINITION_SHAPE('Placement','Placement of an item',
  #7885);
#7885 = NEXT_ASSEMBLY_USAGE_OCCURRENCE('4440','Array002_Solid12','',#5,
  #7662,$);
#7886 = SHAPE_DEFINITION_REPRESENTATION(#7887,#7893);
#7887 = PRODUCT_DEFINITION_SHAPE('','',#7888);
#7888 = PRODUCT_DEFINITION('design','',#7889,#7892);
#7889 = PRODUCT_DEFINITION_FORMATION('','',#7890);
#7890 = PRODUCT('Array003_Solid2','Array003_Solid2','',(#7891));
#7891 = PRODUCT_CONTEXT('',#2,'mechanical');
#7892 = PRODUCT_DEFINITION_CONTEXT('part definition',#2,'design');
#7893 = ADVANCED_BREP_SHAPE_REPRESENTATION('',(#11,#7894),#8046);
#7894 = MANIFOLD_SOLID_BREP('',#7895);
#7895 = CLOSED_SHELL('',(#7896,#7936,#7967,#8000,#8022,#8034));
#7896 = ADVANCED_FACE('',(#7897),#7931,.F.);
#7897 = FACE_BOUND('',#7898,.F.);
#7898 = EDGE_LOOP('',(#7899,#7909,#7917,#7925));
#7899 = ORIENTED_EDGE('',*,*,#7900,.T.);
#7900 = EDGE_CURVE('',#7901,#7903,#7905,.T.);
#7901 = VERTEX_POINT('',#7902);
#7902 = CARTESIAN_POINT('',(3.,5.129230373768E-16,2.31));
#7903 = VERTEX_POINT('',#7904);
#7904 = CARTESIAN_POINT('',(3.,0.2,2.31));
#7905 = LINE('',#7906,#7907);
#7906 = CARTESIAN_POINT('',(3.,5.129230373768E-16,2.31));
#7907 = VECTOR('',#7908,1.);
#7908 = DIRECTION('',(-0.,1.,-2.22044604925E-16));
#7909 = ORIENTED_EDGE('',*,*,#7910,.T.);
#7910 = EDGE_CURVE('',#7903,#7911,#7913,.T.);
#7911 = VERTEX_POINT('',#7912);
#7912 = CARTESIAN_POINT('',(3.,0.2,2.09));
#7913 = LINE('',#7914,#7915);
#7914 = CARTESIAN_POINT('',(3.,0.2,2.31));
#7915 = VECTOR('',#7916,1.);
#7916 = DIRECTION('',(0.,-2.22044604925E-16,-1.));
#7917 = ORIENTED_EDGE('',*,*,#7918,.F.);
#7918 = EDGE_CURVE('',#7919,#7911,#7921,.T.);
#7919 = VERTEX_POINT('',#7920);
#7920 = CARTESIAN_POINT('',(3.,4.640732242933E-16,2.09));
#7921 = LINE('',#7922,#7923);
#7922 = CARTESIAN_POINT('',(3.,4.640732242933E-16,2.09));
#7923 = VECTOR('',#7924,1.);
#7924 = DIRECTION('',(-0.,1.,-2.22044604925E-16));
#7925 = ORIENTED_EDGE('',*,*,#7926,.F.);
#7926 = EDGE_CURVE('',#7901,#7919,#7927,.T.);
#7927 = LINE('',#7928,#7929);
#7928 = CARTESIAN_POINT('',(3.,5.129230373768E-16,2.31));
#7929 = VECTOR('',#7930,1.);
#7930 = DIRECTION('',(0.,-2.22044604925E-16,-1.));
#7931 = PLANE('',#7932);
#7932 = AXIS2_PLACEMENT_3D('',#7933,#7934,#7935);
#7933 = CARTESIAN_POINT('',(3.,5.129230373768E-16,2.31));
#7934 = DIRECTION('',(-1.,-0.,0.));
#7935 = DIRECTION('',(0.,-2.22044604925E-16,-1.));
#7936 = ADVANCED_FACE('',(#7937),#7962,.F.);
#7937 = FACE_BOUND('',#7938,.F.);
#7938 = EDGE_LOOP('',(#7939,#7940,#7948,#7956));
#7939 = ORIENTED_EDGE('',*,*,#7918,.T.);
#7940 = ORIENTED_EDGE('',*,*,#7941,.T.);
#7941 = EDGE_CURVE('',#7911,#7942,#7944,.T.);
#7942 = VERTEX_POINT('',#7943);
#7943 = CARTESIAN_POINT('',(2.625,0.2,2.09));
#7944 = LINE('',#7945,#7946);
#7945 = CARTESIAN_POINT('',(3.,0.2,2.09));
#7946 = VECTOR('',#7947,1.);
#7947 = DIRECTION('',(-1.,0.,0.));
#7948 = ORIENTED_EDGE('',*,*,#7949,.F.);
#7949 = EDGE_CURVE('',#7950,#7942,#7952,.T.);
#7950 = VERTEX_POINT('',#7951);
#7951 = CARTESIAN_POINT('',(2.625,4.640732242933E-16,2.09));
#7952 = LINE('',#7953,#7954);
#7953 = CARTESIAN_POINT('',(2.625,4.640732242933E-16,2.09));
#7954 = VECTOR('',#7955,1.);
#7955 = DIRECTION('',(-0.,1.,-2.22044604925E-16));
#7956 = ORIENTED_EDGE('',*,*,#7957,.F.);
#7957 = EDGE_CURVE('',#7919,#7950,#7958,.T.);
#7958 = LINE('',#7959,#7960);
#7959 = CARTESIAN_POINT('',(3.,4.640732242933E-16,2.09));
#7960 = VECTOR('',#7961,1.);
#7961 = DIRECTION('',(-1.,0.,0.));
#7962 = PLANE('',#7963);
#7963 = AXIS2_PLACEMENT_3D('',#7964,#7965,#7966);
#7964 = CARTESIAN_POINT('',(3.,4.640732242933E-16,2.09));
#7965 = DIRECTION('',(0.,2.22044604925E-16,1.));
#7966 = DIRECTION('',(-1.,-0.,0.));
#7967 = ADVANCED_FACE('',(#7968),#7995,.T.);
#7968 = FACE_BOUND('',#7969,.T.);
#7969 = EDGE_LOOP('',(#7970,#7980,#7987,#7988));
#7970 = ORIENTED_EDGE('',*,*,#7971,.T.);
#7971 = EDGE_CURVE('',#7972,#7974,#7976,.T.);
#7972 = VERTEX_POINT('',#7973);
#7973 = CARTESIAN_POINT('',(2.625,5.129230373768E-16,2.31));
#7974 = VERTEX_POINT('',#7975);
#7975 = CARTESIAN_POINT('',(2.625,0.2,2.31));
#7976 = LINE('',#7977,#7978);
#7977 = CARTESIAN_POINT('',(2.625,5.129230373768E-16,2.31));
#7978 = VECTOR('',#7979,1.);
#7979 = DIRECTION('',(-0.,1.,-2.22044604925E-16));
#7980 = ORIENTED_EDGE('',*,*,#7981,.T.);
#7981 = EDGE_CURVE('',#7974,#7942,#7982,.T.);
#7982 = CIRCLE('',#7983,0.11);
#7983 = AXIS2_PLACEMENT_3D('',#7984,#7985,#7986);
#7984 = CARTESIAN_POINT('',(2.625,0.2,2.2));
#7985 = DIRECTION('',(0.,-1.,2.22044604925E-16));
#7986 = DIRECTION('',(1.,0.,0.));
#7987 = ORIENTED_EDGE('',*,*,#7949,.F.);
#7988 = ORIENTED_EDGE('',*,*,#7989,.F.);
#7989 = EDGE_CURVE('',#7972,#7950,#7990,.T.);
#7990 = CIRCLE('',#7991,0.11);
#7991 = AXIS2_PLACEMENT_3D('',#7992,#7993,#7994);
#7992 = CARTESIAN_POINT('',(2.625,4.884981308351E-16,2.2));
#7993 = DIRECTION('',(0.,-1.,2.22044604925E-16));
#7994 = DIRECTION('',(1.,0.,0.));
#7995 = CYLINDRICAL_SURFACE('',#7996,0.11);
#7996 = AXIS2_PLACEMENT_3D('',#7997,#7998,#7999);
#7997 = CARTESIAN_POINT('',(2.625,4.884981308351E-16,2.2));
#7998 = DIRECTION('',(0.,-1.,2.22044604925E-16));
#7999 = DIRECTION('',(1.,0.,0.));
#8000 = ADVANCED_FACE('',(#8001),#8017,.F.);
#8001 = FACE_BOUND('',#8002,.F.);
#8002 = EDGE_LOOP('',(#8003,#8004,#8010,#8011));
#8003 = ORIENTED_EDGE('',*,*,#7971,.T.);
#8004 = ORIENTED_EDGE('',*,*,#8005,.T.);
#8005 = EDGE_CURVE('',#7974,#7903,#8006,.T.);
#8006 = LINE('',#8007,#8008);
#8007 = CARTESIAN_POINT('',(2.625,0.2,2.31));
#8008 = VECTOR('',#8009,1.);
#8009 = DIRECTION('',(1.,0.,0.));
#8010 = ORIENTED_EDGE('',*,*,#7900,.F.);
#8011 = ORIENTED_EDGE('',*,*,#8012,.F.);
#8012 = EDGE_CURVE('',#7972,#7901,#8013,.T.);
#8013 = LINE('',#8014,#8015);
#8014 = CARTESIAN_POINT('',(2.625,5.129230373768E-16,2.31));
#8015 = VECTOR('',#8016,1.);
#8016 = DIRECTION('',(1.,0.,0.));
#8017 = PLANE('',#8018);
#8018 = AXIS2_PLACEMENT_3D('',#8019,#8020,#8021);
#8019 = CARTESIAN_POINT('',(2.625,5.129230373768E-16,2.31));
#8020 = DIRECTION('',(0.,-2.22044604925E-16,-1.));
#8021 = DIRECTION('',(1.,0.,0.));
#8022 = ADVANCED_FACE('',(#8023),#8029,.F.);
#8023 = FACE_BOUND('',#8024,.F.);
#8024 = EDGE_LOOP('',(#8025,#8026,#8027,#8028));
#8025 = ORIENTED_EDGE('',*,*,#7926,.T.);
#8026 = ORIENTED_EDGE('',*,*,#7957,.T.);
#8027 = ORIENTED_EDGE('',*,*,#7989,.F.);
#8028 = ORIENTED_EDGE('',*,*,#8012,.T.);
#8029 = PLANE('',#8030);
#8030 = AXIS2_PLACEMENT_3D('',#8031,#8032,#8033);
#8031 = CARTESIAN_POINT('',(2.780513219406,4.884981308351E-16,2.2));
#8032 = DIRECTION('',(0.,1.,0.));
#8033 = DIRECTION('',(0.,0.,1.));
#8034 = ADVANCED_FACE('',(#8035),#8041,.T.);
#8035 = FACE_BOUND('',#8036,.T.);
#8036 = EDGE_LOOP('',(#8037,#8038,#8039,#8040));
#8037 = ORIENTED_EDGE('',*,*,#7910,.T.);
#8038 = ORIENTED_EDGE('',*,*,#7941,.T.);
#8039 = ORIENTED_EDGE('',*,*,#7981,.F.);
#8040 = ORIENTED_EDGE('',*,*,#8005,.T.);
#8041 = PLANE('',#8042);
#8042 = AXIS2_PLACEMENT_3D('',#8043,#8044,#8045);
#8043 = CARTESIAN_POINT('',(2.780513219406,0.2,2.2));
#8044 = DIRECTION('',(0.,1.,0.));
#8045 = DIRECTION('',(0.,0.,1.));
#8046 = ( GEOMETRIC_REPRESENTATION_CONTEXT(3) 
GLOBAL_UNCERTAINTY_ASSIGNED_CONTEXT((#8050)) 
GLOBAL_UNIT_ASSIGNED_CONTEXT((#8047,#8048,#8049)) REPRESENTATION_CONTEXT
('Context #1','3D Context with UNIT and UNCERTAINTY') );
#8047 = ( LENGTH_UNIT() NAMED_UNIT(*) SI_UNIT(.MILLI.,.METRE.) );
#8048 = ( NAMED_UNIT(*) PLANE_ANGLE_UNIT() SI_UNIT($,.RADIAN.) );
#8049 = ( NAMED_UNIT(*) SI_UNIT($,.STERADIAN.) SOLID_ANGLE_UNIT() );
#8050 = UNCERTAINTY_MEASURE_WITH_UNIT(LENGTH_MEASURE(1.E-07),#8047,
  'distance_accuracy_value','confusion accuracy');
#8051 = CONTEXT_DEPENDENT_SHAPE_REPRESENTATION(#8052,#8054);
#8052 = ( REPRESENTATION_RELATIONSHIP('','',#7893,#10) 
REPRESENTATION_RELATIONSHIP_WITH_TRANSFORMATION(#8053) 
SHAPE_REPRESENTATION_RELATIONSHIP() );
#8053 = ITEM_DEFINED_TRANSFORMATION('','',#11,#167);
#8054 = PRODUCT_DEFINITION_SHAPE('Placement','Placement of an item',
  #8055);
#8055 = NEXT_ASSEMBLY_USAGE_OCCURRENCE('4441','Array003_Solid2','',#5,
  #7888,$);
#8056 = PRODUCT_RELATED_PRODUCT_CATEGORY('part',$,(#7890));
#8057 = CONTEXT_DEPENDENT_SHAPE_REPRESENTATION(#8058,#8060);
#8058 = ( REPRESENTATION_RELATIONSHIP('','',#7893,#10) 
REPRESENTATION_RELATIONSHIP_WITH_TRANSFORMATION(#8059) 
SHAPE_REPRESENTATION_RELATIONSHIP() );
#8059 = ITEM_DEFINED_TRANSFORMATION('','',#11,#171);
#8060 = PRODUCT_DEFINITION_SHAPE('Placement','Placement of an item',
  #8061);
#8061 = NEXT_ASSEMBLY_USAGE_OCCURRENCE('4442','Array003_Solid3','',#5,
  #7888,$);
#8062 = CONTEXT_DEPENDENT_SHAPE_REPRESENTATION(#8063,#8065);
#8063 = ( REPRESENTATION_RELATIONSHIP('','',#7893,#10) 
REPRESENTATION_RELATIONSHIP_WITH_TRANSFORMATION(#8064) 
SHAPE_REPRESENTATION_RELATIONSHIP() );
#8064 = ITEM_DEFINED_TRANSFORMATION('','',#11,#175);
#8065 = PRODUCT_DEFINITION_SHAPE('Placement','Placement of an item',
  #8066);
#8066 = NEXT_ASSEMBLY_USAGE_OCCURRENCE('4443','Array003_Solid4','',#5,
  #7888,$);
#8067 = CONTEXT_DEPENDENT_SHAPE_REPRESENTATION(#8068,#8070);
#8068 = ( REPRESENTATION_RELATIONSHIP('','',#7893,#10) 
REPRESENTATION_RELATIONSHIP_WITH_TRANSFORMATION(#8069) 
SHAPE_REPRESENTATION_RELATIONSHIP() );
#8069 = ITEM_DEFINED_TRANSFORMATION('','',#11,#179);
#8070 = PRODUCT_DEFINITION_SHAPE('Placement','Placement of an item',
  #8071);
#8071 = NEXT_ASSEMBLY_USAGE_OCCURRENCE('4444','Array003_Solid5','',#5,
  #7888,$);
#8072 = CONTEXT_DEPENDENT_SHAPE_REPRESENTATION(#8073,#8075);
#8073 = ( REPRESENTATION_RELATIONSHIP('','',#7893,#10) 
REPRESENTATION_RELATIONSHIP_WITH_TRANSFORMATION(#8074) 
SHAPE_REPRESENTATION_RELATIONSHIP() );
#8074 = ITEM_DEFINED_TRANSFORMATION('','',#11,#183);
#8075 = PRODUCT_DEFINITION_SHAPE('Placement','Placement of an item',
  #8076);
#8076 = NEXT_ASSEMBLY_USAGE_OCCURRENCE('4445','Array003_Solid6','',#5,
  #7888,$);
#8077 = CONTEXT_DEPENDENT_SHAPE_REPRESENTATION(#8078,#8080);
#8078 = ( REPRESENTATION_RELATIONSHIP('','',#7893,#10) 
REPRESENTATION_RELATIONSHIP_WITH_TRANSFORMATION(#8079) 
SHAPE_REPRESENTATION_RELATIONSHIP() );
#8079 = ITEM_DEFINED_TRANSFORMATION('','',#11,#187);
#8080 = PRODUCT_DEFINITION_SHAPE('Placement','Placement of an item',
  #8081);
#8081 = NEXT_ASSEMBLY_USAGE_OCCURRENCE('4446','Array003_Solid7','',#5,
  #7888,$);
#8082 = CONTEXT_DEPENDENT_SHAPE_REPRESENTATION(#8083,#8085);
#8083 = ( REPRESENTATION_RELATIONSHIP('','',#7893,#10) 
REPRESENTATION_RELATIONSHIP_WITH_TRANSFORMATION(#8084) 
SHAPE_REPRESENTATION_RELATIONSHIP() );
#8084 = ITEM_DEFINED_TRANSFORMATION('','',#11,#191);
#8085 = PRODUCT_DEFINITION_SHAPE('Placement','Placement of an item',
  #8086);
#8086 = NEXT_ASSEMBLY_USAGE_OCCURRENCE('4447','Array003_Solid8','',#5,
  #7888,$);
#8087 = CONTEXT_DEPENDENT_SHAPE_REPRESENTATION(#8088,#8090);
#8088 = ( REPRESENTATION_RELATIONSHIP('','',#7893,#10) 
REPRESENTATION_RELATIONSHIP_WITH_TRANSFORMATION(#8089) 
SHAPE_REPRESENTATION_RELATIONSHIP() );
#8089 = ITEM_DEFINED_TRANSFORMATION('','',#11,#195);
#8090 = PRODUCT_DEFINITION_SHAPE('Placement','Placement of an item',
  #8091);
#8091 = NEXT_ASSEMBLY_USAGE_OCCURRENCE('4448','Array003_Solid9','',#5,
  #7888,$);
#8092 = CONTEXT_DEPENDENT_SHAPE_REPRESENTATION(#8093,#8095);
#8093 = ( REPRESENTATION_RELATIONSHIP('','',#7893,#10) 
REPRESENTATION_RELATIONSHIP_WITH_TRANSFORMATION(#8094) 
SHAPE_REPRESENTATION_RELATIONSHIP() );
#8094 = ITEM_DEFINED_TRANSFORMATION('','',#11,#199);
#8095 = PRODUCT_DEFINITION_SHAPE('Placement','Placement of an item',
  #8096);
#8096 = NEXT_ASSEMBLY_USAGE_OCCURRENCE('4449','Array003_Solid10','',#5,
  #7888,$);
#8097 = CONTEXT_DEPENDENT_SHAPE_REPRESENTATION(#8098,#8100);
#8098 = ( REPRESENTATION_RELATIONSHIP('','',#7893,#10) 
REPRESENTATION_RELATIONSHIP_WITH_TRANSFORMATION(#8099) 
SHAPE_REPRESENTATION_RELATIONSHIP() );
#8099 = ITEM_DEFINED_TRANSFORMATION('','',#11,#203);
#8100 = PRODUCT_DEFINITION_SHAPE('Placement','Placement of an item',
  #8101);
#8101 = NEXT_ASSEMBLY_USAGE_OCCURRENCE('4450','Array003_Solid11','',#5,
  #7888,$);
#8102 = CONTEXT_DEPENDENT_SHAPE_REPRESENTATION(#8103,#8105);
#8103 = ( REPRESENTATION_RELATIONSHIP('','',#7893,#10) 
REPRESENTATION_RELATIONSHIP_WITH_TRANSFORMATION(#8104) 
SHAPE_REPRESENTATION_RELATIONSHIP() );
#8104 = ITEM_DEFINED_TRANSFORMATION('','',#11,#207);
#8105 = PRODUCT_DEFINITION_SHAPE('Placement','Placement of an item',
  #8106);
#8106 = NEXT_ASSEMBLY_USAGE_OCCURRENCE('4451','Array003_Solid12','',#5,
  #7888,$);
#8107 = SHAPE_DEFINITION_REPRESENTATION(#8108,#8114);
#8108 = PRODUCT_DEFINITION_SHAPE('','',#8109);
#8109 = PRODUCT_DEFINITION('design','',#8110,#8113);
#8110 = PRODUCT_DEFINITION_FORMATION('','',#8111);
#8111 = PRODUCT('Body003_Solid1','Body003_Solid1','',(#8112));
#8112 = PRODUCT_CONTEXT('',#2,'mechanical');
#8113 = PRODUCT_DEFINITION_CONTEXT('part definition',#2,'design');
#8114 = ADVANCED_BREP_SHAPE_REPRESENTATION('',(#11,#8115),#8265);
#8115 = MANIFOLD_SOLID_BREP('',#8116);
#8116 = CLOSED_SHELL('',(#8117,#8157,#8188,#8219,#8241,#8253));
#8117 = ADVANCED_FACE('',(#8118),#8152,.T.);
#8118 = FACE_BOUND('',#8119,.T.);
#8119 = EDGE_LOOP('',(#8120,#8130,#8138,#8146));
#8120 = ORIENTED_EDGE('',*,*,#8121,.T.);
#8121 = EDGE_CURVE('',#8122,#8124,#8126,.T.);
#8122 = VERTEX_POINT('',#8123);
#8123 = CARTESIAN_POINT('',(2.15,-4.773959005888E-16,-2.15));
#8124 = VERTEX_POINT('',#8125);
#8125 = CARTESIAN_POINT('',(2.15,5.E-02,-2.15));
#8126 = LINE('',#8127,#8128);
#8127 = CARTESIAN_POINT('',(2.15,-4.773959005888E-16,-2.15));
#8128 = VECTOR('',#8129,1.);
#8129 = DIRECTION('',(-0.,1.,-2.22044604925E-16));
#8130 = ORIENTED_EDGE('',*,*,#8131,.T.);
#8131 = EDGE_CURVE('',#8124,#8132,#8134,.T.);
#8132 = VERTEX_POINT('',#8133);
#8133 = CARTESIAN_POINT('',(2.15,5.E-02,2.15));
#8134 = LINE('',#8135,#8136);
#8135 = CARTESIAN_POINT('',(2.15,5.E-02,-2.15));
#8136 = VECTOR('',#8137,1.);
#8137 = DIRECTION('',(0.,2.22044604925E-16,1.));
#8138 = ORIENTED_EDGE('',*,*,#8139,.F.);
#8139 = EDGE_CURVE('',#8140,#8132,#8142,.T.);
#8140 = VERTEX_POINT('',#8141);
#8141 = CARTESIAN_POINT('',(2.15,4.773959005888E-16,2.15));
#8142 = LINE('',#8143,#8144);
#8143 = CARTESIAN_POINT('',(2.15,4.773959005888E-16,2.15));
#8144 = VECTOR('',#8145,1.);
#8145 = DIRECTION('',(-0.,1.,-2.22044604925E-16));
#8146 = ORIENTED_EDGE('',*,*,#8147,.F.);
#8147 = EDGE_CURVE('',#8122,#8140,#8148,.T.);
#8148 = LINE('',#8149,#8150);
#8149 = CARTESIAN_POINT('',(2.15,-4.773959005888E-16,-2.15));
#8150 = VECTOR('',#8151,1.);
#8151 = DIRECTION('',(0.,2.22044604925E-16,1.));
#8152 = PLANE('',#8153);
#8153 = AXIS2_PLACEMENT_3D('',#8154,#8155,#8156);
#8154 = CARTESIAN_POINT('',(2.15,-4.773959005888E-16,-2.15));
#8155 = DIRECTION('',(1.,0.,0.));
#8156 = DIRECTION('',(0.,2.22044604925E-16,1.));
#8157 = ADVANCED_FACE('',(#8158),#8183,.T.);
#8158 = FACE_BOUND('',#8159,.T.);
#8159 = EDGE_LOOP('',(#8160,#8161,#8169,#8177));
#8160 = ORIENTED_EDGE('',*,*,#8139,.T.);
#8161 = ORIENTED_EDGE('',*,*,#8162,.T.);
#8162 = EDGE_CURVE('',#8132,#8163,#8165,.T.);
#8163 = VERTEX_POINT('',#8164);
#8164 = CARTESIAN_POINT('',(-2.15,5.E-02,2.15));
#8165 = LINE('',#8166,#8167);
#8166 = CARTESIAN_POINT('',(2.15,5.E-02,2.15));
#8167 = VECTOR('',#8168,1.);
#8168 = DIRECTION('',(-1.,0.,0.));
#8169 = ORIENTED_EDGE('',*,*,#8170,.F.);
#8170 = EDGE_CURVE('',#8171,#8163,#8173,.T.);
#8171 = VERTEX_POINT('',#8172);
#8172 = CARTESIAN_POINT('',(-2.15,4.773959005888E-16,2.15));
#8173 = LINE('',#8174,#8175);
#8174 = CARTESIAN_POINT('',(-2.15,4.773959005888E-16,2.15));
#8175 = VECTOR('',#8176,1.);
#8176 = DIRECTION('',(-0.,1.,-2.22044604925E-16));
#8177 = ORIENTED_EDGE('',*,*,#8178,.F.);
#8178 = EDGE_CURVE('',#8140,#8171,#8179,.T.);
#8179 = LINE('',#8180,#8181);
#8180 = CARTESIAN_POINT('',(2.15,4.773959005888E-16,2.15));
#8181 = VECTOR('',#8182,1.);
#8182 = DIRECTION('',(-1.,0.,0.));
#8183 = PLANE('',#8184);
#8184 = AXIS2_PLACEMENT_3D('',#8185,#8186,#8187);
#8185 = CARTESIAN_POINT('',(2.15,4.773959005888E-16,2.15));
#8186 = DIRECTION('',(0.,2.22044604925E-16,1.));
#8187 = DIRECTION('',(-1.,-0.,0.));
#8188 = ADVANCED_FACE('',(#8189),#8214,.T.);
#8189 = FACE_BOUND('',#8190,.T.);
#8190 = EDGE_LOOP('',(#8191,#8192,#8200,#8208));
#8191 = ORIENTED_EDGE('',*,*,#8170,.T.);
#8192 = ORIENTED_EDGE('',*,*,#8193,.T.);
#8193 = EDGE_CURVE('',#8163,#8194,#8196,.T.);
#8194 = VERTEX_POINT('',#8195);
#8195 = CARTESIAN_POINT('',(-2.15,5.E-02,-2.15));
#8196 = LINE('',#8197,#8198);
#8197 = CARTESIAN_POINT('',(-2.15,5.E-02,2.15));
#8198 = VECTOR('',#8199,1.);
#8199 = DIRECTION('',(0.,-2.22044604925E-16,-1.));
#8200 = ORIENTED_EDGE('',*,*,#8201,.F.);
#8201 = EDGE_CURVE('',#8202,#8194,#8204,.T.);
#8202 = VERTEX_POINT('',#8203);
#8203 = CARTESIAN_POINT('',(-2.15,-4.773959005888E-16,-2.15));
#8204 = LINE('',#8205,#8206);
#8205 = CARTESIAN_POINT('',(-2.15,-4.773959005888E-16,-2.15));
#8206 = VECTOR('',#8207,1.);
#8207 = DIRECTION('',(-0.,1.,-2.22044604925E-16));
#8208 = ORIENTED_EDGE('',*,*,#8209,.F.);
#8209 = EDGE_CURVE('',#8171,#8202,#8210,.T.);
#8210 = LINE('',#8211,#8212);
#8211 = CARTESIAN_POINT('',(-2.15,4.773959005888E-16,2.15));
#8212 = VECTOR('',#8213,1.);
#8213 = DIRECTION('',(0.,-2.22044604925E-16,-1.));
#8214 = PLANE('',#8215);
#8215 = AXIS2_PLACEMENT_3D('',#8216,#8217,#8218);
#8216 = CARTESIAN_POINT('',(-2.15,4.773959005888E-16,2.15));
#8217 = DIRECTION('',(-1.,-0.,0.));
#8218 = DIRECTION('',(0.,-2.22044604925E-16,-1.));
#8219 = ADVANCED_FACE('',(#8220),#8236,.T.);
#8220 = FACE_BOUND('',#8221,.T.);
#8221 = EDGE_LOOP('',(#8222,#8223,#8229,#8230));
#8222 = ORIENTED_EDGE('',*,*,#8201,.T.);
#8223 = ORIENTED_EDGE('',*,*,#8224,.T.);
#8224 = EDGE_CURVE('',#8194,#8124,#8225,.T.);
#8225 = LINE('',#8226,#8227);
#8226 = CARTESIAN_POINT('',(-2.15,5.E-02,-2.15));
#8227 = VECTOR('',#8228,1.);
#8228 = DIRECTION('',(1.,0.,0.));
#8229 = ORIENTED_EDGE('',*,*,#8121,.F.);
#8230 = ORIENTED_EDGE('',*,*,#8231,.F.);
#8231 = EDGE_CURVE('',#8202,#8122,#8232,.T.);
#8232 = LINE('',#8233,#8234);
#8233 = CARTESIAN_POINT('',(-2.15,-4.773959005888E-16,-2.15));
#8234 = VECTOR('',#8235,1.);
#8235 = DIRECTION('',(1.,0.,0.));
#8236 = PLANE('',#8237);
#8237 = AXIS2_PLACEMENT_3D('',#8238,#8239,#8240);
#8238 = CARTESIAN_POINT('',(-2.15,-4.773959005888E-16,-2.15));
#8239 = DIRECTION('',(0.,-2.22044604925E-16,-1.));
#8240 = DIRECTION('',(1.,0.,0.));
#8241 = ADVANCED_FACE('',(#8242),#8248,.F.);
#8242 = FACE_BOUND('',#8243,.T.);
#8243 = EDGE_LOOP('',(#8244,#8245,#8246,#8247));
#8244 = ORIENTED_EDGE('',*,*,#8147,.T.);
#8245 = ORIENTED_EDGE('',*,*,#8178,.T.);
#8246 = ORIENTED_EDGE('',*,*,#8209,.T.);
#8247 = ORIENTED_EDGE('',*,*,#8231,.T.);
#8248 = PLANE('',#8249);
#8249 = AXIS2_PLACEMENT_3D('',#8250,#8251,#8252);
#8250 = CARTESIAN_POINT('',(1.032765604302E-16,2.293200305875E-32,
    1.032765604302E-16));
#8251 = DIRECTION('',(0.,1.,0.));
#8252 = DIRECTION('',(0.,0.,1.));
#8253 = ADVANCED_FACE('',(#8254),#8260,.T.);
#8254 = FACE_BOUND('',#8255,.F.);
#8255 = EDGE_LOOP('',(#8256,#8257,#8258,#8259));
#8256 = ORIENTED_EDGE('',*,*,#8131,.T.);
#8257 = ORIENTED_EDGE('',*,*,#8162,.T.);
#8258 = ORIENTED_EDGE('',*,*,#8193,.T.);
#8259 = ORIENTED_EDGE('',*,*,#8224,.T.);
#8260 = PLANE('',#8261);
#8261 = AXIS2_PLACEMENT_3D('',#8262,#8263,#8264);
#8262 = CARTESIAN_POINT('',(1.032765604302E-16,5.E-02,9.020562075079E-17
    ));
#8263 = DIRECTION('',(0.,1.,0.));
#8264 = DIRECTION('',(0.,0.,1.));
#8265 = ( GEOMETRIC_REPRESENTATION_CONTEXT(3) 
GLOBAL_UNCERTAINTY_ASSIGNED_CONTEXT((#8269)) 
GLOBAL_UNIT_ASSIGNED_CONTEXT((#8266,#8267,#8268)) REPRESENTATION_CONTEXT
('Context #1','3D Context with UNIT and UNCERTAINTY') );
#8266 = ( LENGTH_UNIT() NAMED_UNIT(*) SI_UNIT(.MILLI.,.METRE.) );
#8267 = ( NAMED_UNIT(*) PLANE_ANGLE_UNIT() SI_UNIT($,.RADIAN.) );
#8268 = ( NAMED_UNIT(*) SI_UNIT($,.STERADIAN.) SOLID_ANGLE_UNIT() );
#8269 = UNCERTAINTY_MEASURE_WITH_UNIT(LENGTH_MEASURE(1.E-07),#8266,
  'distance_accuracy_value','confusion accuracy');
#8270 = CONTEXT_DEPENDENT_SHAPE_REPRESENTATION(#8271,#8273);
#8271 = ( REPRESENTATION_RELATIONSHIP('','',#8114,#10) 
REPRESENTATION_RELATIONSHIP_WITH_TRANSFORMATION(#8272) 
SHAPE_REPRESENTATION_RELATIONSHIP() );
#8272 = ITEM_DEFINED_TRANSFORMATION('','',#11,#211);
#8273 = PRODUCT_DEFINITION_SHAPE('Placement','Placement of an item',
  #8274);
#8274 = NEXT_ASSEMBLY_USAGE_OCCURRENCE('4452','Body003_Solid1','',#5,
  #8109,$);
#8275 = PRODUCT_RELATED_PRODUCT_CATEGORY('part',$,(#8111));
#8276 = SHAPE_DEFINITION_REPRESENTATION(#8277,#8283);
#8277 = PRODUCT_DEFINITION_SHAPE('','',#8278);
#8278 = PRODUCT_DEFINITION('design','',#8279,#8282);
#8279 = PRODUCT_DEFINITION_FORMATION('','',#8280);
#8280 = PRODUCT('Body004_Solid1','Body004_Solid1','',(#8281));
#8281 = PRODUCT_CONTEXT('',#2,'mechanical');
#8282 = PRODUCT_DEFINITION_CONTEXT('part definition',#2,'design');
#8283 = ADVANCED_BREP_SHAPE_REPRESENTATION('',(#11,#8284),#8337);
#8284 = MANIFOLD_SOLID_BREP('',#8285);
#8285 = CLOSED_SHELL('',(#8286,#8319,#8328));
#8286 = ADVANCED_FACE('',(#8287),#8314,.T.);
#8287 = FACE_BOUND('',#8288,.F.);
#8288 = EDGE_LOOP('',(#8289,#8298,#8306,#8313));
#8289 = ORIENTED_EDGE('',*,*,#8290,.F.);
#8290 = EDGE_CURVE('',#8291,#8291,#8293,.T.);
#8291 = VERTEX_POINT('',#8292);
#8292 = CARTESIAN_POINT('',(-2.442857142857,0.999,-2.142857142857));
#8293 = CIRCLE('',#8294,0.3);
#8294 = AXIS2_PLACEMENT_3D('',#8295,#8296,#8297);
#8295 = CARTESIAN_POINT('',(-2.142857142857,0.999,-2.142857142857));
#8296 = DIRECTION('',(0.,1.,-2.22044604925E-16));
#8297 = DIRECTION('',(-1.,0.,0.));
#8298 = ORIENTED_EDGE('',*,*,#8299,.T.);
#8299 = EDGE_CURVE('',#8291,#8300,#8302,.T.);
#8300 = VERTEX_POINT('',#8301);
#8301 = CARTESIAN_POINT('',(-2.442857142857,1.,-2.142857142857));
#8302 = LINE('',#8303,#8304);
#8303 = CARTESIAN_POINT('',(-2.442857142857,0.999,-2.142857142857));
#8304 = VECTOR('',#8305,1.);
#8305 = DIRECTION('',(0.,1.,-2.22044604925E-16));
#8306 = ORIENTED_EDGE('',*,*,#8307,.F.);
#8307 = EDGE_CURVE('',#8300,#8300,#8308,.T.);
#8308 = CIRCLE('',#8309,0.3);
#8309 = AXIS2_PLACEMENT_3D('',#8310,#8311,#8312);
#8310 = CARTESIAN_POINT('',(-2.142857142857,1.,-2.142857142857));
#8311 = DIRECTION('',(0.,-1.,2.22044604925E-16));
#8312 = DIRECTION('',(-1.,0.,0.));
#8313 = ORIENTED_EDGE('',*,*,#8299,.F.);
#8314 = CYLINDRICAL_SURFACE('',#8315,0.3);
#8315 = AXIS2_PLACEMENT_3D('',#8316,#8317,#8318);
#8316 = CARTESIAN_POINT('',(-2.142857142857,0.999,-2.142857142857));
#8317 = DIRECTION('',(0.,-1.,2.22044604925E-16));
#8318 = DIRECTION('',(-1.,0.,0.));
#8319 = ADVANCED_FACE('',(#8320),#8323,.F.);
#8320 = FACE_BOUND('',#8321,.F.);
#8321 = EDGE_LOOP('',(#8322));
#8322 = ORIENTED_EDGE('',*,*,#8290,.T.);
#8323 = PLANE('',#8324);
#8324 = AXIS2_PLACEMENT_3D('',#8325,#8326,#8327);
#8325 = CARTESIAN_POINT('',(-2.142857142857,0.999,-2.142857142857));
#8326 = DIRECTION('',(0.,1.,0.));
#8327 = DIRECTION('',(0.,0.,1.));
#8328 = ADVANCED_FACE('',(#8329),#8332,.T.);
#8329 = FACE_BOUND('',#8330,.T.);
#8330 = EDGE_LOOP('',(#8331));
#8331 = ORIENTED_EDGE('',*,*,#8307,.F.);
#8332 = PLANE('',#8333);
#8333 = AXIS2_PLACEMENT_3D('',#8334,#8335,#8336);
#8334 = CARTESIAN_POINT('',(0.,1.,-2.22044604925E-16));
#8335 = DIRECTION('',(0.,1.,0.));
#8336 = DIRECTION('',(0.,0.,1.));
#8337 = ( GEOMETRIC_REPRESENTATION_CONTEXT(3) 
GLOBAL_UNCERTAINTY_ASSIGNED_CONTEXT((#8341)) 
GLOBAL_UNIT_ASSIGNED_CONTEXT((#8338,#8339,#8340)) REPRESENTATION_CONTEXT
('Context #1','3D Context with UNIT and UNCERTAINTY') );
#8338 = ( LENGTH_UNIT() NAMED_UNIT(*) SI_UNIT(.MILLI.,.METRE.) );
#8339 = ( NAMED_UNIT(*) PLANE_ANGLE_UNIT() SI_UNIT($,.RADIAN.) );
#8340 = ( NAMED_UNIT(*) SI_UNIT($,.STERADIAN.) SOLID_ANGLE_UNIT() );
#8341 = UNCERTAINTY_MEASURE_WITH_UNIT(LENGTH_MEASURE(1.E-07),#8338,
  'distance_accuracy_value','confusion accuracy');
#8342 = CONTEXT_DEPENDENT_SHAPE_REPRESENTATION(#8343,#8345);
#8343 = ( REPRESENTATION_RELATIONSHIP('','',#8283,#10) 
REPRESENTATION_RELATIONSHIP_WITH_TRANSFORMATION(#8344) 
SHAPE_REPRESENTATION_RELATIONSHIP() );
#8344 = ITEM_DEFINED_TRANSFORMATION('','',#11,#215);
#8345 = PRODUCT_DEFINITION_SHAPE('Placement','Placement of an item',
  #8346);
#8346 = NEXT_ASSEMBLY_USAGE_OCCURRENCE('4453','Body004_Solid1','',#5,
  #8278,$);
#8347 = PRODUCT_RELATED_PRODUCT_CATEGORY('part',$,(#8280));
#8348 = SHAPE_DEFINITION_REPRESENTATION(#7216,#8349);
#8349 = SHAPE_REPRESENTATION('',(#27),#7202);
#8350 = SHAPE_DEFINITION_REPRESENTATION(#7221,#8351);
#8351 = SHAPE_REPRESENTATION('',(#31),#7202);
#8352 = SHAPE_DEFINITION_REPRESENTATION(#7226,#8353);
#8353 = SHAPE_REPRESENTATION('',(#35),#7202);
#8354 = SHAPE_DEFINITION_REPRESENTATION(#7231,#8355);
#8355 = SHAPE_REPRESENTATION('',(#39),#7202);
#8356 = SHAPE_DEFINITION_REPRESENTATION(#7236,#8357);
#8357 = SHAPE_REPRESENTATION('',(#43),#7202);
#8358 = SHAPE_DEFINITION_REPRESENTATION(#7241,#8359);
#8359 = SHAPE_REPRESENTATION('',(#47),#7202);
#8360 = SHAPE_DEFINITION_REPRESENTATION(#7246,#8361);
#8361 = SHAPE_REPRESENTATION('',(#51),#7202);
#8362 = SHAPE_DEFINITION_REPRESENTATION(#7251,#8363);
#8363 = SHAPE_REPRESENTATION('',(#55),#7202);
#8364 = SHAPE_DEFINITION_REPRESENTATION(#7256,#8365);
#8365 = SHAPE_REPRESENTATION('',(#59),#7202);
#8366 = SHAPE_DEFINITION_REPRESENTATION(#7261,#8367);
#8367 = SHAPE_REPRESENTATION('',(#63),#7202);
#8368 = SHAPE_DEFINITION_REPRESENTATION(#7266,#8369);
#8369 = SHAPE_REPRESENTATION('',(#67),#7202);
#8370 = SHAPE_DEFINITION_REPRESENTATION(#7442,#8371);
#8371 = SHAPE_REPRESENTATION('',(#75),#7428);
#8372 = SHAPE_DEFINITION_REPRESENTATION(#7447,#8373);
#8373 = SHAPE_REPRESENTATION('',(#79),#7428);
#8374 = SHAPE_DEFINITION_REPRESENTATION(#7452,#8375);
#8375 = SHAPE_REPRESENTATION('',(#83),#7428);
#8376 = SHAPE_DEFINITION_REPRESENTATION(#7457,#8377);
#8377 = SHAPE_REPRESENTATION('',(#87),#7428);
#8378 = SHAPE_DEFINITION_REPRESENTATION(#7462,#8379);
#8379 = SHAPE_REPRESENTATION('',(#91),#7428);
#8380 = SHAPE_DEFINITION_REPRESENTATION(#7467,#8381);
#8381 = SHAPE_REPRESENTATION('',(#95),#7428);
#8382 = SHAPE_DEFINITION_REPRESENTATION(#7472,#8383);
#8383 = SHAPE_REPRESENTATION('',(#99),#7428);
#8384 = SHAPE_DEFINITION_REPRESENTATION(#7477,#8385);
#8385 = SHAPE_REPRESENTATION('',(#103),#7428);
#8386 = SHAPE_DEFINITION_REPRESENTATION(#7482,#8387);
#8387 = SHAPE_REPRESENTATION('',(#107),#7428);
#8388 = SHAPE_DEFINITION_REPRESENTATION(#7487,#8389);
#8389 = SHAPE_REPRESENTATION('',(#111),#7428);
#8390 = SHAPE_DEFINITION_REPRESENTATION(#7834,#8391);
#8391 = SHAPE_REPRESENTATION('',(#123),#7820);
#8392 = SHAPE_DEFINITION_REPRESENTATION(#7839,#8393);
#8393 = SHAPE_REPRESENTATION('',(#127),#7820);
#8394 = SHAPE_DEFINITION_REPRESENTATION(#7844,#8395);
#8395 = SHAPE_REPRESENTATION('',(#131),#7820);
#8396 = SHAPE_DEFINITION_REPRESENTATION(#7849,#8397);
#8397 = SHAPE_REPRESENTATION('',(#135),#7820);
#8398 = SHAPE_DEFINITION_REPRESENTATION(#7854,#8399);
#8399 = SHAPE_REPRESENTATION('',(#139),#7820);
#8400 = SHAPE_DEFINITION_REPRESENTATION(#7859,#8401);
#8401 = SHAPE_REPRESENTATION('',(#143),#7820);
#8402 = SHAPE_DEFINITION_REPRESENTATION(#7864,#8403);
#8403 = SHAPE_REPRESENTATION('',(#147),#7820);
#8404 = SHAPE_DEFINITION_REPRESENTATION(#7869,#8405);
#8405 = SHAPE_REPRESENTATION('',(#151),#7820);
#8406 = SHAPE_DEFINITION_REPRESENTATION(#7874,#8407);
#8407 = SHAPE_REPRESENTATION('',(#155),#7820);
#8408 = SHAPE_DEFINITION_REPRESENTATION(#7879,#8409);
#8409 = SHAPE_REPRESENTATION('',(#159),#7820);
#8410 = SHAPE_DEFINITION_REPRESENTATION(#7884,#8411);
#8411 = SHAPE_REPRESENTATION('',(#163),#7820);
#8412 = SHAPE_DEFINITION_REPRESENTATION(#8060,#8413);
#8413 = SHAPE_REPRESENTATION('',(#171),#8046);
#8414 = SHAPE_DEFINITION_REPRESENTATION(#8065,#8415);
#8415 = SHAPE_REPRESENTATION('',(#175),#8046);
#8416 = SHAPE_DEFINITION_REPRESENTATION(#8070,#8417);
#8417 = SHAPE_REPRESENTATION('',(#179),#8046);
#8418 = SHAPE_DEFINITION_REPRESENTATION(#8075,#8419);
#8419 = SHAPE_REPRESENTATION('',(#183),#8046);
#8420 = SHAPE_DEFINITION_REPRESENTATION(#8080,#8421);
#8421 = SHAPE_REPRESENTATION('',(#187),#8046);
#8422 = SHAPE_DEFINITION_REPRESENTATION(#8085,#8423);
#8423 = SHAPE_REPRESENTATION('',(#191),#8046);
#8424 = SHAPE_DEFINITION_REPRESENTATION(#8090,#8425);
#8425 = SHAPE_REPRESENTATION('',(#195),#8046);
#8426 = SHAPE_DEFINITION_REPRESENTATION(#8095,#8427);
#8427 = SHAPE_REPRESENTATION('',(#199),#8046);
#8428 = SHAPE_DEFINITION_REPRESENTATION(#8100,#8429);
#8429 = SHAPE_REPRESENTATION('',(#203),#8046);
#8430 = SHAPE_DEFINITION_REPRESENTATION(#8105,#8431);
#8431 = SHAPE_REPRESENTATION('',(#207),#8046);
#8432 = SHAPE_DEFINITION_REPRESENTATION(#7216,#8433);
#8433 = SHAPE_REPRESENTATION('',(#27),#7202);
#8434 = SHAPE_DEFINITION_REPRESENTATION(#7221,#8435);
#8435 = SHAPE_REPRESENTATION('',(#31),#7202);
#8436 = SHAPE_DEFINITION_REPRESENTATION(#7226,#8437);
#8437 = SHAPE_REPRESENTATION('',(#35),#7202);
#8438 = SHAPE_DEFINITION_REPRESENTATION(#7231,#8439);
#8439 = SHAPE_REPRESENTATION('',(#39),#7202);
#8440 = SHAPE_DEFINITION_REPRESENTATION(#7236,#8441);
#8441 = SHAPE_REPRESENTATION('',(#43),#7202);
#8442 = SHAPE_DEFINITION_REPRESENTATION(#7241,#8443);
#8443 = SHAPE_REPRESENTATION('',(#47),#7202);
#8444 = SHAPE_DEFINITION_REPRESENTATION(#7246,#8445);
#8445 = SHAPE_REPRESENTATION('',(#51),#7202);
#8446 = SHAPE_DEFINITION_REPRESENTATION(#7251,#8447);
#8447 = SHAPE_REPRESENTATION('',(#55),#7202);
#8448 = SHAPE_DEFINITION_REPRESENTATION(#7256,#8449);
#8449 = SHAPE_REPRESENTATION('',(#59),#7202);
#8450 = SHAPE_DEFINITION_REPRESENTATION(#7261,#8451);
#8451 = SHAPE_REPRESENTATION('',(#63),#7202);
#8452 = SHAPE_DEFINITION_REPRESENTATION(#7266,#8453);
#8453 = SHAPE_REPRESENTATION('',(#67),#7202);
#8454 = SHAPE_DEFINITION_REPRESENTATION(#7442,#8455);
#8455 = SHAPE_REPRESENTATION('',(#75),#7428);
#8456 = SHAPE_DEFINITION_REPRESENTATION(#7447,#8457);
#8457 = SHAPE_REPRESENTATION('',(#79),#7428);
#8458 = SHAPE_DEFINITION_REPRESENTATION(#7452,#8459);
#8459 = SHAPE_REPRESENTATION('',(#83),#7428);
#8460 = SHAPE_DEFINITION_REPRESENTATION(#7457,#8461);
#8461 = SHAPE_REPRESENTATION('',(#87),#7428);
#8462 = SHAPE_DEFINITION_REPRESENTATION(#7462,#8463);
#8463 = SHAPE_REPRESENTATION('',(#91),#7428);
#8464 = SHAPE_DEFINITION_REPRESENTATION(#7467,#8465);
#8465 = SHAPE_REPRESENTATION('',(#95),#7428);
#8466 = SHAPE_DEFINITION_REPRESENTATION(#7472,#8467);
#8467 = SHAPE_REPRESENTATION('',(#99),#7428);
#8468 = SHAPE_DEFINITION_REPRESENTATION(#7477,#8469);
#8469 = SHAPE_REPRESENTATION('',(#103),#7428);
#8470 = SHAPE_DEFINITION_REPRESENTATION(#7482,#8471);
#8471 = SHAPE_REPRESENTATION('',(#107),#7428);
#8472 = SHAPE_DEFINITION_REPRESENTATION(#7487,#8473);
#8473 = SHAPE_REPRESENTATION('',(#111),#7428);
#8474 = SHAPE_DEFINITION_REPRESENTATION(#7834,#8475);
#8475 = SHAPE_REPRESENTATION('',(#123),#7820);
#8476 = SHAPE_DEFINITION_REPRESENTATION(#7839,#8477);
#8477 = SHAPE_REPRESENTATION('',(#127),#7820);
#8478 = SHAPE_DEFINITION_REPRESENTATION(#7844,#8479);
#8479 = SHAPE_REPRESENTATION('',(#131),#7820);
#8480 = SHAPE_DEFINITION_REPRESENTATION(#7849,#8481);
#8481 = SHAPE_REPRESENTATION('',(#135),#7820);
#8482 = SHAPE_DEFINITION_REPRESENTATION(#7854,#8483);
#8483 = SHAPE_REPRESENTATION('',(#139),#7820);
#8484 = SHAPE_DEFINITION_REPRESENTATION(#7859,#8485);
#8485 = SHAPE_REPRESENTATION('',(#143),#7820);
#8486 = SHAPE_DEFINITION_REPRESENTATION(#7864,#8487);
#8487 = SHAPE_REPRESENTATION('',(#147),#7820);
#8488 = SHAPE_DEFINITION_REPRESENTATION(#7869,#8489);
#8489 = SHAPE_REPRESENTATION('',(#151),#7820);
#8490 = SHAPE_DEFINITION_REPRESENTATION(#7874,#8491);
#8491 = SHAPE_REPRESENTATION('',(#155),#7820);
#8492 = SHAPE_DEFINITION_REPRESENTATION(#7879,#8493);
#8493 = SHAPE_REPRESENTATION('',(#159),#7820);
#8494 = SHAPE_DEFINITION_REPRESENTATION(#7884,#8495);
#8495 = SHAPE_REPRESENTATION('',(#163),#7820);
#8496 = SHAPE_DEFINITION_REPRESENTATION(#8060,#8497);
#8497 = SHAPE_REPRESENTATION('',(#171),#8046);
#8498 = SHAPE_DEFINITION_REPRESENTATION(#8065,#8499);
#8499 = SHAPE_REPRESENTATION('',(#175),#8046);
#8500 = SHAPE_DEFINITION_REPRESENTATION(#8070,#8501);
#8501 = SHAPE_REPRESENTATION('',(#179),#8046);
#8502 = SHAPE_DEFINITION_REPRESENTATION(#8075,#8503);
#8503 = SHAPE_REPRESENTATION('',(#183),#8046);
#8504 = SHAPE_DEFINITION_REPRESENTATION(#8080,#8505);
#8505 = SHAPE_REPRESENTATION('',(#187),#8046);
#8506 = SHAPE_DEFINITION_REPRESENTATION(#8085,#8507);
#8507 = SHAPE_REPRESENTATION('',(#191),#8046);
#8508 = SHAPE_DEFINITION_REPRESENTATION(#8090,#8509);
#8509 = SHAPE_REPRESENTATION('',(#195),#8046);
#8510 = SHAPE_DEFINITION_REPRESENTATION(#8095,#8511);
#8511 = SHAPE_REPRESENTATION('',(#199),#8046);
#8512 = SHAPE_DEFINITION_REPRESENTATION(#8100,#8513);
#8513 = SHAPE_REPRESENTATION('',(#203),#8046);
#8514 = SHAPE_DEFINITION_REPRESENTATION(#8105,#8515);
#8515 = SHAPE_REPRESENTATION('',(#207),#8046);
#8516 = MECHANICAL_DESIGN_GEOMETRIC_PRESENTATION_REPRESENTATION('',(
    #8517),#7031);
#8517 = STYLED_ITEM('color',(#8518),#6879);
#8518 = PRESENTATION_STYLE_ASSIGNMENT((#8519,#8525));
#8519 = SURFACE_STYLE_USAGE(.BOTH.,#8520);
#8520 = SURFACE_SIDE_STYLE('',(#8521));
#8521 = SURFACE_STYLE_FILL_AREA(#8522);
#8522 = FILL_AREA_STYLE('',(#8523));
#8523 = FILL_AREA_STYLE_COLOUR('',#8524);
#8524 = COLOUR_RGB('',0.796078452645,0.823529417451,0.937254901616);
#8525 = CURVE_STYLE('',#8526,POSITIVE_LENGTH_MEASURE(0.1),#8527);
#8526 = DRAUGHTING_PRE_DEFINED_CURVE_FONT('continuous');
#8527 = COLOUR_RGB('',9.803921802644E-02,9.803921802644E-02,
  9.803921802644E-02);
#8528 = MECHANICAL_DESIGN_GEOMETRIC_PRESENTATION_REPRESENTATION('',(
    #8529),#8337);
#8529 = STYLED_ITEM('color',(#8530),#8284);
#8530 = PRESENTATION_STYLE_ASSIGNMENT((#8531,#8537));
#8531 = SURFACE_STYLE_USAGE(.BOTH.,#8532);
#8532 = SURFACE_SIDE_STYLE('',(#8533));
#8533 = SURFACE_STYLE_FILL_AREA(#8534);
#8534 = FILL_AREA_STYLE('',(#8535));
#8535 = FILL_AREA_STYLE_COLOUR('',#8536);
#8536 = DRAUGHTING_PRE_DEFINED_COLOUR('white');
#8537 = CURVE_STYLE('',#8538,POSITIVE_LENGTH_MEASURE(0.1),#8527);
#8538 = DRAUGHTING_PRE_DEFINED_CURVE_FONT('continuous');
#8539 = MECHANICAL_DESIGN_GEOMETRIC_PRESENTATION_REPRESENTATION('',(
    #8540,#8549,#8558,#8567,#8576,#8585,#8594,#8603,#8612,#8621,#8630,
    #8639,#8648,#8659,#8668,#8677,#8686,#8695,#8704,#8713,#8722,#8731,
    #8740),#7820);
#8540 = STYLED_ITEM('color',(#8541),#7668);
#8541 = PRESENTATION_STYLE_ASSIGNMENT((#8542,#8547));
#8542 = SURFACE_STYLE_USAGE(.BOTH.,#8543);
#8543 = SURFACE_SIDE_STYLE('',(#8544));
#8544 = SURFACE_STYLE_FILL_AREA(#8545);
#8545 = FILL_AREA_STYLE('',(#8546));
#8546 = FILL_AREA_STYLE_COLOUR('',#8524);
#8547 = CURVE_STYLE('',#8548,POSITIVE_LENGTH_MEASURE(0.1),#8527);
#8548 = DRAUGHTING_PRE_DEFINED_CURVE_FONT('continuous');
#8549 = OVER_RIDING_STYLED_ITEM('overriding color',(#8550),#7668,#8540);
#8550 = PRESENTATION_STYLE_BY_CONTEXT((#8551,#8556),#8391);
#8551 = SURFACE_STYLE_USAGE(.BOTH.,#8552);
#8552 = SURFACE_SIDE_STYLE('',(#8553));
#8553 = SURFACE_STYLE_FILL_AREA(#8554);
#8554 = FILL_AREA_STYLE('',(#8555));
#8555 = FILL_AREA_STYLE_COLOUR('',#8524);
#8556 = CURVE_STYLE('',#8557,POSITIVE_LENGTH_MEASURE(0.1),#8527);
#8557 = DRAUGHTING_PRE_DEFINED_CURVE_FONT('continuous');
#8558 = OVER_RIDING_STYLED_ITEM('overriding color',(#8559),#7668,#8540);
#8559 = PRESENTATION_STYLE_BY_CONTEXT((#8560,#8565),#8393);
#8560 = SURFACE_STYLE_USAGE(.BOTH.,#8561);
#8561 = SURFACE_SIDE_STYLE('',(#8562));
#8562 = SURFACE_STYLE_FILL_AREA(#8563);
#8563 = FILL_AREA_STYLE('',(#8564));
#8564 = FILL_AREA_STYLE_COLOUR('',#8524);
#8565 = CURVE_STYLE('',#8566,POSITIVE_LENGTH_MEASURE(0.1),#8527);
#8566 = DRAUGHTING_PRE_DEFINED_CURVE_FONT('continuous');
#8567 = OVER_RIDING_STYLED_ITEM('overriding color',(#8568),#7668,#8540);
#8568 = PRESENTATION_STYLE_BY_CONTEXT((#8569,#8574),#8395);
#8569 = SURFACE_STYLE_USAGE(.BOTH.,#8570);
#8570 = SURFACE_SIDE_STYLE('',(#8571));
#8571 = SURFACE_STYLE_FILL_AREA(#8572);
#8572 = FILL_AREA_STYLE('',(#8573));
#8573 = FILL_AREA_STYLE_COLOUR('',#8524);
#8574 = CURVE_STYLE('',#8575,POSITIVE_LENGTH_MEASURE(0.1),#8527);
#8575 = DRAUGHTING_PRE_DEFINED_CURVE_FONT('continuous');
#8576 = OVER_RIDING_STYLED_ITEM('overriding color',(#8577),#7668,#8540);
#8577 = PRESENTATION_STYLE_BY_CONTEXT((#8578,#8583),#8397);
#8578 = SURFACE_STYLE_USAGE(.BOTH.,#8579);
#8579 = SURFACE_SIDE_STYLE('',(#8580));
#8580 = SURFACE_STYLE_FILL_AREA(#8581);
#8581 = FILL_AREA_STYLE('',(#8582));
#8582 = FILL_AREA_STYLE_COLOUR('',#8524);
#8583 = CURVE_STYLE('',#8584,POSITIVE_LENGTH_MEASURE(0.1),#8527);
#8584 = DRAUGHTING_PRE_DEFINED_CURVE_FONT('continuous');
#8585 = OVER_RIDING_STYLED_ITEM('overriding color',(#8586),#7668,#8540);
#8586 = PRESENTATION_STYLE_BY_CONTEXT((#8587,#8592),#8399);
#8587 = SURFACE_STYLE_USAGE(.BOTH.,#8588);
#8588 = SURFACE_SIDE_STYLE('',(#8589));
#8589 = SURFACE_STYLE_FILL_AREA(#8590);
#8590 = FILL_AREA_STYLE('',(#8591));
#8591 = FILL_AREA_STYLE_COLOUR('',#8524);
#8592 = CURVE_STYLE('',#8593,POSITIVE_LENGTH_MEASURE(0.1),#8527);
#8593 = DRAUGHTING_PRE_DEFINED_CURVE_FONT('continuous');
#8594 = OVER_RIDING_STYLED_ITEM('overriding color',(#8595),#7668,#8540);
#8595 = PRESENTATION_STYLE_BY_CONTEXT((#8596,#8601),#8401);
#8596 = SURFACE_STYLE_USAGE(.BOTH.,#8597);
#8597 = SURFACE_SIDE_STYLE('',(#8598));
#8598 = SURFACE_STYLE_FILL_AREA(#8599);
#8599 = FILL_AREA_STYLE('',(#8600));
#8600 = FILL_AREA_STYLE_COLOUR('',#8524);
#8601 = CURVE_STYLE('',#8602,POSITIVE_LENGTH_MEASURE(0.1),#8527);
#8602 = DRAUGHTING_PRE_DEFINED_CURVE_FONT('continuous');
#8603 = OVER_RIDING_STYLED_ITEM('overriding color',(#8604),#7668,#8540);
#8604 = PRESENTATION_STYLE_BY_CONTEXT((#8605,#8610),#8403);
#8605 = SURFACE_STYLE_USAGE(.BOTH.,#8606);
#8606 = SURFACE_SIDE_STYLE('',(#8607));
#8607 = SURFACE_STYLE_FILL_AREA(#8608);
#8608 = FILL_AREA_STYLE('',(#8609));
#8609 = FILL_AREA_STYLE_COLOUR('',#8524);
#8610 = CURVE_STYLE('',#8611,POSITIVE_LENGTH_MEASURE(0.1),#8527);
#8611 = DRAUGHTING_PRE_DEFINED_CURVE_FONT('continuous');
#8612 = OVER_RIDING_STYLED_ITEM('overriding color',(#8613),#7668,#8540);
#8613 = PRESENTATION_STYLE_BY_CONTEXT((#8614,#8619),#8405);
#8614 = SURFACE_STYLE_USAGE(.BOTH.,#8615);
#8615 = SURFACE_SIDE_STYLE('',(#8616));
#8616 = SURFACE_STYLE_FILL_AREA(#8617);
#8617 = FILL_AREA_STYLE('',(#8618));
#8618 = FILL_AREA_STYLE_COLOUR('',#8524);
#8619 = CURVE_STYLE('',#8620,POSITIVE_LENGTH_MEASURE(0.1),#8527);
#8620 = DRAUGHTING_PRE_DEFINED_CURVE_FONT('continuous');
#8621 = OVER_RIDING_STYLED_ITEM('overriding color',(#8622),#7668,#8540);
#8622 = PRESENTATION_STYLE_BY_CONTEXT((#8623,#8628),#8407);
#8623 = SURFACE_STYLE_USAGE(.BOTH.,#8624);
#8624 = SURFACE_SIDE_STYLE('',(#8625));
#8625 = SURFACE_STYLE_FILL_AREA(#8626);
#8626 = FILL_AREA_STYLE('',(#8627));
#8627 = FILL_AREA_STYLE_COLOUR('',#8524);
#8628 = CURVE_STYLE('',#8629,POSITIVE_LENGTH_MEASURE(0.1),#8527);
#8629 = DRAUGHTING_PRE_DEFINED_CURVE_FONT('continuous');
#8630 = OVER_RIDING_STYLED_ITEM('overriding color',(#8631),#7668,#8540);
#8631 = PRESENTATION_STYLE_BY_CONTEXT((#8632,#8637),#8409);
#8632 = SURFACE_STYLE_USAGE(.BOTH.,#8633);
#8633 = SURFACE_SIDE_STYLE('',(#8634));
#8634 = SURFACE_STYLE_FILL_AREA(#8635);
#8635 = FILL_AREA_STYLE('',(#8636));
#8636 = FILL_AREA_STYLE_COLOUR('',#8524);
#8637 = CURVE_STYLE('',#8638,POSITIVE_LENGTH_MEASURE(0.1),#8527);
#8638 = DRAUGHTING_PRE_DEFINED_CURVE_FONT('continuous');
#8639 = OVER_RIDING_STYLED_ITEM('overriding color',(#8640),#7668,#8540);
#8640 = PRESENTATION_STYLE_BY_CONTEXT((#8641,#8646),#8411);
#8641 = SURFACE_STYLE_USAGE(.BOTH.,#8642);
#8642 = SURFACE_SIDE_STYLE('',(#8643));
#8643 = SURFACE_STYLE_FILL_AREA(#8644);
#8644 = FILL_AREA_STYLE('',(#8645));
#8645 = FILL_AREA_STYLE_COLOUR('',#8524);
#8646 = CURVE_STYLE('',#8647,POSITIVE_LENGTH_MEASURE(0.1),#8527);
#8647 = DRAUGHTING_PRE_DEFINED_CURVE_FONT('continuous');
#8648 = OVER_RIDING_STYLED_ITEM('overriding color',(#8649),#7668,#8540);
#8649 = PRESENTATION_STYLE_BY_CONTEXT((#8650,#8656),#8475);
#8650 = SURFACE_STYLE_USAGE(.BOTH.,#8651);
#8651 = SURFACE_SIDE_STYLE('',(#8652));
#8652 = SURFACE_STYLE_FILL_AREA(#8653);
#8653 = FILL_AREA_STYLE('',(#8654));
#8654 = FILL_AREA_STYLE_COLOUR('',#8655);
#8655 = COLOUR_RGB('',0.796078452645,0.823529417451,0.937254901616);
#8656 = CURVE_STYLE('',#8657,POSITIVE_LENGTH_MEASURE(0.1),#8658);
#8657 = DRAUGHTING_PRE_DEFINED_CURVE_FONT('continuous');
#8658 = COLOUR_RGB('',9.803921802644E-02,9.803921802644E-02,
  9.803921802644E-02);
#8659 = OVER_RIDING_STYLED_ITEM('overriding color',(#8660),#7668,#8540);
#8660 = PRESENTATION_STYLE_BY_CONTEXT((#8661,#8666),#8477);
#8661 = SURFACE_STYLE_USAGE(.BOTH.,#8662);
#8662 = SURFACE_SIDE_STYLE('',(#8663));
#8663 = SURFACE_STYLE_FILL_AREA(#8664);
#8664 = FILL_AREA_STYLE('',(#8665));
#8665 = FILL_AREA_STYLE_COLOUR('',#8655);
#8666 = CURVE_STYLE('',#8667,POSITIVE_LENGTH_MEASURE(0.1),#8658);
#8667 = DRAUGHTING_PRE_DEFINED_CURVE_FONT('continuous');
#8668 = OVER_RIDING_STYLED_ITEM('overriding color',(#8669),#7668,#8540);
#8669 = PRESENTATION_STYLE_BY_CONTEXT((#8670,#8675),#8479);
#8670 = SURFACE_STYLE_USAGE(.BOTH.,#8671);
#8671 = SURFACE_SIDE_STYLE('',(#8672));
#8672 = SURFACE_STYLE_FILL_AREA(#8673);
#8673 = FILL_AREA_STYLE('',(#8674));
#8674 = FILL_AREA_STYLE_COLOUR('',#8655);
#8675 = CURVE_STYLE('',#8676,POSITIVE_LENGTH_MEASURE(0.1),#8658);
#8676 = DRAUGHTING_PRE_DEFINED_CURVE_FONT('continuous');
#8677 = OVER_RIDING_STYLED_ITEM('overriding color',(#8678),#7668,#8540);
#8678 = PRESENTATION_STYLE_BY_CONTEXT((#8679,#8684),#8481);
#8679 = SURFACE_STYLE_USAGE(.BOTH.,#8680);
#8680 = SURFACE_SIDE_STYLE('',(#8681));
#8681 = SURFACE_STYLE_FILL_AREA(#8682);
#8682 = FILL_AREA_STYLE('',(#8683));
#8683 = FILL_AREA_STYLE_COLOUR('',#8655);
#8684 = CURVE_STYLE('',#8685,POSITIVE_LENGTH_MEASURE(0.1),#8658);
#8685 = DRAUGHTING_PRE_DEFINED_CURVE_FONT('continuous');
#8686 = OVER_RIDING_STYLED_ITEM('overriding color',(#8687),#7668,#8540);
#8687 = PRESENTATION_STYLE_BY_CONTEXT((#8688,#8693),#8483);
#8688 = SURFACE_STYLE_USAGE(.BOTH.,#8689);
#8689 = SURFACE_SIDE_STYLE('',(#8690));
#8690 = SURFACE_STYLE_FILL_AREA(#8691);
#8691 = FILL_AREA_STYLE('',(#8692));
#8692 = FILL_AREA_STYLE_COLOUR('',#8655);
#8693 = CURVE_STYLE('',#8694,POSITIVE_LENGTH_MEASURE(0.1),#8658);
#8694 = DRAUGHTING_PRE_DEFINED_CURVE_FONT('continuous');
#8695 = OVER_RIDING_STYLED_ITEM('overriding color',(#8696),#7668,#8540);
#8696 = PRESENTATION_STYLE_BY_CONTEXT((#8697,#8702),#8485);
#8697 = SURFACE_STYLE_USAGE(.BOTH.,#8698);
#8698 = SURFACE_SIDE_STYLE('',(#8699));
#8699 = SURFACE_STYLE_FILL_AREA(#8700);
#8700 = FILL_AREA_STYLE('',(#8701));
#8701 = FILL_AREA_STYLE_COLOUR('',#8655);
#8702 = CURVE_STYLE('',#8703,POSITIVE_LENGTH_MEASURE(0.1),#8658);
#8703 = DRAUGHTING_PRE_DEFINED_CURVE_FONT('continuous');
#8704 = OVER_RIDING_STYLED_ITEM('overriding color',(#8705),#7668,#8540);
#8705 = PRESENTATION_STYLE_BY_CONTEXT((#8706,#8711),#8487);
#8706 = SURFACE_STYLE_USAGE(.BOTH.,#8707);
#8707 = SURFACE_SIDE_STYLE('',(#8708));
#8708 = SURFACE_STYLE_FILL_AREA(#8709);
#8709 = FILL_AREA_STYLE('',(#8710));
#8710 = FILL_AREA_STYLE_COLOUR('',#8655);
#8711 = CURVE_STYLE('',#8712,POSITIVE_LENGTH_MEASURE(0.1),#8658);
#8712 = DRAUGHTING_PRE_DEFINED_CURVE_FONT('continuous');
#8713 = OVER_RIDING_STYLED_ITEM('overriding color',(#8714),#7668,#8540);
#8714 = PRESENTATION_STYLE_BY_CONTEXT((#8715,#8720),#8489);
#8715 = SURFACE_STYLE_USAGE(.BOTH.,#8716);
#8716 = SURFACE_SIDE_STYLE('',(#8717));
#8717 = SURFACE_STYLE_FILL_AREA(#8718);
#8718 = FILL_AREA_STYLE('',(#8719));
#8719 = FILL_AREA_STYLE_COLOUR('',#8655);
#8720 = CURVE_STYLE('',#8721,POSITIVE_LENGTH_MEASURE(0.1),#8658);
#8721 = DRAUGHTING_PRE_DEFINED_CURVE_FONT('continuous');
#8722 = OVER_RIDING_STYLED_ITEM('overriding color',(#8723),#7668,#8540);
#8723 = PRESENTATION_STYLE_BY_CONTEXT((#8724,#8729),#8491);
#8724 = SURFACE_STYLE_USAGE(.BOTH.,#8725);
#8725 = SURFACE_SIDE_STYLE('',(#8726));
#8726 = SURFACE_STYLE_FILL_AREA(#8727);
#8727 = FILL_AREA_STYLE('',(#8728));
#8728 = FILL_AREA_STYLE_COLOUR('',#8655);
#8729 = CURVE_STYLE('',#8730,POSITIVE_LENGTH_MEASURE(0.1),#8658);
#8730 = DRAUGHTING_PRE_DEFINED_CURVE_FONT('continuous');
#8731 = OVER_RIDING_STYLED_ITEM('overriding color',(#8732),#7668,#8540);
#8732 = PRESENTATION_STYLE_BY_CONTEXT((#8733,#8738),#8493);
#8733 = SURFACE_STYLE_USAGE(.BOTH.,#8734);
#8734 = SURFACE_SIDE_STYLE('',(#8735));
#8735 = SURFACE_STYLE_FILL_AREA(#8736);
#8736 = FILL_AREA_STYLE('',(#8737));
#8737 = FILL_AREA_STYLE_COLOUR('',#8655);
#8738 = CURVE_STYLE('',#8739,POSITIVE_LENGTH_MEASURE(0.1),#8658);
#8739 = DRAUGHTING_PRE_DEFINED_CURVE_FONT('continuous');
#8740 = OVER_RIDING_STYLED_ITEM('overriding color',(#8741),#7668,#8540);
#8741 = PRESENTATION_STYLE_BY_CONTEXT((#8742,#8747),#8495);
#8742 = SURFACE_STYLE_USAGE(.BOTH.,#8743);
#8743 = SURFACE_SIDE_STYLE('',(#8744));
#8744 = SURFACE_STYLE_FILL_AREA(#8745);
#8745 = FILL_AREA_STYLE('',(#8746));
#8746 = FILL_AREA_STYLE_COLOUR('',#8655);
#8747 = CURVE_STYLE('',#8748,POSITIVE_LENGTH_MEASURE(0.1),#8658);
#8748 = DRAUGHTING_PRE_DEFINED_CURVE_FONT('continuous');
#8749 = MECHANICAL_DESIGN_GEOMETRIC_PRESENTATION_REPRESENTATION('',(
    #8750,#8759,#8768,#8777,#8786,#8795,#8804,#8813,#8822,#8831,#8840,
    #8849,#8858,#8867,#8876,#8885,#8894,#8903,#8912,#8921,#8930),#7428);
#8750 = STYLED_ITEM('color',(#8751),#7276);
#8751 = PRESENTATION_STYLE_ASSIGNMENT((#8752,#8757));
#8752 = SURFACE_STYLE_USAGE(.BOTH.,#8753);
#8753 = SURFACE_SIDE_STYLE('',(#8754));
#8754 = SURFACE_STYLE_FILL_AREA(#8755);
#8755 = FILL_AREA_STYLE('',(#8756));
#8756 = FILL_AREA_STYLE_COLOUR('',#8524);
#8757 = CURVE_STYLE('',#8758,POSITIVE_LENGTH_MEASURE(0.1),#8527);
#8758 = DRAUGHTING_PRE_DEFINED_CURVE_FONT('continuous');
#8759 = OVER_RIDING_STYLED_ITEM('overriding color',(#8760),#7276,#8750);
#8760 = PRESENTATION_STYLE_BY_CONTEXT((#8761,#8766),#8371);
#8761 = SURFACE_STYLE_USAGE(.BOTH.,#8762);
#8762 = SURFACE_SIDE_STYLE('',(#8763));
#8763 = SURFACE_STYLE_FILL_AREA(#8764);
#8764 = FILL_AREA_STYLE('',(#8765));
#8765 = FILL_AREA_STYLE_COLOUR('',#8524);
#8766 = CURVE_STYLE('',#8767,POSITIVE_LENGTH_MEASURE(0.1),#8527);
#8767 = DRAUGHTING_PRE_DEFINED_CURVE_FONT('continuous');
#8768 = OVER_RIDING_STYLED_ITEM('overriding color',(#8769),#7276,#8750);
#8769 = PRESENTATION_STYLE_BY_CONTEXT((#8770,#8775),#8373);
#8770 = SURFACE_STYLE_USAGE(.BOTH.,#8771);
#8771 = SURFACE_SIDE_STYLE('',(#8772));
#8772 = SURFACE_STYLE_FILL_AREA(#8773);
#8773 = FILL_AREA_STYLE('',(#8774));
#8774 = FILL_AREA_STYLE_COLOUR('',#8524);
#8775 = CURVE_STYLE('',#8776,POSITIVE_LENGTH_MEASURE(0.1),#8527);
#8776 = DRAUGHTING_PRE_DEFINED_CURVE_FONT('continuous');
#8777 = OVER_RIDING_STYLED_ITEM('overriding color',(#8778),#7276,#8750);
#8778 = PRESENTATION_STYLE_BY_CONTEXT((#8779,#8784),#8375);
#8779 = SURFACE_STYLE_USAGE(.BOTH.,#8780);
#8780 = SURFACE_SIDE_STYLE('',(#8781));
#8781 = SURFACE_STYLE_FILL_AREA(#8782);
#8782 = FILL_AREA_STYLE('',(#8783));
#8783 = FILL_AREA_STYLE_COLOUR('',#8524);
#8784 = CURVE_STYLE('',#8785,POSITIVE_LENGTH_MEASURE(0.1),#8527);
#8785 = DRAUGHTING_PRE_DEFINED_CURVE_FONT('continuous');
#8786 = OVER_RIDING_STYLED_ITEM('overriding color',(#8787),#7276,#8750);
#8787 = PRESENTATION_STYLE_BY_CONTEXT((#8788,#8793),#8377);
#8788 = SURFACE_STYLE_USAGE(.BOTH.,#8789);
#8789 = SURFACE_SIDE_STYLE('',(#8790));
#8790 = SURFACE_STYLE_FILL_AREA(#8791);
#8791 = FILL_AREA_STYLE('',(#8792));
#8792 = FILL_AREA_STYLE_COLOUR('',#8524);
#8793 = CURVE_STYLE('',#8794,POSITIVE_LENGTH_MEASURE(0.1),#8527);
#8794 = DRAUGHTING_PRE_DEFINED_CURVE_FONT('continuous');
#8795 = OVER_RIDING_STYLED_ITEM('overriding color',(#8796),#7276,#8750);
#8796 = PRESENTATION_STYLE_BY_CONTEXT((#8797,#8802),#8379);
#8797 = SURFACE_STYLE_USAGE(.BOTH.,#8798);
#8798 = SURFACE_SIDE_STYLE('',(#8799));
#8799 = SURFACE_STYLE_FILL_AREA(#8800);
#8800 = FILL_AREA_STYLE('',(#8801));
#8801 = FILL_AREA_STYLE_COLOUR('',#8524);
#8802 = CURVE_STYLE('',#8803,POSITIVE_LENGTH_MEASURE(0.1),#8527);
#8803 = DRAUGHTING_PRE_DEFINED_CURVE_FONT('continuous');
#8804 = OVER_RIDING_STYLED_ITEM('overriding color',(#8805),#7276,#8750);
#8805 = PRESENTATION_STYLE_BY_CONTEXT((#8806,#8811),#8381);
#8806 = SURFACE_STYLE_USAGE(.BOTH.,#8807);
#8807 = SURFACE_SIDE_STYLE('',(#8808));
#8808 = SURFACE_STYLE_FILL_AREA(#8809);
#8809 = FILL_AREA_STYLE('',(#8810));
#8810 = FILL_AREA_STYLE_COLOUR('',#8524);
#8811 = CURVE_STYLE('',#8812,POSITIVE_LENGTH_MEASURE(0.1),#8527);
#8812 = DRAUGHTING_PRE_DEFINED_CURVE_FONT('continuous');
#8813 = OVER_RIDING_STYLED_ITEM('overriding color',(#8814),#7276,#8750);
#8814 = PRESENTATION_STYLE_BY_CONTEXT((#8815,#8820),#8383);
#8815 = SURFACE_STYLE_USAGE(.BOTH.,#8816);
#8816 = SURFACE_SIDE_STYLE('',(#8817));
#8817 = SURFACE_STYLE_FILL_AREA(#8818);
#8818 = FILL_AREA_STYLE('',(#8819));
#8819 = FILL_AREA_STYLE_COLOUR('',#8524);
#8820 = CURVE_STYLE('',#8821,POSITIVE_LENGTH_MEASURE(0.1),#8527);
#8821 = DRAUGHTING_PRE_DEFINED_CURVE_FONT('continuous');
#8822 = OVER_RIDING_STYLED_ITEM('overriding color',(#8823),#7276,#8750);
#8823 = PRESENTATION_STYLE_BY_CONTEXT((#8824,#8829),#8385);
#8824 = SURFACE_STYLE_USAGE(.BOTH.,#8825);
#8825 = SURFACE_SIDE_STYLE('',(#8826));
#8826 = SURFACE_STYLE_FILL_AREA(#8827);
#8827 = FILL_AREA_STYLE('',(#8828));
#8828 = FILL_AREA_STYLE_COLOUR('',#8524);
#8829 = CURVE_STYLE('',#8830,POSITIVE_LENGTH_MEASURE(0.1),#8527);
#8830 = DRAUGHTING_PRE_DEFINED_CURVE_FONT('continuous');
#8831 = OVER_RIDING_STYLED_ITEM('overriding color',(#8832),#7276,#8750);
#8832 = PRESENTATION_STYLE_BY_CONTEXT((#8833,#8838),#8387);
#8833 = SURFACE_STYLE_USAGE(.BOTH.,#8834);
#8834 = SURFACE_SIDE_STYLE('',(#8835));
#8835 = SURFACE_STYLE_FILL_AREA(#8836);
#8836 = FILL_AREA_STYLE('',(#8837));
#8837 = FILL_AREA_STYLE_COLOUR('',#8524);
#8838 = CURVE_STYLE('',#8839,POSITIVE_LENGTH_MEASURE(0.1),#8527);
#8839 = DRAUGHTING_PRE_DEFINED_CURVE_FONT('continuous');
#8840 = OVER_RIDING_STYLED_ITEM('overriding color',(#8841),#7276,#8750);
#8841 = PRESENTATION_STYLE_BY_CONTEXT((#8842,#8847),#8389);
#8842 = SURFACE_STYLE_USAGE(.BOTH.,#8843);
#8843 = SURFACE_SIDE_STYLE('',(#8844));
#8844 = SURFACE_STYLE_FILL_AREA(#8845);
#8845 = FILL_AREA_STYLE('',(#8846));
#8846 = FILL_AREA_STYLE_COLOUR('',#8524);
#8847 = CURVE_STYLE('',#8848,POSITIVE_LENGTH_MEASURE(0.1),#8527);
#8848 = DRAUGHTING_PRE_DEFINED_CURVE_FONT('continuous');
#8849 = OVER_RIDING_STYLED_ITEM('overriding color',(#8850),#7276,#8750);
#8850 = PRESENTATION_STYLE_BY_CONTEXT((#8851,#8856),#8455);
#8851 = SURFACE_STYLE_USAGE(.BOTH.,#8852);
#8852 = SURFACE_SIDE_STYLE('',(#8853));
#8853 = SURFACE_STYLE_FILL_AREA(#8854);
#8854 = FILL_AREA_STYLE('',(#8855));
#8855 = FILL_AREA_STYLE_COLOUR('',#8655);
#8856 = CURVE_STYLE('',#8857,POSITIVE_LENGTH_MEASURE(0.1),#8658);
#8857 = DRAUGHTING_PRE_DEFINED_CURVE_FONT('continuous');
#8858 = OVER_RIDING_STYLED_ITEM('overriding color',(#8859),#7276,#8750);
#8859 = PRESENTATION_STYLE_BY_CONTEXT((#8860,#8865),#8457);
#8860 = SURFACE_STYLE_USAGE(.BOTH.,#8861);
#8861 = SURFACE_SIDE_STYLE('',(#8862));
#8862 = SURFACE_STYLE_FILL_AREA(#8863);
#8863 = FILL_AREA_STYLE('',(#8864));
#8864 = FILL_AREA_STYLE_COLOUR('',#8655);
#8865 = CURVE_STYLE('',#8866,POSITIVE_LENGTH_MEASURE(0.1),#8658);
#8866 = DRAUGHTING_PRE_DEFINED_CURVE_FONT('continuous');
#8867 = OVER_RIDING_STYLED_ITEM('overriding color',(#8868),#7276,#8750);
#8868 = PRESENTATION_STYLE_BY_CONTEXT((#8869,#8874),#8459);
#8869 = SURFACE_STYLE_USAGE(.BOTH.,#8870);
#8870 = SURFACE_SIDE_STYLE('',(#8871));
#8871 = SURFACE_STYLE_FILL_AREA(#8872);
#8872 = FILL_AREA_STYLE('',(#8873));
#8873 = FILL_AREA_STYLE_COLOUR('',#8655);
#8874 = CURVE_STYLE('',#8875,POSITIVE_LENGTH_MEASURE(0.1),#8658);
#8875 = DRAUGHTING_PRE_DEFINED_CURVE_FONT('continuous');
#8876 = OVER_RIDING_STYLED_ITEM('overriding color',(#8877),#7276,#8750);
#8877 = PRESENTATION_STYLE_BY_CONTEXT((#8878,#8883),#8461);
#8878 = SURFACE_STYLE_USAGE(.BOTH.,#8879);
#8879 = SURFACE_SIDE_STYLE('',(#8880));
#8880 = SURFACE_STYLE_FILL_AREA(#8881);
#8881 = FILL_AREA_STYLE('',(#8882));
#8882 = FILL_AREA_STYLE_COLOUR('',#8655);
#8883 = CURVE_STYLE('',#8884,POSITIVE_LENGTH_MEASURE(0.1),#8658);
#8884 = DRAUGHTING_PRE_DEFINED_CURVE_FONT('continuous');
#8885 = OVER_RIDING_STYLED_ITEM('overriding color',(#8886),#7276,#8750);
#8886 = PRESENTATION_STYLE_BY_CONTEXT((#8887,#8892),#8463);
#8887 = SURFACE_STYLE_USAGE(.BOTH.,#8888);
#8888 = SURFACE_SIDE_STYLE('',(#8889));
#8889 = SURFACE_STYLE_FILL_AREA(#8890);
#8890 = FILL_AREA_STYLE('',(#8891));
#8891 = FILL_AREA_STYLE_COLOUR('',#8655);
#8892 = CURVE_STYLE('',#8893,POSITIVE_LENGTH_MEASURE(0.1),#8658);
#8893 = DRAUGHTING_PRE_DEFINED_CURVE_FONT('continuous');
#8894 = OVER_RIDING_STYLED_ITEM('overriding color',(#8895),#7276,#8750);
#8895 = PRESENTATION_STYLE_BY_CONTEXT((#8896,#8901),#8465);
#8896 = SURFACE_STYLE_USAGE(.BOTH.,#8897);
#8897 = SURFACE_SIDE_STYLE('',(#8898));
#8898 = SURFACE_STYLE_FILL_AREA(#8899);
#8899 = FILL_AREA_STYLE('',(#8900));
#8900 = FILL_AREA_STYLE_COLOUR('',#8655);
#8901 = CURVE_STYLE('',#8902,POSITIVE_LENGTH_MEASURE(0.1),#8658);
#8902 = DRAUGHTING_PRE_DEFINED_CURVE_FONT('continuous');
#8903 = OVER_RIDING_STYLED_ITEM('overriding color',(#8904),#7276,#8750);
#8904 = PRESENTATION_STYLE_BY_CONTEXT((#8905,#8910),#8467);
#8905 = SURFACE_STYLE_USAGE(.BOTH.,#8906);
#8906 = SURFACE_SIDE_STYLE('',(#8907));
#8907 = SURFACE_STYLE_FILL_AREA(#8908);
#8908 = FILL_AREA_STYLE('',(#8909));
#8909 = FILL_AREA_STYLE_COLOUR('',#8655);
#8910 = CURVE_STYLE('',#8911,POSITIVE_LENGTH_MEASURE(0.1),#8658);
#8911 = DRAUGHTING_PRE_DEFINED_CURVE_FONT('continuous');
#8912 = OVER_RIDING_STYLED_ITEM('overriding color',(#8913),#7276,#8750);
#8913 = PRESENTATION_STYLE_BY_CONTEXT((#8914,#8919),#8469);
#8914 = SURFACE_STYLE_USAGE(.BOTH.,#8915);
#8915 = SURFACE_SIDE_STYLE('',(#8916));
#8916 = SURFACE_STYLE_FILL_AREA(#8917);
#8917 = FILL_AREA_STYLE('',(#8918));
#8918 = FILL_AREA_STYLE_COLOUR('',#8655);
#8919 = CURVE_STYLE('',#8920,POSITIVE_LENGTH_MEASURE(0.1),#8658);
#8920 = DRAUGHTING_PRE_DEFINED_CURVE_FONT('continuous');
#8921 = OVER_RIDING_STYLED_ITEM('overriding color',(#8922),#7276,#8750);
#8922 = PRESENTATION_STYLE_BY_CONTEXT((#8923,#8928),#8471);
#8923 = SURFACE_STYLE_USAGE(.BOTH.,#8924);
#8924 = SURFACE_SIDE_STYLE('',(#8925));
#8925 = SURFACE_STYLE_FILL_AREA(#8926);
#8926 = FILL_AREA_STYLE('',(#8927));
#8927 = FILL_AREA_STYLE_COLOUR('',#8655);
#8928 = CURVE_STYLE('',#8929,POSITIVE_LENGTH_MEASURE(0.1),#8658);
#8929 = DRAUGHTING_PRE_DEFINED_CURVE_FONT('continuous');
#8930 = OVER_RIDING_STYLED_ITEM('overriding color',(#8931),#7276,#8750);
#8931 = PRESENTATION_STYLE_BY_CONTEXT((#8932,#8937),#8473);
#8932 = SURFACE_STYLE_USAGE(.BOTH.,#8933);
#8933 = SURFACE_SIDE_STYLE('',(#8934));
#8934 = SURFACE_STYLE_FILL_AREA(#8935);
#8935 = FILL_AREA_STYLE('',(#8936));
#8936 = FILL_AREA_STYLE_COLOUR('',#8655);
#8937 = CURVE_STYLE('',#8938,POSITIVE_LENGTH_MEASURE(0.1),#8658);
#8938 = DRAUGHTING_PRE_DEFINED_CURVE_FONT('continuous');
#8939 = MECHANICAL_DESIGN_GEOMETRIC_PRESENTATION_REPRESENTATION('',(
    #8940),#8265);
#8940 = STYLED_ITEM('color',(#8941),#8115);
#8941 = PRESENTATION_STYLE_ASSIGNMENT((#8942,#8947));
#8942 = SURFACE_STYLE_USAGE(.BOTH.,#8943);
#8943 = SURFACE_SIDE_STYLE('',(#8944));
#8944 = SURFACE_STYLE_FILL_AREA(#8945);
#8945 = FILL_AREA_STYLE('',(#8946));
#8946 = FILL_AREA_STYLE_COLOUR('',#8524);
#8947 = CURVE_STYLE('',#8948,POSITIVE_LENGTH_MEASURE(0.1),#8527);
#8948 = DRAUGHTING_PRE_DEFINED_CURVE_FONT('continuous');
#8949 = MECHANICAL_DESIGN_GEOMETRIC_PRESENTATION_REPRESENTATION('',(
    #8950),#6860);
#8950 = STYLED_ITEM('color',(#8951),#233);
#8951 = PRESENTATION_STYLE_ASSIGNMENT((#8952,#8958));
#8952 = SURFACE_STYLE_USAGE(.BOTH.,#8953);
#8953 = SURFACE_SIDE_STYLE('',(#8954));
#8954 = SURFACE_STYLE_FILL_AREA(#8955);
#8955 = FILL_AREA_STYLE('',(#8956));
#8956 = FILL_AREA_STYLE_COLOUR('',#8957);
#8957 = COLOUR_RGB('',0.250980406631,0.250980406631,0.250980406631);
#8958 = CURVE_STYLE('',#8959,POSITIVE_LENGTH_MEASURE(0.1),#8527);
#8959 = DRAUGHTING_PRE_DEFINED_CURVE_FONT('continuous');
#8960 = MECHANICAL_DESIGN_GEOMETRIC_PRESENTATION_REPRESENTATION('',(
    #8961,#8970,#8979,#8988,#8997,#9006,#9015,#9024,#9033,#9042,#9051,
    #9060,#9069,#9078,#9087,#9096,#9105,#9114,#9123,#9132,#9141),#8046);
#8961 = STYLED_ITEM('color',(#8962),#7894);
#8962 = PRESENTATION_STYLE_ASSIGNMENT((#8963,#8968));
#8963 = SURFACE_STYLE_USAGE(.BOTH.,#8964);
#8964 = SURFACE_SIDE_STYLE('',(#8965));
#8965 = SURFACE_STYLE_FILL_AREA(#8966);
#8966 = FILL_AREA_STYLE('',(#8967));
#8967 = FILL_AREA_STYLE_COLOUR('',#8524);
#8968 = CURVE_STYLE('',#8969,POSITIVE_LENGTH_MEASURE(0.1),#8527);
#8969 = DRAUGHTING_PRE_DEFINED_CURVE_FONT('continuous');
#8970 = OVER_RIDING_STYLED_ITEM('overriding color',(#8971),#7894,#8961);
#8971 = PRESENTATION_STYLE_BY_CONTEXT((#8972,#8977),#8413);
#8972 = SURFACE_STYLE_USAGE(.BOTH.,#8973);
#8973 = SURFACE_SIDE_STYLE('',(#8974));
#8974 = SURFACE_STYLE_FILL_AREA(#8975);
#8975 = FILL_AREA_STYLE('',(#8976));
#8976 = FILL_AREA_STYLE_COLOUR('',#8524);
#8977 = CURVE_STYLE('',#8978,POSITIVE_LENGTH_MEASURE(0.1),#8527);
#8978 = DRAUGHTING_PRE_DEFINED_CURVE_FONT('continuous');
#8979 = OVER_RIDING_STYLED_ITEM('overriding color',(#8980),#7894,#8961);
#8980 = PRESENTATION_STYLE_BY_CONTEXT((#8981,#8986),#8415);
#8981 = SURFACE_STYLE_USAGE(.BOTH.,#8982);
#8982 = SURFACE_SIDE_STYLE('',(#8983));
#8983 = SURFACE_STYLE_FILL_AREA(#8984);
#8984 = FILL_AREA_STYLE('',(#8985));
#8985 = FILL_AREA_STYLE_COLOUR('',#8524);
#8986 = CURVE_STYLE('',#8987,POSITIVE_LENGTH_MEASURE(0.1),#8527);
#8987 = DRAUGHTING_PRE_DEFINED_CURVE_FONT('continuous');
#8988 = OVER_RIDING_STYLED_ITEM('overriding color',(#8989),#7894,#8961);
#8989 = PRESENTATION_STYLE_BY_CONTEXT((#8990,#8995),#8417);
#8990 = SURFACE_STYLE_USAGE(.BOTH.,#8991);
#8991 = SURFACE_SIDE_STYLE('',(#8992));
#8992 = SURFACE_STYLE_FILL_AREA(#8993);
#8993 = FILL_AREA_STYLE('',(#8994));
#8994 = FILL_AREA_STYLE_COLOUR('',#8524);
#8995 = CURVE_STYLE('',#8996,POSITIVE_LENGTH_MEASURE(0.1),#8527);
#8996 = DRAUGHTING_PRE_DEFINED_CURVE_FONT('continuous');
#8997 = OVER_RIDING_STYLED_ITEM('overriding color',(#8998),#7894,#8961);
#8998 = PRESENTATION_STYLE_BY_CONTEXT((#8999,#9004),#8419);
#8999 = SURFACE_STYLE_USAGE(.BOTH.,#9000);
#9000 = SURFACE_SIDE_STYLE('',(#9001));
#9001 = SURFACE_STYLE_FILL_AREA(#9002);
#9002 = FILL_AREA_STYLE('',(#9003));
#9003 = FILL_AREA_STYLE_COLOUR('',#8524);
#9004 = CURVE_STYLE('',#9005,POSITIVE_LENGTH_MEASURE(0.1),#8527);
#9005 = DRAUGHTING_PRE_DEFINED_CURVE_FONT('continuous');
#9006 = OVER_RIDING_STYLED_ITEM('overriding color',(#9007),#7894,#8961);
#9007 = PRESENTATION_STYLE_BY_CONTEXT((#9008,#9013),#8421);
#9008 = SURFACE_STYLE_USAGE(.BOTH.,#9009);
#9009 = SURFACE_SIDE_STYLE('',(#9010));
#9010 = SURFACE_STYLE_FILL_AREA(#9011);
#9011 = FILL_AREA_STYLE('',(#9012));
#9012 = FILL_AREA_STYLE_COLOUR('',#8524);
#9013 = CURVE_STYLE('',#9014,POSITIVE_LENGTH_MEASURE(0.1),#8527);
#9014 = DRAUGHTING_PRE_DEFINED_CURVE_FONT('continuous');
#9015 = OVER_RIDING_STYLED_ITEM('overriding color',(#9016),#7894,#8961);
#9016 = PRESENTATION_STYLE_BY_CONTEXT((#9017,#9022),#8423);
#9017 = SURFACE_STYLE_USAGE(.BOTH.,#9018);
#9018 = SURFACE_SIDE_STYLE('',(#9019));
#9019 = SURFACE_STYLE_FILL_AREA(#9020);
#9020 = FILL_AREA_STYLE('',(#9021));
#9021 = FILL_AREA_STYLE_COLOUR('',#8524);
#9022 = CURVE_STYLE('',#9023,POSITIVE_LENGTH_MEASURE(0.1),#8527);
#9023 = DRAUGHTING_PRE_DEFINED_CURVE_FONT('continuous');
#9024 = OVER_RIDING_STYLED_ITEM('overriding color',(#9025),#7894,#8961);
#9025 = PRESENTATION_STYLE_BY_CONTEXT((#9026,#9031),#8425);
#9026 = SURFACE_STYLE_USAGE(.BOTH.,#9027);
#9027 = SURFACE_SIDE_STYLE('',(#9028));
#9028 = SURFACE_STYLE_FILL_AREA(#9029);
#9029 = FILL_AREA_STYLE('',(#9030));
#9030 = FILL_AREA_STYLE_COLOUR('',#8524);
#9031 = CURVE_STYLE('',#9032,POSITIVE_LENGTH_MEASURE(0.1),#8527);
#9032 = DRAUGHTING_PRE_DEFINED_CURVE_FONT('continuous');
#9033 = OVER_RIDING_STYLED_ITEM('overriding color',(#9034),#7894,#8961);
#9034 = PRESENTATION_STYLE_BY_CONTEXT((#9035,#9040),#8427);
#9035 = SURFACE_STYLE_USAGE(.BOTH.,#9036);
#9036 = SURFACE_SIDE_STYLE('',(#9037));
#9037 = SURFACE_STYLE_FILL_AREA(#9038);
#9038 = FILL_AREA_STYLE('',(#9039));
#9039 = FILL_AREA_STYLE_COLOUR('',#8524);
#9040 = CURVE_STYLE('',#9041,POSITIVE_LENGTH_MEASURE(0.1),#8527);
#9041 = DRAUGHTING_PRE_DEFINED_CURVE_FONT('continuous');
#9042 = OVER_RIDING_STYLED_ITEM('overriding color',(#9043),#7894,#8961);
#9043 = PRESENTATION_STYLE_BY_CONTEXT((#9044,#9049),#8429);
#9044 = SURFACE_STYLE_USAGE(.BOTH.,#9045);
#9045 = SURFACE_SIDE_STYLE('',(#9046));
#9046 = SURFACE_STYLE_FILL_AREA(#9047);
#9047 = FILL_AREA_STYLE('',(#9048));
#9048 = FILL_AREA_STYLE_COLOUR('',#8524);
#9049 = CURVE_STYLE('',#9050,POSITIVE_LENGTH_MEASURE(0.1),#8527);
#9050 = DRAUGHTING_PRE_DEFINED_CURVE_FONT('continuous');
#9051 = OVER_RIDING_STYLED_ITEM('overriding color',(#9052),#7894,#8961);
#9052 = PRESENTATION_STYLE_BY_CONTEXT((#9053,#9058),#8431);
#9053 = SURFACE_STYLE_USAGE(.BOTH.,#9054);
#9054 = SURFACE_SIDE_STYLE('',(#9055));
#9055 = SURFACE_STYLE_FILL_AREA(#9056);
#9056 = FILL_AREA_STYLE('',(#9057));
#9057 = FILL_AREA_STYLE_COLOUR('',#8524);
#9058 = CURVE_STYLE('',#9059,POSITIVE_LENGTH_MEASURE(0.1),#8527);
#9059 = DRAUGHTING_PRE_DEFINED_CURVE_FONT('continuous');
#9060 = OVER_RIDING_STYLED_ITEM('overriding color',(#9061),#7894,#8961);
#9061 = PRESENTATION_STYLE_BY_CONTEXT((#9062,#9067),#8497);
#9062 = SURFACE_STYLE_USAGE(.BOTH.,#9063);
#9063 = SURFACE_SIDE_STYLE('',(#9064));
#9064 = SURFACE_STYLE_FILL_AREA(#9065);
#9065 = FILL_AREA_STYLE('',(#9066));
#9066 = FILL_AREA_STYLE_COLOUR('',#8655);
#9067 = CURVE_STYLE('',#9068,POSITIVE_LENGTH_MEASURE(0.1),#8658);
#9068 = DRAUGHTING_PRE_DEFINED_CURVE_FONT('continuous');
#9069 = OVER_RIDING_STYLED_ITEM('overriding color',(#9070),#7894,#8961);
#9070 = PRESENTATION_STYLE_BY_CONTEXT((#9071,#9076),#8499);
#9071 = SURFACE_STYLE_USAGE(.BOTH.,#9072);
#9072 = SURFACE_SIDE_STYLE('',(#9073));
#9073 = SURFACE_STYLE_FILL_AREA(#9074);
#9074 = FILL_AREA_STYLE('',(#9075));
#9075 = FILL_AREA_STYLE_COLOUR('',#8655);
#9076 = CURVE_STYLE('',#9077,POSITIVE_LENGTH_MEASURE(0.1),#8658);
#9077 = DRAUGHTING_PRE_DEFINED_CURVE_FONT('continuous');
#9078 = OVER_RIDING_STYLED_ITEM('overriding color',(#9079),#7894,#8961);
#9079 = PRESENTATION_STYLE_BY_CONTEXT((#9080,#9085),#8501);
#9080 = SURFACE_STYLE_USAGE(.BOTH.,#9081);
#9081 = SURFACE_SIDE_STYLE('',(#9082));
#9082 = SURFACE_STYLE_FILL_AREA(#9083);
#9083 = FILL_AREA_STYLE('',(#9084));
#9084 = FILL_AREA_STYLE_COLOUR('',#8655);
#9085 = CURVE_STYLE('',#9086,POSITIVE_LENGTH_MEASURE(0.1),#8658);
#9086 = DRAUGHTING_PRE_DEFINED_CURVE_FONT('continuous');
#9087 = OVER_RIDING_STYLED_ITEM('overriding color',(#9088),#7894,#8961);
#9088 = PRESENTATION_STYLE_BY_CONTEXT((#9089,#9094),#8503);
#9089 = SURFACE_STYLE_USAGE(.BOTH.,#9090);
#9090 = SURFACE_SIDE_STYLE('',(#9091));
#9091 = SURFACE_STYLE_FILL_AREA(#9092);
#9092 = FILL_AREA_STYLE('',(#9093));
#9093 = FILL_AREA_STYLE_COLOUR('',#8655);
#9094 = CURVE_STYLE('',#9095,POSITIVE_LENGTH_MEASURE(0.1),#8658);
#9095 = DRAUGHTING_PRE_DEFINED_CURVE_FONT('continuous');
#9096 = OVER_RIDING_STYLED_ITEM('overriding color',(#9097),#7894,#8961);
#9097 = PRESENTATION_STYLE_BY_CONTEXT((#9098,#9103),#8505);
#9098 = SURFACE_STYLE_USAGE(.BOTH.,#9099);
#9099 = SURFACE_SIDE_STYLE('',(#9100));
#9100 = SURFACE_STYLE_FILL_AREA(#9101);
#9101 = FILL_AREA_STYLE('',(#9102));
#9102 = FILL_AREA_STYLE_COLOUR('',#8655);
#9103 = CURVE_STYLE('',#9104,POSITIVE_LENGTH_MEASURE(0.1),#8658);
#9104 = DRAUGHTING_PRE_DEFINED_CURVE_FONT('continuous');
#9105 = OVER_RIDING_STYLED_ITEM('overriding color',(#9106),#7894,#8961);
#9106 = PRESENTATION_STYLE_BY_CONTEXT((#9107,#9112),#8507);
#9107 = SURFACE_STYLE_USAGE(.BOTH.,#9108);
#9108 = SURFACE_SIDE_STYLE('',(#9109));
#9109 = SURFACE_STYLE_FILL_AREA(#9110);
#9110 = FILL_AREA_STYLE('',(#9111));
#9111 = FILL_AREA_STYLE_COLOUR('',#8655);
#9112 = CURVE_STYLE('',#9113,POSITIVE_LENGTH_MEASURE(0.1),#8658);
#9113 = DRAUGHTING_PRE_DEFINED_CURVE_FONT('continuous');
#9114 = OVER_RIDING_STYLED_ITEM('overriding color',(#9115),#7894,#8961);
#9115 = PRESENTATION_STYLE_BY_CONTEXT((#9116,#9121),#8509);
#9116 = SURFACE_STYLE_USAGE(.BOTH.,#9117);
#9117 = SURFACE_SIDE_STYLE('',(#9118));
#9118 = SURFACE_STYLE_FILL_AREA(#9119);
#9119 = FILL_AREA_STYLE('',(#9120));
#9120 = FILL_AREA_STYLE_COLOUR('',#8655);
#9121 = CURVE_STYLE('',#9122,POSITIVE_LENGTH_MEASURE(0.1),#8658);
#9122 = DRAUGHTING_PRE_DEFINED_CURVE_FONT('continuous');
#9123 = OVER_RIDING_STYLED_ITEM('overriding color',(#9124),#7894,#8961);
#9124 = PRESENTATION_STYLE_BY_CONTEXT((#9125,#9130),#8511);
#9125 = SURFACE_STYLE_USAGE(.BOTH.,#9126);
#9126 = SURFACE_SIDE_STYLE('',(#9127));
#9127 = SURFACE_STYLE_FILL_AREA(#9128);
#9128 = FILL_AREA_STYLE('',(#9129));
#9129 = FILL_AREA_STYLE_COLOUR('',#8655);
#9130 = CURVE_STYLE('',#9131,POSITIVE_LENGTH_MEASURE(0.1),#8658);
#9131 = DRAUGHTING_PRE_DEFINED_CURVE_FONT('continuous');
#9132 = OVER_RIDING_STYLED_ITEM('overriding color',(#9133),#7894,#8961);
#9133 = PRESENTATION_STYLE_BY_CONTEXT((#9134,#9139),#8513);
#9134 = SURFACE_STYLE_USAGE(.BOTH.,#9135);
#9135 = SURFACE_SIDE_STYLE('',(#9136));
#9136 = SURFACE_STYLE_FILL_AREA(#9137);
#9137 = FILL_AREA_STYLE('',(#9138));
#9138 = FILL_AREA_STYLE_COLOUR('',#8655);
#9139 = CURVE_STYLE('',#9140,POSITIVE_LENGTH_MEASURE(0.1),#8658);
#9140 = DRAUGHTING_PRE_DEFINED_CURVE_FONT('continuous');
#9141 = OVER_RIDING_STYLED_ITEM('overriding color',(#9142),#7894,#8961);
#9142 = PRESENTATION_STYLE_BY_CONTEXT((#9143,#9148),#8515);
#9143 = SURFACE_STYLE_USAGE(.BOTH.,#9144);
#9144 = SURFACE_SIDE_STYLE('',(#9145));
#9145 = SURFACE_STYLE_FILL_AREA(#9146);
#9146 = FILL_AREA_STYLE('',(#9147));
#9147 = FILL_AREA_STYLE_COLOUR('',#8655);
#9148 = CURVE_STYLE('',#9149,POSITIVE_LENGTH_MEASURE(0.1),#8658);
#9149 = DRAUGHTING_PRE_DEFINED_CURVE_FONT('continuous');
#9150 = MECHANICAL_DESIGN_GEOMETRIC_PRESENTATION_REPRESENTATION('',(
    #9151),#7649);
#9151 = STYLED_ITEM('color',(#9152),#7497);
#9152 = PRESENTATION_STYLE_ASSIGNMENT((#9153,#9158));
#9153 = SURFACE_STYLE_USAGE(.BOTH.,#9154);
#9154 = SURFACE_SIDE_STYLE('',(#9155));
#9155 = SURFACE_STYLE_FILL_AREA(#9156);
#9156 = FILL_AREA_STYLE('',(#9157));
#9157 = FILL_AREA_STYLE_COLOUR('',#8524);
#9158 = CURVE_STYLE('',#9159,POSITIVE_LENGTH_MEASURE(0.1),#8527);
#9159 = DRAUGHTING_PRE_DEFINED_CURVE_FONT('continuous');
#9160 = MECHANICAL_DESIGN_GEOMETRIC_PRESENTATION_REPRESENTATION('',(
    #9161,#9170,#9179,#9188,#9197,#9206,#9215,#9224,#9233,#9242,#9251,
    #9260,#9269,#9278,#9287,#9296,#9305,#9314,#9323,#9332,#9341,#9350,
    #9359),#7202);
#9161 = STYLED_ITEM('color',(#9162),#7050);
#9162 = PRESENTATION_STYLE_ASSIGNMENT((#9163,#9168));
#9163 = SURFACE_STYLE_USAGE(.BOTH.,#9164);
#9164 = SURFACE_SIDE_STYLE('',(#9165));
#9165 = SURFACE_STYLE_FILL_AREA(#9166);
#9166 = FILL_AREA_STYLE('',(#9167));
#9167 = FILL_AREA_STYLE_COLOUR('',#8524);
#9168 = CURVE_STYLE('',#9169,POSITIVE_LENGTH_MEASURE(0.1),#8527);
#9169 = DRAUGHTING_PRE_DEFINED_CURVE_FONT('continuous');
#9170 = OVER_RIDING_STYLED_ITEM('overriding color',(#9171),#7050,#9161);
#9171 = PRESENTATION_STYLE_BY_CONTEXT((#9172,#9177),#8349);
#9172 = SURFACE_STYLE_USAGE(.BOTH.,#9173);
#9173 = SURFACE_SIDE_STYLE('',(#9174));
#9174 = SURFACE_STYLE_FILL_AREA(#9175);
#9175 = FILL_AREA_STYLE('',(#9176));
#9176 = FILL_AREA_STYLE_COLOUR('',#8524);
#9177 = CURVE_STYLE('',#9178,POSITIVE_LENGTH_MEASURE(0.1),#8527);
#9178 = DRAUGHTING_PRE_DEFINED_CURVE_FONT('continuous');
#9179 = OVER_RIDING_STYLED_ITEM('overriding color',(#9180),#7050,#9161);
#9180 = PRESENTATION_STYLE_BY_CONTEXT((#9181,#9186),#8351);
#9181 = SURFACE_STYLE_USAGE(.BOTH.,#9182);
#9182 = SURFACE_SIDE_STYLE('',(#9183));
#9183 = SURFACE_STYLE_FILL_AREA(#9184);
#9184 = FILL_AREA_STYLE('',(#9185));
#9185 = FILL_AREA_STYLE_COLOUR('',#8524);
#9186 = CURVE_STYLE('',#9187,POSITIVE_LENGTH_MEASURE(0.1),#8527);
#9187 = DRAUGHTING_PRE_DEFINED_CURVE_FONT('continuous');
#9188 = OVER_RIDING_STYLED_ITEM('overriding color',(#9189),#7050,#9161);
#9189 = PRESENTATION_STYLE_BY_CONTEXT((#9190,#9195),#8353);
#9190 = SURFACE_STYLE_USAGE(.BOTH.,#9191);
#9191 = SURFACE_SIDE_STYLE('',(#9192));
#9192 = SURFACE_STYLE_FILL_AREA(#9193);
#9193 = FILL_AREA_STYLE('',(#9194));
#9194 = FILL_AREA_STYLE_COLOUR('',#8524);
#9195 = CURVE_STYLE('',#9196,POSITIVE_LENGTH_MEASURE(0.1),#8527);
#9196 = DRAUGHTING_PRE_DEFINED_CURVE_FONT('continuous');
#9197 = OVER_RIDING_STYLED_ITEM('overriding color',(#9198),#7050,#9161);
#9198 = PRESENTATION_STYLE_BY_CONTEXT((#9199,#9204),#8355);
#9199 = SURFACE_STYLE_USAGE(.BOTH.,#9200);
#9200 = SURFACE_SIDE_STYLE('',(#9201));
#9201 = SURFACE_STYLE_FILL_AREA(#9202);
#9202 = FILL_AREA_STYLE('',(#9203));
#9203 = FILL_AREA_STYLE_COLOUR('',#8524);
#9204 = CURVE_STYLE('',#9205,POSITIVE_LENGTH_MEASURE(0.1),#8527);
#9205 = DRAUGHTING_PRE_DEFINED_CURVE_FONT('continuous');
#9206 = OVER_RIDING_STYLED_ITEM('overriding color',(#9207),#7050,#9161);
#9207 = PRESENTATION_STYLE_BY_CONTEXT((#9208,#9213),#8357);
#9208 = SURFACE_STYLE_USAGE(.BOTH.,#9209);
#9209 = SURFACE_SIDE_STYLE('',(#9210));
#9210 = SURFACE_STYLE_FILL_AREA(#9211);
#9211 = FILL_AREA_STYLE('',(#9212));
#9212 = FILL_AREA_STYLE_COLOUR('',#8524);
#9213 = CURVE_STYLE('',#9214,POSITIVE_LENGTH_MEASURE(0.1),#8527);
#9214 = DRAUGHTING_PRE_DEFINED_CURVE_FONT('continuous');
#9215 = OVER_RIDING_STYLED_ITEM('overriding color',(#9216),#7050,#9161);
#9216 = PRESENTATION_STYLE_BY_CONTEXT((#9217,#9222),#8359);
#9217 = SURFACE_STYLE_USAGE(.BOTH.,#9218);
#9218 = SURFACE_SIDE_STYLE('',(#9219));
#9219 = SURFACE_STYLE_FILL_AREA(#9220);
#9220 = FILL_AREA_STYLE('',(#9221));
#9221 = FILL_AREA_STYLE_COLOUR('',#8524);
#9222 = CURVE_STYLE('',#9223,POSITIVE_LENGTH_MEASURE(0.1),#8527);
#9223 = DRAUGHTING_PRE_DEFINED_CURVE_FONT('continuous');
#9224 = OVER_RIDING_STYLED_ITEM('overriding color',(#9225),#7050,#9161);
#9225 = PRESENTATION_STYLE_BY_CONTEXT((#9226,#9231),#8361);
#9226 = SURFACE_STYLE_USAGE(.BOTH.,#9227);
#9227 = SURFACE_SIDE_STYLE('',(#9228));
#9228 = SURFACE_STYLE_FILL_AREA(#9229);
#9229 = FILL_AREA_STYLE('',(#9230));
#9230 = FILL_AREA_STYLE_COLOUR('',#8524);
#9231 = CURVE_STYLE('',#9232,POSITIVE_LENGTH_MEASURE(0.1),#8527);
#9232 = DRAUGHTING_PRE_DEFINED_CURVE_FONT('continuous');
#9233 = OVER_RIDING_STYLED_ITEM('overriding color',(#9234),#7050,#9161);
#9234 = PRESENTATION_STYLE_BY_CONTEXT((#9235,#9240),#8363);
#9235 = SURFACE_STYLE_USAGE(.BOTH.,#9236);
#9236 = SURFACE_SIDE_STYLE('',(#9237));
#9237 = SURFACE_STYLE_FILL_AREA(#9238);
#9238 = FILL_AREA_STYLE('',(#9239));
#9239 = FILL_AREA_STYLE_COLOUR('',#8524);
#9240 = CURVE_STYLE('',#9241,POSITIVE_LENGTH_MEASURE(0.1),#8527);
#9241 = DRAUGHTING_PRE_DEFINED_CURVE_FONT('continuous');
#9242 = OVER_RIDING_STYLED_ITEM('overriding color',(#9243),#7050,#9161);
#9243 = PRESENTATION_STYLE_BY_CONTEXT((#9244,#9249),#8365);
#9244 = SURFACE_STYLE_USAGE(.BOTH.,#9245);
#9245 = SURFACE_SIDE_STYLE('',(#9246));
#9246 = SURFACE_STYLE_FILL_AREA(#9247);
#9247 = FILL_AREA_STYLE('',(#9248));
#9248 = FILL_AREA_STYLE_COLOUR('',#8524);
#9249 = CURVE_STYLE('',#9250,POSITIVE_LENGTH_MEASURE(0.1),#8527);
#9250 = DRAUGHTING_PRE_DEFINED_CURVE_FONT('continuous');
#9251 = OVER_RIDING_STYLED_ITEM('overriding color',(#9252),#7050,#9161);
#9252 = PRESENTATION_STYLE_BY_CONTEXT((#9253,#9258),#8367);
#9253 = SURFACE_STYLE_USAGE(.BOTH.,#9254);
#9254 = SURFACE_SIDE_STYLE('',(#9255));
#9255 = SURFACE_STYLE_FILL_AREA(#9256);
#9256 = FILL_AREA_STYLE('',(#9257));
#9257 = FILL_AREA_STYLE_COLOUR('',#8524);
#9258 = CURVE_STYLE('',#9259,POSITIVE_LENGTH_MEASURE(0.1),#8527);
#9259 = DRAUGHTING_PRE_DEFINED_CURVE_FONT('continuous');
#9260 = OVER_RIDING_STYLED_ITEM('overriding color',(#9261),#7050,#9161);
#9261 = PRESENTATION_STYLE_BY_CONTEXT((#9262,#9267),#8369);
#9262 = SURFACE_STYLE_USAGE(.BOTH.,#9263);
#9263 = SURFACE_SIDE_STYLE('',(#9264));
#9264 = SURFACE_STYLE_FILL_AREA(#9265);
#9265 = FILL_AREA_STYLE('',(#9266));
#9266 = FILL_AREA_STYLE_COLOUR('',#8524);
#9267 = CURVE_STYLE('',#9268,POSITIVE_LENGTH_MEASURE(0.1),#8527);
#9268 = DRAUGHTING_PRE_DEFINED_CURVE_FONT('continuous');
#9269 = OVER_RIDING_STYLED_ITEM('overriding color',(#9270),#7050,#9161);
#9270 = PRESENTATION_STYLE_BY_CONTEXT((#9271,#9276),#8433);
#9271 = SURFACE_STYLE_USAGE(.BOTH.,#9272);
#9272 = SURFACE_SIDE_STYLE('',(#9273));
#9273 = SURFACE_STYLE_FILL_AREA(#9274);
#9274 = FILL_AREA_STYLE('',(#9275));
#9275 = FILL_AREA_STYLE_COLOUR('',#8655);
#9276 = CURVE_STYLE('',#9277,POSITIVE_LENGTH_MEASURE(0.1),#8658);
#9277 = DRAUGHTING_PRE_DEFINED_CURVE_FONT('continuous');
#9278 = OVER_RIDING_STYLED_ITEM('overriding color',(#9279),#7050,#9161);
#9279 = PRESENTATION_STYLE_BY_CONTEXT((#9280,#9285),#8435);
#9280 = SURFACE_STYLE_USAGE(.BOTH.,#9281);
#9281 = SURFACE_SIDE_STYLE('',(#9282));
#9282 = SURFACE_STYLE_FILL_AREA(#9283);
#9283 = FILL_AREA_STYLE('',(#9284));
#9284 = FILL_AREA_STYLE_COLOUR('',#8655);
#9285 = CURVE_STYLE('',#9286,POSITIVE_LENGTH_MEASURE(0.1),#8658);
#9286 = DRAUGHTING_PRE_DEFINED_CURVE_FONT('continuous');
#9287 = OVER_RIDING_STYLED_ITEM('overriding color',(#9288),#7050,#9161);
#9288 = PRESENTATION_STYLE_BY_CONTEXT((#9289,#9294),#8437);
#9289 = SURFACE_STYLE_USAGE(.BOTH.,#9290);
#9290 = SURFACE_SIDE_STYLE('',(#9291));
#9291 = SURFACE_STYLE_FILL_AREA(#9292);
#9292 = FILL_AREA_STYLE('',(#9293));
#9293 = FILL_AREA_STYLE_COLOUR('',#8655);
#9294 = CURVE_STYLE('',#9295,POSITIVE_LENGTH_MEASURE(0.1),#8658);
#9295 = DRAUGHTING_PRE_DEFINED_CURVE_FONT('continuous');
#9296 = OVER_RIDING_STYLED_ITEM('overriding color',(#9297),#7050,#9161);
#9297 = PRESENTATION_STYLE_BY_CONTEXT((#9298,#9303),#8439);
#9298 = SURFACE_STYLE_USAGE(.BOTH.,#9299);
#9299 = SURFACE_SIDE_STYLE('',(#9300));
#9300 = SURFACE_STYLE_FILL_AREA(#9301);
#9301 = FILL_AREA_STYLE('',(#9302));
#9302 = FILL_AREA_STYLE_COLOUR('',#8655);
#9303 = CURVE_STYLE('',#9304,POSITIVE_LENGTH_MEASURE(0.1),#8658);
#9304 = DRAUGHTING_PRE_DEFINED_CURVE_FONT('continuous');
#9305 = OVER_RIDING_STYLED_ITEM('overriding color',(#9306),#7050,#9161);
#9306 = PRESENTATION_STYLE_BY_CONTEXT((#9307,#9312),#8441);
#9307 = SURFACE_STYLE_USAGE(.BOTH.,#9308);
#9308 = SURFACE_SIDE_STYLE('',(#9309));
#9309 = SURFACE_STYLE_FILL_AREA(#9310);
#9310 = FILL_AREA_STYLE('',(#9311));
#9311 = FILL_AREA_STYLE_COLOUR('',#8655);
#9312 = CURVE_STYLE('',#9313,POSITIVE_LENGTH_MEASURE(0.1),#8658);
#9313 = DRAUGHTING_PRE_DEFINED_CURVE_FONT('continuous');
#9314 = OVER_RIDING_STYLED_ITEM('overriding color',(#9315),#7050,#9161);
#9315 = PRESENTATION_STYLE_BY_CONTEXT((#9316,#9321),#8443);
#9316 = SURFACE_STYLE_USAGE(.BOTH.,#9317);
#9317 = SURFACE_SIDE_STYLE('',(#9318));
#9318 = SURFACE_STYLE_FILL_AREA(#9319);
#9319 = FILL_AREA_STYLE('',(#9320));
#9320 = FILL_AREA_STYLE_COLOUR('',#8655);
#9321 = CURVE_STYLE('',#9322,POSITIVE_LENGTH_MEASURE(0.1),#8658);
#9322 = DRAUGHTING_PRE_DEFINED_CURVE_FONT('continuous');
#9323 = OVER_RIDING_STYLED_ITEM('overriding color',(#9324),#7050,#9161);
#9324 = PRESENTATION_STYLE_BY_CONTEXT((#9325,#9330),#8445);
#9325 = SURFACE_STYLE_USAGE(.BOTH.,#9326);
#9326 = SURFACE_SIDE_STYLE('',(#9327));
#9327 = SURFACE_STYLE_FILL_AREA(#9328);
#9328 = FILL_AREA_STYLE('',(#9329));
#9329 = FILL_AREA_STYLE_COLOUR('',#8655);
#9330 = CURVE_STYLE('',#9331,POSITIVE_LENGTH_MEASURE(0.1),#8658);
#9331 = DRAUGHTING_PRE_DEFINED_CURVE_FONT('continuous');
#9332 = OVER_RIDING_STYLED_ITEM('overriding color',(#9333),#7050,#9161);
#9333 = PRESENTATION_STYLE_BY_CONTEXT((#9334,#9339),#8447);
#9334 = SURFACE_STYLE_USAGE(.BOTH.,#9335);
#9335 = SURFACE_SIDE_STYLE('',(#9336));
#9336 = SURFACE_STYLE_FILL_AREA(#9337);
#9337 = FILL_AREA_STYLE('',(#9338));
#9338 = FILL_AREA_STYLE_COLOUR('',#8655);
#9339 = CURVE_STYLE('',#9340,POSITIVE_LENGTH_MEASURE(0.1),#8658);
#9340 = DRAUGHTING_PRE_DEFINED_CURVE_FONT('continuous');
#9341 = OVER_RIDING_STYLED_ITEM('overriding color',(#9342),#7050,#9161);
#9342 = PRESENTATION_STYLE_BY_CONTEXT((#9343,#9348),#8449);
#9343 = SURFACE_STYLE_USAGE(.BOTH.,#9344);
#9344 = SURFACE_SIDE_STYLE('',(#9345));
#9345 = SURFACE_STYLE_FILL_AREA(#9346);
#9346 = FILL_AREA_STYLE('',(#9347));
#9347 = FILL_AREA_STYLE_COLOUR('',#8655);
#9348 = CURVE_STYLE('',#9349,POSITIVE_LENGTH_MEASURE(0.1),#8658);
#9349 = DRAUGHTING_PRE_DEFINED_CURVE_FONT('continuous');
#9350 = OVER_RIDING_STYLED_ITEM('overriding color',(#9351),#7050,#9161);
#9351 = PRESENTATION_STYLE_BY_CONTEXT((#9352,#9357),#8451);
#9352 = SURFACE_STYLE_USAGE(.BOTH.,#9353);
#9353 = SURFACE_SIDE_STYLE('',(#9354));
#9354 = SURFACE_STYLE_FILL_AREA(#9355);
#9355 = FILL_AREA_STYLE('',(#9356));
#9356 = FILL_AREA_STYLE_COLOUR('',#8655);
#9357 = CURVE_STYLE('',#9358,POSITIVE_LENGTH_MEASURE(0.1),#8658);
#9358 = DRAUGHTING_PRE_DEFINED_CURVE_FONT('continuous');
#9359 = OVER_RIDING_STYLED_ITEM('overriding color',(#9360),#7050,#9161);
#9360 = PRESENTATION_STYLE_BY_CONTEXT((#9361,#9366),#8453);
#9361 = SURFACE_STYLE_USAGE(.BOTH.,#9362);
#9362 = SURFACE_SIDE_STYLE('',(#9363));
#9363 = SURFACE_STYLE_FILL_AREA(#9364);
#9364 = FILL_AREA_STYLE('',(#9365));
#9365 = FILL_AREA_STYLE_COLOUR('',#8655);
#9366 = CURVE_STYLE('',#9367,POSITIVE_LENGTH_MEASURE(0.1),#8658);
#9367 = DRAUGHTING_PRE_DEFINED_CURVE_FONT('continuous');
ENDSEC;
END-ISO-10303-21;
