#VRML V2.0 utf8
# 3D model generated by easyeda2kicad.py (https://github.com/uPesy/easyeda2kicad.py)

Shape{
    appearance Appearance {
        material  Material 	{
            diffuseColor 0.20784313725490197 0.20784313725490197 0.20784313725490197
            specularColor 0.01568627450980392 0.01568627450980392 0.01568627450980392
            ambientIntensity 0.298
            transparency 0.0
            shininess 0.5
        }
    }
    geometry IndexedFaceSet {
        ccw TRUE
        solid FALSE
        coord DEF co Coordinate {
            point [
                0.912 -1.378 0.2953, 0.9843 -1.378 0.2953, 0.9843 -1.1696 0.2953, 0.7878 -1.378 0.2953, 0.912 -1.1696 0.2953, 0.7353 -1.378 0.2953, 0.7878 -1.1696 0.2953, -0.9843 -1.378 0.2953, -0.2419 -1.378 0.2953, -0.2419 -1.1696 0.2953, 0.6403 -1.1471 0.2953, 0.638 -1.1474 0.2953, 0.652 -1.1474 0.2953, 0.4731 -1.0457 0.2953, 0.4839 -1.0548 0.2953, 0.5217 -1.0015 0.2953, 0.5217 -1.0585 0.2953, 0.4222 -0.9969 0.2953, 0.4289 -1.0015 0.2953, 0.4377 -1.0077 0.2953, 0.4515 -1.0238 0.2953, 0.4593 -1.0391 0.2953, 0.4612 -1.0398 0.2953, 0.347 -0.9956 0.2953, 0.3655 -0.9889 0.2953, -0.2419 0.0676 0.2953, 0.5217 0.0676 0.2953, 0.3835 -0.9869 0.2953, 0.4024 -0.9892 0.2953, 0.3373 -1.0015 0.2953, -0.2419 -1.0015 0.2953, 0.3357 -1.0025 0.2953, -0.2419 -1.0585 0.2953, 0.2501 -1.0585 0.2953, 0.2536 -1.0506 0.2953, 0.2632 -1.0383 0.2953, 0.2933 -1.0211 0.2953, 0.309 -1.0192 0.2953, 0.3264 -1.0105 0.2953, 0.3136 -1.0195 0.2953, 0.3182 -1.02 0.2953, 0.2659 -1.0358 0.2953, 0.2786 -1.0269 0.2953, 0.2736 -1.1378 0.2953, 0.2612 -1.1272 0.2953, -0.2419 -1.1474 0.2953, 0.2881 -1.1448 0.2953, 0.2521 -1.1142 0.2953, 0.2464 -1.0994 0.2953, -0.2419 -1.0749 0.2953, 0.2445 -1.0838 0.2953, 0.2446 -1.0799 0.2953, 0.2455 -1.0749 0.2953, 0.2473 -1.065 0.2953, 0.2931 -1.1463 0.2953, 0.2936 -1.1474 0.2953, 0.2971 -1.1549 0.2953, 0.303 -1.1622 0.2953, 0.3474 -1.1696 0.2953, 0.3406 -1.1722 0.2953, 0.5217 -1.378 0.2953, 0.3309 -1.1734 0.2953, 0.3294 -1.1734 0.2953, 0.32 -1.1719 0.2953, 0.3145 -1.1696 0.2953, 0.3108 -1.1681 0.2953, 0.3683 -1.1474 0.2953, 0.3682 -1.1476 0.2953, 0.5217 -1.1696 0.2953, 0.3635 -1.1564 0.2953, 0.3574 -1.1633 0.2953, 0.3495 -1.1688 0.2953, 0.4969 -1.0783 0.2953, 0.4987 -1.0913 0.2953, 0.5217 -1.0749 0.2953, 0.4192 -1.1239 0.2953, 0.4219 -1.1228 0.2953, 0.4266 -1.1001 0.2953, 0.3608 -1.1069 0.2953, 0.4142 -1.079 0.2953, 0.3539 -1.1005 0.2953, 0.3454 -1.096 0.2953, 0.4167 -1.1256 0.2953, 0.4738 -1.0882 0.2953, 0.4719 -1.0806 0.2953, 0.4689 -1.0749 0.2953, 0.2706 -1.0749 0.2953, 0.4969 -1.1056 0.2953, 0.5217 -1.1474 0.2953, 0.4919 -1.1182 0.2953, 0.484 -1.1292 0.2953, 0.425 -1.1224 0.2953, 0.4254 -1.1224 0.2953, 0.4266 -1.1227 0.2953, 0.2729 -1.0989 0.2953, 0.2777 -1.1069 0.2953, 0.2979 -1.1111 0.2953, 0.2848 -1.1143 0.2953, 0.2935 -1.1196 0.2953, 0.3126 -1.0979 0.2953, 0.3045 -1.1035 0.2953, 0.2696 -1.083 0.2953, 0.27 -1.0891 0.2953, 0.3214 -1.0945 0.2953, 0.3309 -1.0933 0.2953, 0.3358 -1.0936 0.2953, 0.4731 -1.1384 0.2953, 0.461 -1.1443 0.2953, 0.4477 -1.1471 0.2953, 0.4126 -1.1348 0.2953, 0.4127 -1.1332 0.2953, 0.3708 -1.1296 0.2953, 0.4135 -1.1302 0.2953, 0.4151 -1.1274 0.2953, 0.4659 -1.1128 0.2953, 0.4703 -1.1066 0.2953, 0.473 -1.0995 0.2953, 0.474 -1.0917 0.2953, 0.4242 -1.1471 0.2953, 0.4219 -1.1468 0.2953, 0.4193 -1.1457 0.2953, 0.4167 -1.1439 0.2953, 0.4158 -1.1429 0.2953, 0.4141 -1.1404 0.2953, 0.413 -1.1377 0.2953, 0.3706 -1.1377 0.2953, 0.3708 -1.1336 0.2953, 0.4274 -1.1228 0.2953, 0.4453 -1.1228 0.2953, 0.4525 -1.1214 0.2953, 0.4595 -1.1182 0.2953, 0.4654 -1.1134 0.2953, 0.4397 -1.0607 0.2953, 0.2742 -1.0644 0.2953, 0.2708 -1.0733 0.2953, 0.4429 -1.0607 0.2953, 0.4682 -1.0737 0.2953, 0.4636 -1.0686 0.2953, 0.4575 -1.0643 0.2953, 0.4505 -1.0616 0.2953, 0.4311 -1.0367 0.2953, 0.4222 -1.026 0.2953, 0.3305 -1.0491 0.2953, 0.4211 -1.0251 0.2953, 0.4099 -1.0173 0.2953, 0.3366 -1.0365 0.2953, 0.2783 -1.0585 0.2953, 0.3277 -1.0475 0.2953, 0.4393 -1.0585 0.2953, 0.4373 -1.0496 0.2953, 0.3188 -1.0443 0.2953, 0.3094 -1.0431 0.2953, 0.3053 -1.0433 0.2953, 0.3456 -1.0258 0.2953, 0.3974 -1.0125 0.2953, 0.3563 -1.018 0.2953, 0.3839 -1.0108 0.2953, 0.3693 -1.0127 0.2953, 0.2954 -1.0457 0.2953, 0.2866 -1.0504 0.2953, 0.2797 -1.0565 0.2953, 0.4865 -1.0585 0.2953, 0.492 -1.0662 0.2953, 0.4955 -1.0749 0.2953, 0.73 -1.1405 0.2953, 0.73 -1.1469 0.2953, 0.7353 -1.1474 0.2953, 0.7176 -1.1474 0.2953, 0.7071 -1.1217 0.2953, 0.7071 -1.1405 0.2953, 0.7176 -1.1217 0.2953, 0.7176 -1.1405 0.2953, 0.7271 -1.1217 0.2953, 0.7271 -1.1153 0.2953, 0.7071 -1.0973 0.2953, 0.7071 -1.1153 0.2953, 0.7176 -1.0973 0.2953, 0.7176 -1.1153 0.2953, 0.7287 -1.0973 0.2953, 0.7176 -1.1469 0.2953, 0.6998 -1.1469 0.2953, 0.6961 -1.1474 0.2953, 0.6998 -1.0909 0.2953, 0.626 -1.14 0.2953, 0.6264 -1.1402 0.2953, 0.6264 -1.1253 0.2953, 0.6252 -1.124 0.2953, 0.6243 -1.1226 0.2953, 0.6232 -1.1383 0.2953, 0.6235 -1.1204 0.2953, 0.6232 -1.1177 0.2953, 0.6208 -1.0749 0.2953, 0.6235 -1.1152 0.2953, 0.6263 -1.1252 0.2953, 0.6232 -1.1455 0.2953, 0.6208 -1.1474 0.2953, 0.6264 -1.1467 0.2953, 0.6264 -1.1474 0.2953, 0.6274 -1.1471 0.2953, 0.63 -1.1474 0.2953, 0.634 -1.1479 0.2953, 0.6264 -1.1696 0.2953, 0.652 -1.1696 0.2953, 0.6483 -1.1078 0.2953, 0.6483 -1.1146 0.2953, 0.6277 -1.1092 0.2953, 0.63 -1.1078 0.2953, 0.6264 -1.0749 0.2953, 0.6243 -1.1129 0.2953, 0.6256 -1.111 0.2953, 0.6264 -1.1103 0.2953, 0.6499 -1.1389 0.2953, 0.649 -1.1411 0.2953, 0.6477 -1.1429 0.2953, 0.6339 -1.1065 0.2953, 0.6388 -1.106 0.2953, 0.652 -1.0749 0.2953, 0.6437 -1.1064 0.2953, 0.6478 -1.1294 0.2953, 0.6491 -1.1314 0.2953, 0.6499 -1.1334 0.2953, 0.6502 -1.136 0.2953, 0.6457 -1.1447 0.2953, 0.644 -1.1457 0.2953, 0.6381 -1.1117 0.2953, 0.636 -1.1118 0.2953, 0.6304 -1.1171 0.2953, 0.6341 -1.1123 0.2953, 0.6326 -1.1132 0.2953, 0.6305 -1.118 0.2953, 0.6308 -1.1191 0.2953, 0.6313 -1.12 0.2953, 0.632 -1.1208 0.2953, 0.6344 -1.1223 0.2953, 0.6426 -1.1122 0.2953, 0.6388 -1.1242 0.2953, 0.6466 -1.1136 0.2953, 0.6415 -1.1253 0.2953, 0.6462 -1.1279 0.2953, 0.6315 -1.1141 0.2953, 0.6309 -1.115 0.2953, 0.6306 -1.116 0.2953, 0.6304 -1.1416 0.2953, 0.6338 -1.1293 0.2953, 0.6296 -1.1274 0.2953, 0.6347 -1.1421 0.2953, 0.635 -1.1421 0.2953, 0.6384 -1.1313 0.2953, 0.6386 -1.1417 0.2953, 0.643 -1.1367 0.2953, 0.6429 -1.1359 0.2953, 0.6404 -1.1411 0.2953, 0.6411 -1.1407 0.2953, 0.6419 -1.14 0.2953, 0.6425 -1.1391 0.2953, 0.6428 -1.1381 0.2953, 0.6426 -1.1348 0.2953, 0.6421 -1.1338 0.2953, 0.6412 -1.1329 0.2953, 0.7878 -1.0585 0.2953, 0.7696 -1.058 0.2953, 0.7616 -1.058 0.2953, 0.7558 -1.0427 0.2953, 0.7353 -1.0427 0.2953, 0.7353 -1.0585 0.2953, 0.7482 -1.002 0.2953, 0.7878 -1.0015 0.2953, 0.7353 -1.0015 0.2953, 0.7325 -1.0427 0.2953, 0.7271 -1.058 0.2953, 0.7176 -1.0585 0.2953, 0.7191 -1.058 0.2953, 0.7176 -1.0015 0.2953, 0.7353 -1.0156 0.2953, 0.7405 -1.002 0.2953, 0.6704 -1.058 0.2953, 0.6704 -1.002 0.2953, 0.6585 -1.0084 0.2953, 0.6585 -1.002 0.2953, 0.6864 -1.002 0.2953, 0.6961 -1.0015 0.2953, 0.652 -1.0015 0.2953, 0.652 -1.002 0.2953, 0.6598 -1.0516 0.2953, 0.6598 -1.058 0.2953, 0.6953 -1.0569 0.2953, 0.6858 -1.058 0.2953, 0.6961 -1.0585 0.2953, 0.652 -1.0585 0.2953, 0.7145 -1.0394 0.2953, 0.7117 -1.0452 0.2953, 0.7095 -1.0113 0.2953, 0.713 -1.0162 0.2953, 0.7076 -1.0502 0.2953, 0.7017 -1.0544 0.2953, 0.6961 -1.0566 0.2953, 0.7076 -1.0094 0.2953, 0.6949 -1.0029 0.2953, 0.6961 -1.0033 0.2953, 0.7017 -1.0054 0.2953, 0.7151 -1.0216 0.2953, 0.716 -1.0293 0.2953, 0.7158 -1.0328 0.2953, 0.6369 -1.0328 0.2953, 0.6369 -1.0516 0.2953, 0.652 -1.0328 0.2953, 0.652 -1.0516 0.2953, 0.6569 -1.0328 0.2953, 0.6569 -1.0264 0.2953, 0.652 -1.0264 0.2953, 0.652 -1.0084 0.2953, 0.6369 -1.0264 0.2953, 0.6369 -1.0084 0.2953, 0.6296 -1.002 0.2953, 0.6264 -1.0015 0.2953, 0.6296 -1.058 0.2953, 0.6052 -1.0076 0.2953, 0.6026 -1.0077 0.2953, 0.616 -1.0498 0.2953, 0.6121 -1.0084 0.2953, 0.6208 -1.0585 0.2953, 0.6184 -1.0109 0.2953, 0.6184 -1.0488 0.2953, 0.6178 -1.0105 0.2953, 0.616 -1.0099 0.2953, 0.5978 -1.0087 0.2953, 0.5934 -1.0109 0.2953, 0.5899 -1.0138 0.2953, 0.5896 -1.0142 0.2953, 0.5868 -1.0181 0.2953, 0.585 -1.0229 0.2953, 0.5841 -1.0306 0.2953, 0.5841 -1.0332 0.2953, 0.6129 -1.0512 0.2953, 0.6066 -1.0524 0.2953, 0.604 -1.0525 0.2953, 0.5851 -1.0387 0.2953, 0.587 -1.0431 0.2953, 0.5896 -1.0466 0.2953, 0.5911 -1.0481 0.2953, 0.5991 -1.052 0.2953, 0.5949 -1.0506 0.2953, 0.6184 -1.0033 0.2953, 0.6208 -1.0015 0.2953, 0.616 -1.0026 0.2953, 0.616 -1.0015 0.2953, 0.6125 -1.0016 0.2953, 0.6112 -1.0015 0.2953, 0.598 -1.0585 0.2953, 0.5934 -1.0575 0.2953, 0.5756 -1.0585 0.2953, 0.5882 -1.0551 0.2953, 0.5837 -1.0513 0.2953, 0.5832 -1.0508 0.2953, 0.5798 -1.046 0.2953, 0.5776 -1.0402 0.2953, 0.5765 -1.0311 0.2953, 0.5766 -1.0281 0.2953, 0.5756 -1.0015 0.2953, 0.5778 -1.0208 0.2953, 0.5805 -1.0146 0.2953, 0.5846 -1.0093 0.2953, 0.5859 -1.0079 0.2953, 0.5912 -1.0043 0.2953, 0.597 -1.002 0.2953, 0.5995 -1.0588 0.2953, 0.5756 -1.0749 0.2953, 0.6029 -1.059 0.2953, 0.616 -1.0749 0.2953, 0.6079 -1.0585 0.2953, 0.6184 -1.0557 0.2953, 0.6175 -1.0562 0.2953, 0.616 -1.0585 0.2953, 0.616 -1.0566 0.2953, 0.6115 -1.0581 0.2953, 0.5748 -1.1405 0.2953, 0.5748 -1.1469 0.2953, 0.5756 -1.1474 0.2953, 0.5446 -1.1469 0.2953, 0.5745 -1.1474 0.2953, 0.5745 -1.1469 0.2953, 0.5446 -1.0909 0.2953, 0.5735 -1.0909 0.2953, 0.5735 -1.0973 0.2953, 0.5745 -1.0749 0.2953, 0.5745 -1.1405 0.2953, 0.5518 -1.1217 0.2953, 0.5518 -1.1405 0.2953, 0.5719 -1.1217 0.2953, 0.5719 -1.1153 0.2953, 0.5518 -1.1153 0.2953, 0.5518 -1.0973 0.2953, 0.5901 -1.1474 0.2953, 0.59 -1.1474 0.2953, 0.5854 -1.1097 0.2953, 0.5854 -1.1165 0.2953, 0.6136 -1.1212 0.2953, 0.6136 -1.1469 0.2953, 0.616 -1.1474 0.2953, 0.6066 -1.1469 0.2953, 0.5873 -1.1464 0.2953, 0.5849 -1.1447 0.2953, 0.5841 -1.1439 0.2953, 0.6064 -1.1073 0.2953, 0.6088 -1.1087 0.2953, 0.6066 -1.1407 0.2953, 0.6064 -1.1407 0.2953, 0.6035 -1.1064 0.2953, 0.5827 -1.1418 0.2953, 0.5818 -1.1394 0.2953, 0.5815 -1.1362 0.2953, 0.6046 -1.1433 0.2953, 0.6023 -1.1455 0.2953, 0.6009 -1.1463 0.2953, 0.5815 -1.1352 0.2953, 0.582 -1.1322 0.2953, 0.583 -1.1297 0.2953, 0.5844 -1.1277 0.2953, 0.5866 -1.1259 0.2953, 0.5897 -1.1244 0.2953, 0.5895 -1.1138 0.2953, 0.5948 -1.1231 0.2953, 0.6009 -1.1119 0.2953, 0.5985 -1.1117 0.2953, 0.5939 -1.1122 0.2953, 0.5868 -1.1089 0.2953, 0.5921 -1.1068 0.2953, 0.5992 -1.106 0.2953, 0.6106 -1.1105 0.2953, 0.612 -1.1128 0.2953, 0.6131 -1.116 0.2953, 0.6066 -1.1215 0.2953, 0.6064 -1.1184 0.2953, 0.6056 -1.1159 0.2953, 0.6048 -1.1144 0.2953, 0.6038 -1.1133 0.2953, 0.6025 -1.1125 0.2953, 0.5942 -1.1479 0.2953, 0.5756 -1.1696 0.2953, 0.598 -1.1474 0.2953, 0.616 -1.1696 0.2953, 0.685 -1.1069 0.2953, 0.6923 -1.1069 0.2953, 0.6961 -1.0749 0.2953, 0.7176 -1.0749 0.2953, 0.7176 -1.0909 0.2953, 0.7353 -1.0749 0.2953, 0.7287 -1.0909 0.2953, 0.6693 -1.1474 0.2953, 0.6695 -1.1468 0.2953, 0.6538 -1.1069 0.2953, 0.6617 -1.1069 0.2953, 0.6722 -1.137 0.2953, 0.6741 -1.137 0.2953, 0.673 -1.1403 0.2953, 0.6732 -1.1403 0.2953, 0.6735 -1.1389 0.2953, 0.6961 -1.1696 0.2953, 0.6627 -1.1655 0.2953, 0.6598 -1.1658 0.2953, 0.6583 -1.1657 0.2953, 0.6638 -1.1581 0.2953, 0.6651 -1.1567 0.2953, 0.6665 -1.1541 0.2953, 0.6553 -1.1652 0.2953, 0.6553 -1.159 0.2953, 0.6567 -1.1594 0.2953, 0.6593 -1.1598 0.2953, 0.6763 -1.1474 0.2953, 0.6741 -1.153 0.2953, 0.6709 -1.1592 0.2953, 0.6684 -1.1623 0.2953, 0.6679 -1.1627 0.2953, 0.6654 -1.1644 0.2953, 0.661 -1.1596 0.2953, 0.6626 -1.159 0.2953, 0.7353 -1.1696 0.2953, 0.7176 -1.378 0.2953, 0.7176 -1.1696 0.2953, 0.6961 -1.378 0.2953, 0.652 -1.378 0.2953, 0.6264 -1.378 0.2953, 0.6208 -1.378 0.2953, 0.6208 -1.1696 0.2953, 0.616 -1.378 0.2953, 0.5756 -1.378 0.2953, 0.5745 -1.378 0.2953, 0.5745 -1.1696 0.2953, 0.5982 -1.1474 0.2953, 0.912 -1.1474 0.2953, 0.7878 -1.1474 0.2953, 0.7406 -1.1469 0.2953, 0.7847 -1.1283 0.2953, 0.7819 -1.1341 0.2953, 0.7777 -1.1391 0.2953, 0.7832 -1.1051 0.2953, 0.7853 -1.1105 0.2953, 0.7878 -1.0749 0.2953, 0.7862 -1.1182 0.2953, 0.786 -1.1218 0.2953, 0.7719 -1.1433 0.2953, 0.7655 -1.1458 0.2953, 0.756 -1.1469 0.2953, 0.7406 -1.0909 0.2953, 0.7566 -1.0909 0.2953, 0.7651 -1.0918 0.2953, 0.7719 -1.0943 0.2953, 0.7777 -1.0983 0.2953, 0.7797 -1.1002 0.2953, 0.7973 -1.1469 0.2953, 0.7893 -1.1469 0.2953, 0.8317 -1.1469 0.2953, 0.826 -1.1316 0.2953, 0.8027 -1.1316 0.2953, 0.8107 -1.0909 0.2953, 0.8184 -1.0909 0.2953, 0.5745 -1.0585 0.2953, 0.6264 -1.0585 0.2953, 0.5742 -1.0516 0.2953, 0.5742 -1.058 0.2953, 0.5446 -1.058 0.2953, 0.5518 -1.002 0.2953, 0.5745 -1.0015 0.2953, 0.5446 -1.002 0.2953, 0.5518 -1.0516 0.2953, 0.652 -1.058 0.2953, 0.8397 -1.1469 0.2953, 0.912 -1.0749 0.2953, 0.912 -1.0585 0.2953, 0.912 -1.0015 0.2953, 0.9843 -1.1474 0.2953, 0.9843 -1.0749 0.2953, 0.9843 -1.0585 0.2953, 0.9843 -1.0015 0.2953, 0.6012 -1.0015 0.2953, 0.5756 0.0676 0.2953, 0.5745 0.0676 0.2953, 0.9843 0.0676 0.2953, 0.912 0.0676 0.2953, 0.7878 0.0676 0.2953, 0.7353 0.0676 0.2953, 0.7176 0.0676 0.2953, 0.6961 0.0676 0.2953, 0.652 0.0676 0.2953, 0.6264 0.0676 0.2953, 0.6208 0.0676 0.2953, 0.616 0.0676 0.2953, 0.6051 -1.001 0.2953, -0.7579 1.13 0.2953, -0.7721 1.1241 0.2953, -0.9843 -1.1696 0.2953, -0.9843 -1.1474 0.2953, -0.9843 -1.0749 0.2953, -0.9843 -1.0585 0.2953, -0.9843 -1.0015 0.2953, -0.9843 0.0676 0.2953, -0.7874 1.122 0.2953, -0.7304 1.1658 0.2953, -0.7363 1.1516 0.2953, -0.7456 1.1393 0.2953, -0.8027 1.1241 0.2953, -0.8169 1.13 0.2953, -0.8292 1.1393 0.2953, -0.7579 1.2322 0.2953, -0.7456 1.2229 0.2953, -0.2419 1.378 0.2953, -0.8444 1.1964 0.2953, -0.8385 1.2106 0.2953, -0.9843 1.378 0.2953, -0.8292 1.2229 0.2953, -0.8169 1.2322 0.2953, -0.7363 1.2106 0.2953, -0.7304 1.1964 0.2953, -0.7283 1.1811 0.2953, -0.8385 1.1516 0.2953, -0.8444 1.1658 0.2953, -0.8465 1.1811 0.2953, -0.8027 1.2381 0.2953, -0.7874 1.2402 0.2953, -0.7721 1.2381 0.2953, 0.9843 1.378 0.2953, 0.912 1.378 0.2953, 0.7878 1.378 0.2953, 0.7353 1.378 0.2953, 0.7176 1.378 0.2953, 0.6961 1.378 0.2953, 0.652 1.378 0.2953, 0.6264 1.378 0.2953, 0.6208 1.378 0.2953, 0.616 1.378 0.2953, 0.5756 1.378 0.2953, 0.5745 1.378 0.2953, 0.5217 1.378 0.2953, -0.856 -1.0617 0.0079, -0.9843 -1.378 0.0079, -0.8661 -1.063 0.0079, -0.9843 -1.063 0.0079, -0.8465 -1.0577 0.0079, -0.8383 -1.0515 0.0079, -0.5709 -0.9646 0.0079, -0.832 -1.0433 0.0079, -0.8281 -0.8763 0.0079, -0.832 -0.8858 0.0079, -0.8383 -0.894 0.0079, 0.5709 -0.9646 0.0079, 0.5709 -1.2257 0.0079, 0.5614 -1.2218 0.0079, -0.832 -0.8465 0.0079, -0.8383 -0.8383 0.0079, -0.8281 -0.7189 0.0079, -0.5614 -1.2218 0.0079, -0.5709 -1.2257 0.0079, -0.7189 -1.2218 0.0079, -0.7283 -1.2257 0.0079, -0.8281 -1.0338 0.0079, -0.8268 -1.0236 0.0079, -0.8281 -1.0134 0.0079, 0.9843 -1.378 0.0079, 0.5853 -1.2402 0.0079, 0.579 -1.232 0.0079, 0.5512 -1.2205 0.0079, 0.541 -1.2218 0.0079, 0.5315 -1.2257 0.0079, -0.0686 -1.2218 0.0079, -0.0787 -1.2205 0.0079, -0.7365 -1.232 0.0079, -0.7428 -1.2402 0.0079, 0.8281 0.2464 0.0079, 0.8268 0.2362 0.0079, 0.5709 -0.1181 0.0079, 0.8281 0.226 0.0079, 0.9843 -1.063 0.0079, 0.8661 -1.063 0.0079, 0.856 -1.0617 0.0079, 0.856 -0.9042 0.0079, 0.8465 -0.9895 0.0079, 0.8383 -0.9958 0.0079, -0.832 -1.0039 0.0079, -0.8383 -0.9958 0.0079, -0.8465 -0.9895 0.0079, -0.856 -0.9856 0.0079, -0.8268 -0.8661 0.0079, -0.8281 -0.856 0.0079, -0.8465 -0.7428 0.0079, -0.8383 -0.7365 0.0079, -0.856 -0.8281 0.0079, -0.832 -0.689 0.0079, -0.8383 -0.6808 0.0079, -0.5709 -0.1181 0.0079, 0.5906 -1.378 0.0079, 0.5906 -1.2598 0.0079, 0.5892 -1.2497 0.0079, -0.689 -1.2257 0.0079, -0.6985 -1.2218 0.0079, -0.7087 -1.2205 0.0079, 0.8383 -0.2084 0.0079, 0.832 -0.2165 0.0079, 0.8281 -0.226 0.0079, 0.8268 -0.2362 0.0079, 0.8268 -1.0236 0.0079, 0.8281 -1.0338 0.0079, -0.7283 0.1378 0.0079, -0.8383 0.8383 0.0079, -0.7283 0.8465 0.0079, -0.832 0.8465 0.0079, 0.7283 0.1378 0.0079, 0.8281 1.0338 0.0079, 0.7283 0.9646 0.0079, 0.832 1.0433 0.0079, 0.8383 1.0515 0.0079, -0.8661 -0.9843 0.0079, -0.9843 -0.9843 0.0079, -0.9843 -0.9055 0.0079, -0.8465 -0.832 0.0079, -0.832 -0.7283 0.0079, -0.8268 -0.7087 0.0079, -0.8281 -0.6985 0.0079, -0.8281 -0.5614 0.0079, -0.8268 -0.5512 0.0079, -0.8281 -0.541 0.0079, 0.5233 -1.232 0.0079, 0.5171 -1.2402 0.0079, 0.4317 -1.2497 0.0079, 0.4134 -1.2257 0.0079, 0.4039 -1.2218 0.0079, 0.3937 -1.2205 0.0079, 0.3835 -1.2218 0.0079, 0.0984 -1.2257 0.0079, 0.0889 -1.2218 0.0079, 0.0787 -1.2205 0.0079, -0.7467 -1.2497 0.0079, -0.748 -1.2598 0.0079, -0.748 -1.378 0.0079, 0.8281 -0.0889 0.0079, 0.8268 -0.0787 0.0079, 0.8281 -0.0686 0.0079, -0.8383 0.2641 0.0079, -0.8465 0.2703 0.0079, -0.8383 0.3659 0.0079, -0.832 0.374 0.0079, -0.8281 0.856 0.0079, -0.8268 0.8661 0.0079, -0.8281 0.8763 0.0079, -0.832 0.8858 0.0079, -0.8383 0.894 0.0079, -0.8465 0.9002 0.0079, -0.856 0.9042 0.0079, -0.9843 0.9843 0.0079, -0.8661 0.9055 0.0079, -0.9843 0.9055 0.0079, -0.8661 -0.9055 0.0079, -0.856 -0.9042 0.0079, -0.8465 -0.9002 0.0079, -0.8268 -0.2362 0.0079, -0.8281 -0.226 0.0079, 0.2362 -1.2205 0.0079, 0.374 -1.2257 0.0079, 0.2464 -1.2218 0.0079, 0.2559 -1.2257 0.0079, -0.3937 -1.2205 0.0079, -0.4039 -1.2218 0.0079, -0.579 -1.232 0.0079, -0.5853 -1.2402 0.0079, 0.8465 -0.2703 0.0079, 0.856 -0.2742 0.0079, 0.8383 -0.3659 0.0079, 0.832 -0.374 0.0079, 0.8281 -0.856 0.0079, 0.8268 -0.8661 0.0079, 0.8281 -0.8763 0.0079, 0.832 -0.8858 0.0079, 0.9843 -0.9055 0.0079, 0.9843 -0.9843 0.0079, 0.8661 -0.9055 0.0079, 0.8661 -0.9843 0.0079, 0.856 -0.9856 0.0079, -0.8383 0.2084 0.0079, -0.832 0.2165 0.0079, -0.8281 0.226 0.0079, 0.8268 0.7087 0.0079, 0.8281 0.6985 0.0079, 0.8465 0.7428 0.0079, 0.8383 0.7365 0.0079, 0.856 0.8281 0.0079, 0.856 0.9856 0.0079, 0.8465 0.9002 0.0079, 0.8383 0.894 0.0079, 0.3835 1.2218 0.0079, 0.3937 1.2205 0.0079, -0.8661 0.9843 0.0079, -0.856 0.9856 0.0079, 0.4278 -1.2402 0.0079, 0.4215 -1.232 0.0079, 0.2742 -1.2497 0.0079, 0.2703 -1.2402 0.0079, 0.3596 -1.2402 0.0079, 0.2165 -1.2257 0.0079, 0.226 -1.2218 0.0079, -0.0591 -1.2257 0.0079, 0.0591 -1.2257 0.0079, 0.0686 -1.2218 0.0079, -0.226 -1.2218 0.0079, -0.2362 -1.2205 0.0079, -0.2464 -1.2218 0.0079, -0.2559 -1.2257 0.0079, -0.5315 -1.2257 0.0079, -0.541 -1.2218 0.0079, -0.5512 -1.2205 0.0079, 0.8383 -0.0509 0.0079, 0.832 0.2165 0.0079, 0.832 -0.0591 0.0079, 0.8281 -1.0134 0.0079, 0.832 -1.0433 0.0079, 0.8383 -1.0515 0.0079, 0.8465 -1.0577 0.0079, -0.832 0.5709 0.0079, -0.8383 0.579 0.0079, -0.8281 0.6985 0.0079, -0.7189 1.2218 0.0079, -0.7087 1.2205 0.0079, -0.6102 0.9646 0.0079, -0.6985 1.2218 0.0079, -0.8465 0.9895 0.0079, -0.8383 0.9958 0.0079, -0.832 1.0039 0.0079, -0.8281 1.0134 0.0079, -0.7283 1.2257 0.0079, -0.8383 1.0515 0.0079, 0.5118 -1.2598 0.0079, 0.5118 -1.378 0.0079, 0.4331 -1.378 0.0079, 0.3659 -1.232 0.0079, 0.2641 -1.232 0.0079, 0.2084 -1.232 0.0079, 0.1128 -1.2402 0.0079, 0.1066 -1.232 0.0079, -0.0446 -1.2402 0.0079, 0.0446 -1.2402 0.0079, 0.0407 -1.2497 0.0079, 0.0509 -1.232 0.0079, -0.0509 -1.232 0.0079, 0.832 -0.0984 0.0079, 0.8383 -0.1066 0.0079, 0.8465 -0.1128 0.0079, 0.856 -0.1168 0.0079, 0.8661 -0.1181 0.0079, 0.9843 -0.1181 0.0079, 0.9843 -0.1969 0.0079, 0.8281 -0.5614 0.0079, 0.8268 -0.5512 0.0079, 0.8281 -0.541 0.0079, -0.8268 0.2362 0.0079, -0.8281 0.2464 0.0079, -0.832 0.2559 0.0079, -0.579 1.232 0.0079, -0.5709 1.2257 0.0079, -0.5614 1.2218 0.0079, -0.5512 1.2205 0.0079, -0.9843 -0.8268 0.0079, -0.9843 -0.748 0.0079, -0.8661 -0.8268 0.0079, -0.8661 -0.748 0.0079, -0.856 -0.7467 0.0079, -0.8383 -0.2641 0.0079, -0.832 -0.2559 0.0079, -0.8281 -0.2464 0.0079, -0.8465 -0.1128 0.0079, -0.8383 -0.1066 0.0079, -0.8465 -0.2021 0.0079, -0.8281 -0.0889 0.0079, -0.8268 -0.0787 0.0079, 0.5132 -1.2497 0.0079, 0.4331 -1.2598 0.0079, -0.0889 -1.2218 0.0079, -0.0984 -1.2257 0.0079, -0.2165 -1.2257 0.0079, -0.2703 -1.2402 0.0079, -0.374 -1.2257 0.0079, -0.2641 -1.232 0.0079, -0.3835 -1.2218 0.0079, -0.4278 -1.2402 0.0079, -0.4215 -1.232 0.0079, -0.4134 -1.2257 0.0079, -0.5906 -1.2598 0.0079, -0.5906 -1.378 0.0079, -0.6693 -1.378 0.0079, 0.8383 0.2084 0.0079, 0.8465 0.2021 0.0079, 0.856 0.1982 0.0079, 0.8661 -0.1969 0.0079, 0.856 -0.1982 0.0079, 0.8465 -0.2021 0.0079, 0.8281 -0.2464 0.0079, 0.832 -0.2559 0.0079, 0.8383 -0.2641 0.0079, 0.832 -0.5315 0.0079, 0.8281 -0.4039 0.0079, 0.8383 -0.5233 0.0079, 0.832 -0.4134 0.0079, 0.8281 -0.3835 0.0079, 0.8268 -0.3937 0.0079, 0.8268 -0.7087 0.0079, 0.8281 -0.7189 0.0079, 0.832 -1.0039 0.0079, 0.8465 -0.9002 0.0079, 0.8383 -0.894 0.0079, -0.8281 0.3835 0.0079, -0.8268 0.3937 0.0079, -0.8281 0.4039 0.0079, -0.8281 0.5614 0.0079, -0.8268 0.7087 0.0079, -0.8268 0.5512 0.0079, -0.8281 0.7189 0.0079, -0.832 0.7283 0.0079, -0.856 0.8281 0.0079, -0.8383 0.7365 0.0079, -0.8465 0.7428 0.0079, 0.9843 0.9843 0.0079, 0.9843 0.9055 0.0079, 0.8661 0.9843 0.0079, 0.8661 0.9055 0.0079, 0.856 0.9042 0.0079, 0.5614 1.2218 0.0079, 0.5709 1.2257 0.0079, -0.8268 1.0236 0.0079, -0.8281 1.0338 0.0079, -0.832 1.0433 0.0079, -0.7428 1.2402 0.0079, -0.7365 1.232 0.0079, -0.856 1.0617 0.0079, -0.856 -0.1168 0.0079, -0.832 -0.2165 0.0079, -0.8383 -0.2084 0.0079, -0.832 -0.0984 0.0079, -0.2021 -1.2402 0.0079, -0.1128 -1.2402 0.0079, -0.1168 -1.2497 0.0079, -0.1066 -1.232 0.0079, -0.2084 -1.232 0.0079, -0.6693 -1.2598 0.0079, -0.6706 -1.2497 0.0079, -0.5892 -1.2497 0.0079, -0.6746 -1.2402 0.0079, -0.6808 -1.232 0.0079, 0.8661 0.1969 0.0079, 0.9843 0.1969 0.0079, 0.9843 -0.0394 0.0079, 0.8661 -0.2756 0.0079, 0.9843 -0.2756 0.0079, 0.9843 -0.3543 0.0079, -0.8465 0.832 0.0079, -0.8281 0.541 0.0079, -0.832 0.4134 0.0079, -0.8383 0.4215 0.0079, -0.856 0.4317 0.0079, -0.8465 0.5171 0.0079, -0.8465 0.4278 0.0079, -0.8383 0.5233 0.0079, -0.832 0.5315 0.0079, 0.8268 1.0236 0.0079, 0.8281 1.0134 0.0079, 0.832 1.0039 0.0079, 0.8281 0.7189 0.0079, 0.8268 0.3937 0.0079, 0.8281 0.3835 0.0079, -0.4215 1.232 0.0079, -0.4134 1.2257 0.0079, -0.4039 1.2218 0.0079, -0.2559 1.2257 0.0079, -0.2464 1.2218 0.0079, -0.7467 1.2497 0.0079, -0.8661 -0.6693 0.0079, -0.9843 -0.6693 0.0079, -0.9843 -0.5906 0.0079, -0.8281 0.0889 0.0079, -0.8268 0.0787 0.0079, -0.8281 0.0686 0.0079, 0.3543 -1.2598 0.0079, 0.3543 -1.378 0.0079, 0.2756 -1.378 0.0079, 0.1969 -1.2598 0.0079, 0.1969 -1.378 0.0079, 0.1181 -1.378 0.0079, 0.8661 -0.0394 0.0079, 0.856 -0.0407 0.0079, 0.8465 -0.0446 0.0079, 0.8661 -0.3543 0.0079, 0.856 -0.3557 0.0079, 0.8465 -0.3596 0.0079, 0.8383 -0.4215 0.0079, 0.8465 -0.4278 0.0079, 0.856 -0.4317 0.0079, 0.832 -0.5709 0.0079, 0.8383 -0.6808 0.0079, 0.832 -0.689 0.0079, 0.8281 -0.6985 0.0079, -0.9843 0.2756 0.0079, -0.9843 0.3543 0.0079, -0.8661 0.2756 0.0079, -0.8661 0.3543 0.0079, -0.856 0.2742 0.0079, -0.856 0.3557 0.0079, -0.8465 0.3596 0.0079, 0.8281 0.8763 0.0079, 0.8268 0.8661 0.0079, 0.8281 0.856 0.0079, 0.832 0.8465 0.0079, 0.832 0.5709 0.0079, 0.8383 0.579 0.0079, 0.832 0.689 0.0079, 0.8383 0.6808 0.0079, 0.8281 0.4039 0.0079, 0.9843 0.8268 0.0079, 0.9843 0.748 0.0079, 0.8661 0.8268 0.0079, 0.8661 0.748 0.0079, 0.856 0.7467 0.0079, 0.5171 1.2402 0.0079, 0.5233 1.232 0.0079, 0.4317 1.2497 0.0079, 0.5315 1.2257 0.0079, 0.4278 1.2402 0.0079, 0.541 1.2218 0.0079, 0.5512 1.2205 0.0079, 0.6985 1.2218 0.0079, 0.7087 1.2205 0.0079, 0.7189 1.2218 0.0079, 0.7283 1.2257 0.0079, 0.8465 1.0577 0.0079, -0.8465 1.0577 0.0079, -0.8661 -0.5906 0.0079, -0.856 -0.5892 0.0079, -0.856 -0.6706 0.0079, -0.8465 -0.5853 0.0079, -0.8465 -0.6746 0.0079, -0.8383 -0.579 0.0079, -0.832 -0.5709 0.0079, -0.8383 -0.0509 0.0079, -0.832 -0.0591 0.0079, -0.8281 -0.0686 0.0079, 0.3557 -1.2497 0.0079, 0.2756 -1.2598 0.0079, 0.2021 -1.2402 0.0079, 0.1982 -1.2497 0.0079, 0.1168 -1.2497 0.0079, 0.1181 -1.2598 0.0079, 0.0394 -1.378 0.0079, -0.0394 -1.378 0.0079, 0.0394 -1.2598 0.0079, -0.0394 -1.2598 0.0079, -0.0407 -1.2497 0.0079, -0.4331 -1.2598 0.0079, -0.4331 -1.378 0.0079, -0.5118 -1.378 0.0079, 0.8661 -0.4331 0.0079, 0.9843 -0.4331 0.0079, 0.9843 -0.5118 0.0079, -0.8661 0.748 0.0079, -0.9843 0.748 0.0079, -0.9843 0.8268 0.0079, 0.8465 0.6746 0.0079, 0.856 0.6706 0.0079, 0.8465 0.5853 0.0079, 0.832 0.4134 0.0079, 0.8281 0.541 0.0079, 0.8383 0.4215 0.0079, 0.832 0.5315 0.0079, 0.8268 0.5512 0.0079, 0.8281 0.5614 0.0079, -0.541 1.2218 0.0079, -0.5315 1.2257 0.0079, -0.374 1.2257 0.0079, -0.3835 1.2218 0.0079, -0.3937 1.2205 0.0079, 0.0509 1.232 0.0079, 0.0591 1.2257 0.0079, -0.0446 1.2402 0.0079, 0.4039 1.2218 0.0079, 0.4134 1.2257 0.0079, 0.4215 1.232 0.0079, 0.6808 1.232 0.0079, 0.689 1.2257 0.0079, -0.9843 1.063 0.0079, -0.9843 1.378 0.0079, -0.8661 1.063 0.0079, -0.748 1.378 0.0079, -0.748 1.2598 0.0079, -0.8661 -0.5118 0.0079, -0.9843 -0.5118 0.0079, -0.9843 -0.2756 0.0079, -0.832 0.0984 0.0079, -0.8465 0.2021 0.0079, -0.8383 0.1066 0.0079, -0.8465 0.1128 0.0079, -0.856 0.1168 0.0079, -0.2756 -1.2598 0.0079, -0.2756 -1.378 0.0079, -0.3543 -1.378 0.0079, -0.5118 -1.2598 0.0079, -0.5132 -1.2497 0.0079, -0.4317 -1.2497 0.0079, -0.5171 -1.2402 0.0079, -0.5233 -1.232 0.0079, 0.8661 -0.5118 0.0079, 0.856 -0.5132 0.0079, 0.8465 -0.5171 0.0079, 0.8383 -0.579 0.0079, 0.8465 -0.5853 0.0079, 0.856 -0.5892 0.0079, 0.832 -0.7283 0.0079, 0.8465 -0.832 0.0079, 0.8383 -0.8383 0.0079, 0.832 -0.8465 0.0079, -0.856 0.7467 0.0079, -0.8661 0.8268 0.0079, 0.832 0.8858 0.0079, 0.8465 0.9895 0.0079, 0.8383 0.9958 0.0079, 0.832 0.7283 0.0079, 0.8465 0.832 0.0079, 0.8383 0.8383 0.0079, -0.3659 1.232 0.0079, -0.2703 1.2402 0.0079, -0.2641 1.232 0.0079, -0.2362 1.2205 0.0079, -0.226 1.2218 0.0079, -0.0984 1.2257 0.0079, -0.2165 1.2257 0.0079, -0.1066 1.232 0.0079, -0.1128 1.2402 0.0079, -0.0889 1.2218 0.0079, -0.0787 1.2205 0.0079, -0.0686 1.2218 0.0079, -0.0591 1.2257 0.0079, 0.7365 1.232 0.0079, 0.7428 1.2402 0.0079, 0.856 1.0617 0.0079, 0.7467 1.2497 0.0079, 0.8661 1.063 0.0079, 0.9843 1.063 0.0079, 0.9843 1.378 0.0079, 0.748 1.2598 0.0079, 0.748 1.378 0.0079, -0.832 -0.5315 0.0079, -0.8383 -0.5233 0.0079, -0.8465 -0.5171 0.0079, -0.8465 -0.2703 0.0079, -0.856 -0.5132 0.0079, -0.856 -0.2742 0.0079, -0.8661 -0.2756 0.0079, -0.8661 -0.1969 0.0079, -0.9843 -0.1969 0.0079, -0.9843 -0.1181 0.0079, -0.856 -0.0407 0.0079, -0.8465 0.0446 0.0079, -0.8465 -0.0446 0.0079, -0.8383 0.0509 0.0079, -0.832 0.0591 0.0079, -0.1181 -1.378 0.0079, -0.1969 -1.378 0.0079, -0.1181 -1.2598 0.0079, -0.1969 -1.2598 0.0079, -0.1982 -1.2497 0.0079, -0.3543 -1.2598 0.0079, -0.3557 -1.2497 0.0079, -0.2742 -1.2497 0.0079, -0.3596 -1.2402 0.0079, -0.3659 -1.232 0.0079, 0.8661 -0.5906 0.0079, 0.9843 -0.5906 0.0079, 0.9843 -0.6693 0.0079, 0.8383 -0.7365 0.0079, 0.8465 -0.7428 0.0079, 0.856 -0.7467 0.0079, -0.8661 0.5906 0.0079, -0.9843 0.5906 0.0079, -0.9843 0.6693 0.0079, -0.9843 0.4331 0.0079, -0.9843 0.5118 0.0079, -0.8661 0.4331 0.0079, -0.8661 0.5118 0.0079, -0.856 0.5132 0.0079, 0.9843 0.6693 0.0079, 0.9843 0.5906 0.0079, 0.8661 0.6693 0.0079, 0.8661 0.5906 0.0079, 0.856 0.5892 0.0079, 0.8383 0.5233 0.0079, 0.8465 0.5171 0.0079, 0.856 0.5132 0.0079, 0.832 0.374 0.0079, 0.8383 0.3659 0.0079, 0.8465 0.3596 0.0079, -0.6693 1.2598 0.0079, -0.6693 1.378 0.0079, -0.5906 1.378 0.0079, -0.2084 1.232 0.0079, -0.2021 1.2402 0.0079, -0.1982 1.2497 0.0079, 0.0787 1.2205 0.0079, 0.0686 1.2218 0.0079, -0.0509 1.232 0.0079, 0.374 1.2257 0.0079, 0.2362 1.2205 0.0079, 0.226 1.2218 0.0079, 0.2165 1.2257 0.0079, 0.0889 1.2218 0.0079, 0.0984 1.2257 0.0079, -0.856 -0.1982 0.0079, -0.8661 -0.1181 0.0079, 0.8661 -0.6693 0.0079, 0.856 -0.6706 0.0079, 0.8465 -0.6746 0.0079, 0.9843 -0.748 0.0079, 0.9843 -0.8268 0.0079, 0.8661 -0.748 0.0079, 0.8661 -0.8268 0.0079, 0.856 -0.8281 0.0079, -0.8661 0.6693 0.0079, -0.856 0.6706 0.0079, -0.856 0.5892 0.0079, -0.8465 0.6746 0.0079, -0.8465 0.5853 0.0079, -0.8383 0.6808 0.0079, -0.832 0.689 0.0079, 0.8661 0.5118 0.0079, 0.9843 0.5118 0.0079, 0.9843 0.4331 0.0079, 0.832 0.2559 0.0079, 0.8383 0.2641 0.0079, 0.856 0.3557 0.0079, 0.8661 0.3543 0.0079, 0.9843 0.3543 0.0079, 0.9843 0.2756 0.0079, -0.689 1.2257 0.0079, -0.6808 1.232 0.0079, -0.6746 1.2402 0.0079, -0.5853 1.2402 0.0079, -0.6706 1.2497 0.0079, -0.5892 1.2497 0.0079, -0.5906 1.2598 0.0079, 0.2464 1.2218 0.0079, 0.2559 1.2257 0.0079, 0.3659 1.232 0.0079, 0.3596 1.2402 0.0079, 0.8661 0.4331 0.0079, 0.856 0.4317 0.0079, 0.8465 0.4278 0.0079, 0.8661 0.2756 0.0079, 0.856 0.2742 0.0079, 0.8465 0.2703 0.0079, -0.5118 1.2598 0.0079, -0.5118 1.378 0.0079, -0.4331 1.378 0.0079, -0.3543 1.2598 0.0079, -0.3543 1.378 0.0079, -0.2756 1.378 0.0079, 0.1066 1.232 0.0079, 0.2021 1.2402 0.0079, 0.2084 1.232 0.0079, 0.2641 1.232 0.0079, 0.2703 1.2402 0.0079, 0.2742 1.2497 0.0079, 0.4331 1.378 0.0079, 0.5118 1.378 0.0079, 0.4331 1.2598 0.0079, 0.5118 1.2598 0.0079, 0.5132 1.2497 0.0079, -0.9843 0.1181 0.0079, -0.9843 0.1969 0.0079, -0.8661 0.1181 0.0079, -0.8661 0.1969 0.0079, -0.856 0.1982 0.0079, -0.5233 1.232 0.0079, -0.5171 1.2402 0.0079, -0.4278 1.2402 0.0079, -0.5132 1.2497 0.0079, -0.4317 1.2497 0.0079, -0.4331 1.2598 0.0079, -0.3596 1.2402 0.0079, -0.3557 1.2497 0.0079, -0.2742 1.2497 0.0079, -0.2756 1.2598 0.0079, 0.5906 1.2598 0.0079, 0.5906 1.378 0.0079, 0.6693 1.378 0.0079, -0.9843 -0.0394 0.0079, -0.9843 0.0394 0.0079, -0.8661 -0.0394 0.0079, -0.8661 0.0394 0.0079, -0.856 0.0407 0.0079, -0.1969 1.378 0.0079, -0.1181 1.378 0.0079, -0.1969 1.2598 0.0079, -0.1181 1.2598 0.0079, -0.1168 1.2497 0.0079, 0.579 1.232 0.0079, 0.5853 1.2402 0.0079, 0.6746 1.2402 0.0079, 0.5892 1.2497 0.0079, 0.6706 1.2497 0.0079, 0.6693 1.2598 0.0079, -0.0394 1.378 0.0079, 0.0394 1.378 0.0079, -0.0394 1.2598 0.0079, 0.0394 1.2598 0.0079, -0.0407 1.2497 0.0079, 0.0407 1.2497 0.0079, 0.0446 1.2402 0.0079, 0.1181 1.2598 0.0079, 0.1181 1.378 0.0079, 0.1969 1.378 0.0079, 0.1128 1.2402 0.0079, 0.1168 1.2497 0.0079, 0.1982 1.2497 0.0079, 0.1969 1.2598 0.0079, 0.2756 1.378 0.0079, 0.3543 1.378 0.0079, 0.2756 1.2598 0.0079, 0.3543 1.2598 0.0079, 0.3557 1.2497 0.0079, -0.9843 -1.063 0.0787, -0.9843 0.9843 0.0787, -0.9843 0.9055 0.0787, -0.9843 1.063 0.0787, -0.9843 -0.037 0.2953, -0.9843 0.8268 0.0787, -0.9843 0.4331 0.0787, -0.9843 0.3543 0.0787, -0.9843 0.5118 0.0787, -0.9843 0.748 0.0787, -0.9843 0.6693 0.0787, -0.9843 0.5906 0.0787, -0.9843 0.1969 0.0787, -0.9843 -0.9055 0.0787, -0.9843 -0.9843 0.0787, -0.9843 0.1181 0.0787, -0.9843 0.0394 0.0787, -0.9843 -1.3398 0.2953, -0.9843 0.2756 0.0787, -0.9843 -0.0394 0.0787, -0.9843 -0.8268 0.0787, -0.9843 -1.2074 0.2953, -0.9843 -1.2523 0.2953, -0.9843 -1.2652 0.2953, -0.9843 -1.3223 0.2953, -0.9843 -0.5906 0.0787, -0.9843 -0.1181 0.0787, -0.9843 -0.6693 0.0787, -0.9843 -0.748 0.0787, -0.9843 -0.1969 0.0787, -0.9843 -0.2756 0.0787, -0.9843 -0.5118 0.0787, 0.9843 0.4331 0.0787, 0.9843 -0.037 0.2953, 0.9843 0.5906 0.0787, 0.9843 0.5118 0.0787, 0.9843 -1.063 0.0787, 0.9843 -1.2523 0.2953, 0.9843 -1.2074 0.2953, 0.9843 -0.9843 0.0787, 0.9843 -0.8268 0.0787, 0.9843 -1.2652 0.2953, 0.9843 -1.3223 0.2953, 0.9843 -1.3398 0.2953, 0.9843 -0.748 0.0787, 0.9843 -0.6693 0.0787, 0.9843 1.063 0.0787, 0.9843 0.9843 0.0787, 0.9843 -0.9055 0.0787, 0.9843 -0.5118 0.0787, 0.9843 -0.4331 0.0787, 0.9843 -0.3543 0.0787, 0.9843 0.9055 0.0787, 0.9843 0.6693 0.0787, 0.9843 0.748 0.0787, 0.9843 0.8268 0.0787, 0.9843 -0.1969 0.0787, 0.9843 -0.5906 0.0787, 0.9843 -0.1181 0.0787, 0.9843 -0.0394 0.0787, 0.9843 -0.2756 0.0787, 0.9843 0.1969 0.0787, 0.9843 0.2756 0.0787, 0.9843 0.3543 0.0787, 0.6693 1.378 0.0787, 0.5906 1.378 0.0787, 0.5118 1.378 0.0787, -0.1797 1.378 0.2953, 0.5871 1.378 0.2953, 0.6296 1.378 0.2953, 0.6614 1.378 0.2953, 0.748 1.378 0.0787, 0.6652 1.378 0.2953, 0.6287 1.378 0.2953, 0.3543 1.378 0.0787, 0.2756 1.378 0.0787, 0.1969 1.378 0.0787, 0.6696 1.378 0.2953, 0.6898 1.378 0.2953, 0.7245 1.378 0.2953, 0.4331 1.378 0.0787, 0.0394 1.378 0.0787, 0.7414 1.378 0.2953, 0.7553 1.378 0.2953, 0.7967 1.378 0.2953, -0.0394 1.378 0.0787, -0.1181 1.378 0.0787, 0.9109 1.378 0.2953, 0.1181 1.378 0.0787, -0.1969 1.378 0.0787, -0.2756 1.378 0.0787, -0.4331 1.378 0.0787, -0.5118 1.378 0.0787, -0.5906 1.378 0.0787, -0.3543 1.378 0.0787, -0.748 1.378 0.0787, -0.6693 1.378 0.0787, -0.6693 -1.378 0.0787, -0.5906 -1.378 0.0787, -0.748 -1.378 0.0787, -0.5118 -1.378 0.0787, -0.3543 -1.378 0.0787, -0.2756 -1.378 0.0787, -0.1969 -1.378 0.0787, -0.4331 -1.378 0.0787, -0.0394 -1.378 0.0787, 0.0394 -1.378 0.0787, 0.1181 -1.378 0.0787, -0.1181 -1.378 0.0787, 0.2756 -1.378 0.0787, 0.3543 -1.378 0.0787, 0.4331 -1.378 0.0787, 0.1969 -1.378 0.0787, 0.5906 -1.378 0.0787, 0.5118 -1.378 0.0787
            ]
        }
        coordIndex [
            0,1,2,-1,3,0,4,-1,5,3,6,-1,7,8,9,-1,10,11,12,-1,13,14,15,-1,15,14,16,-1,17,18,15,-1,15,18,19,-1,15,19,20,-1,20,21,15,-1,15,21,22,-1,15,22,13,-1,23,24,25,-1,25,24,26,-1,26,24,27,-1,26,27,28,-1,23,25,29,-1,29,25,30,-1,29,30,31,-1,32,33,30,-1,30,33,34,-1,30,34,35,-1,30,36,31,-1,31,36,37,-1,31,37,38,-1,38,37,39,-1,38,39,40,-1,35,41,30,-1,30,41,42,-1,30,42,36,-1,43,44,45,-1,43,45,46,-1,44,47,45,-1,45,47,48,-1,45,48,49,-1,49,48,50,-1,50,51,49,-1,49,51,52,-1,49,52,32,-1,32,52,53,-1,32,53,33,-1,54,46,55,-1,55,46,45,-1,55,45,56,-1,56,45,57,-1,58,59,60,-1,60,59,61,-1,60,61,8,-1,61,62,8,-1,8,62,63,-1,8,63,9,-1,9,63,64,-1,9,64,45,-1,45,64,65,-1,45,65,57,-1,66,67,68,-1,67,69,68,-1,68,69,70,-1,68,70,71,-1,72,73,74,-1,75,76,77,-1,78,79,80,-1,80,79,81,-1,75,77,82,-1,83,84,79,-1,79,84,85,-1,79,85,86,-1,73,87,88,-1,88,87,89,-1,88,89,90,-1,76,91,77,-1,77,91,92,-1,77,92,93,-1,94,95,96,-1,96,95,97,-1,96,97,98,-1,99,86,100,-1,100,86,101,-1,100,101,96,-1,96,101,102,-1,96,102,94,-1,99,103,86,-1,86,103,104,-1,86,104,79,-1,79,104,105,-1,79,105,81,-1,90,106,88,-1,88,106,107,-1,88,107,108,-1,109,110,111,-1,111,110,112,-1,111,112,77,-1,77,112,113,-1,77,113,82,-1,114,115,77,-1,77,115,116,-1,77,116,79,-1,79,116,117,-1,79,117,83,-1,118,119,66,-1,119,120,66,-1,66,120,121,-1,66,121,122,-1,122,123,66,-1,66,123,124,-1,66,124,125,-1,125,124,109,-1,125,109,126,-1,126,109,111,-1,93,127,77,-1,77,127,128,-1,77,128,129,-1,129,130,77,-1,77,130,131,-1,77,131,114,-1,132,133,134,-1,134,86,132,-1,132,86,85,-1,132,85,135,-1,135,85,136,-1,136,137,135,-1,135,137,138,-1,135,138,139,-1,140,141,142,-1,141,143,142,-1,142,143,144,-1,142,144,145,-1,146,142,147,-1,133,132,146,-1,146,132,148,-1,146,148,142,-1,142,148,149,-1,142,149,140,-1,147,150,146,-1,146,150,151,-1,146,151,152,-1,145,144,153,-1,153,144,154,-1,153,154,155,-1,155,154,156,-1,155,156,157,-1,158,159,152,-1,152,159,160,-1,152,160,146,-1,14,161,16,-1,16,161,162,-1,16,162,74,-1,74,162,163,-1,74,163,72,-1,164,165,166,-1,166,165,167,-1,168,169,170,-1,170,169,171,-1,170,171,172,-1,172,171,164,-1,172,164,173,-1,174,175,176,-1,176,175,177,-1,176,177,178,-1,165,179,167,-1,167,179,180,-1,167,180,181,-1,181,180,182,-1,183,184,185,-1,186,187,188,-1,187,189,188,-1,188,189,190,-1,188,190,191,-1,191,190,192,-1,183,185,188,-1,188,185,193,-1,188,193,186,-1,194,195,196,-1,196,195,197,-1,196,197,198,-1,198,197,199,-1,200,201,11,-1,11,201,202,-1,11,202,12,-1,203,204,12,-1,205,206,207,-1,192,208,191,-1,191,208,209,-1,191,209,207,-1,207,209,210,-1,207,210,205,-1,211,212,12,-1,12,212,213,-1,206,214,207,-1,207,214,215,-1,207,215,216,-1,216,215,217,-1,216,217,203,-1,218,219,204,-1,204,219,220,-1,204,220,12,-1,12,220,221,-1,12,221,211,-1,213,222,12,-1,12,222,223,-1,12,223,10,-1,224,225,226,-1,226,225,227,-1,226,227,228,-1,226,229,224,-1,224,229,230,-1,224,230,231,-1,231,232,224,-1,224,232,233,-1,224,233,234,-1,234,233,235,-1,234,235,236,-1,236,235,237,-1,236,237,204,-1,204,237,238,-1,204,238,218,-1,239,240,228,-1,228,240,241,-1,228,241,226,-1,242,243,184,-1,184,243,244,-1,184,244,185,-1,242,245,243,-1,243,245,246,-1,243,246,247,-1,247,246,248,-1,247,249,250,-1,248,251,247,-1,247,251,252,-1,247,252,253,-1,253,254,247,-1,247,254,255,-1,247,255,249,-1,250,256,247,-1,247,256,257,-1,247,257,258,-1,259,260,261,-1,262,263,261,-1,261,263,264,-1,261,264,259,-1,260,259,265,-1,265,259,266,-1,265,266,267,-1,263,268,264,-1,264,268,269,-1,264,269,270,-1,270,269,271,-1,270,271,272,-1,272,271,273,-1,272,273,267,-1,267,273,274,-1,267,274,265,-1,275,276,277,-1,277,276,278,-1,279,280,276,-1,276,280,281,-1,276,281,278,-1,278,281,282,-1,283,284,275,-1,285,286,287,-1,287,286,275,-1,287,275,288,-1,288,275,284,-1,289,290,270,-1,291,292,272,-1,290,293,270,-1,270,293,294,-1,270,294,287,-1,287,294,295,-1,287,295,285,-1,291,272,296,-1,279,297,280,-1,280,297,298,-1,280,298,272,-1,272,298,299,-1,272,299,296,-1,292,300,272,-1,272,300,301,-1,272,301,270,-1,270,301,302,-1,270,302,289,-1,303,304,305,-1,305,304,306,-1,305,306,307,-1,306,283,307,-1,307,283,275,-1,307,275,308,-1,308,275,277,-1,308,277,309,-1,309,277,310,-1,309,310,311,-1,311,310,312,-1,282,281,313,-1,313,281,314,-1,313,314,315,-1,316,317,318,-1,316,318,319,-1,320,321,322,-1,322,321,323,-1,322,323,318,-1,318,323,324,-1,318,324,319,-1,317,325,318,-1,318,325,326,-1,318,326,327,-1,327,328,318,-1,318,328,329,-1,318,329,330,-1,330,331,318,-1,318,331,332,-1,318,332,333,-1,333,332,334,-1,334,332,335,-1,335,332,336,-1,335,336,337,-1,337,338,335,-1,335,338,339,-1,335,339,340,-1,340,339,341,-1,342,343,344,-1,344,343,345,-1,344,345,346,-1,346,345,347,-1,348,349,350,-1,350,349,351,-1,350,351,352,-1,352,353,350,-1,350,353,354,-1,350,354,355,-1,356,357,358,-1,357,359,358,-1,358,359,360,-1,358,360,361,-1,361,362,358,-1,358,362,363,-1,358,363,364,-1,365,366,367,-1,367,366,368,-1,367,368,369,-1,322,370,320,-1,320,370,371,-1,320,371,372,-1,372,371,373,-1,372,373,374,-1,375,376,377,-1,378,88,379,-1,377,376,379,-1,379,376,380,-1,379,380,378,-1,73,88,74,-1,74,88,378,-1,74,378,381,-1,382,383,384,-1,384,383,385,-1,384,385,366,-1,386,387,388,-1,388,387,385,-1,388,385,389,-1,389,385,383,-1,389,383,390,-1,390,383,391,-1,377,392,393,-1,385,375,366,-1,366,375,377,-1,366,377,394,-1,394,377,395,-1,396,397,398,-1,398,397,399,-1,393,400,377,-1,377,400,401,-1,377,401,402,-1,403,404,368,-1,399,405,406,-1,403,368,407,-1,402,408,377,-1,377,408,409,-1,377,409,410,-1,406,411,399,-1,399,411,412,-1,399,412,413,-1,410,414,377,-1,377,414,415,-1,377,415,395,-1,395,415,416,-1,395,416,417,-1,417,418,395,-1,395,418,419,-1,395,419,420,-1,420,419,421,-1,422,423,421,-1,421,423,424,-1,421,424,420,-1,394,425,366,-1,366,425,426,-1,366,426,368,-1,368,426,427,-1,368,427,407,-1,404,428,368,-1,368,428,429,-1,368,429,430,-1,431,432,421,-1,421,432,433,-1,421,433,434,-1,434,435,421,-1,421,435,436,-1,421,436,422,-1,437,438,439,-1,439,438,440,-1,441,442,443,-1,442,181,443,-1,443,181,182,-1,443,182,444,-1,444,182,445,-1,444,445,446,-1,446,445,447,-1,446,447,178,-1,448,449,12,-1,12,449,450,-1,203,12,216,-1,216,12,450,-1,216,450,443,-1,443,450,451,-1,443,451,441,-1,441,451,452,-1,441,452,453,-1,454,455,452,-1,452,455,456,-1,452,456,453,-1,457,458,202,-1,202,458,459,-1,202,459,460,-1,461,462,12,-1,12,462,463,-1,12,463,448,-1,460,464,202,-1,202,464,465,-1,202,465,12,-1,12,465,466,-1,12,466,467,-1,468,469,457,-1,457,469,470,-1,457,470,471,-1,471,472,457,-1,457,472,473,-1,457,473,458,-1,467,474,12,-1,12,474,475,-1,12,475,461,-1,5,476,477,-1,477,476,478,-1,477,478,479,-1,479,478,457,-1,479,457,480,-1,480,457,202,-1,480,202,481,-1,481,202,201,-1,481,201,482,-1,482,201,483,-1,482,483,484,-1,484,483,440,-1,484,440,485,-1,485,440,438,-1,485,438,486,-1,486,438,487,-1,486,487,60,-1,60,487,68,-1,60,68,58,-1,58,68,71,-1,437,392,438,-1,438,392,377,-1,438,377,487,-1,487,377,379,-1,487,379,68,-1,68,379,88,-1,68,88,66,-1,66,88,108,-1,66,108,118,-1,200,199,201,-1,201,199,197,-1,201,197,483,-1,483,197,195,-1,483,195,440,-1,440,195,398,-1,440,398,439,-1,439,398,399,-1,439,399,488,-1,488,399,413,-1,476,166,478,-1,478,166,167,-1,478,167,457,-1,457,167,181,-1,457,181,468,-1,468,181,442,-1,3,4,6,-1,6,4,489,-1,6,489,490,-1,194,188,195,-1,195,188,191,-1,195,191,398,-1,398,191,368,-1,398,368,396,-1,396,368,430,-1,177,173,178,-1,178,173,164,-1,178,164,446,-1,446,164,166,-1,446,166,491,-1,492,493,490,-1,490,493,494,-1,495,496,497,-1,497,496,498,-1,497,498,490,-1,490,498,499,-1,490,499,492,-1,494,500,490,-1,490,500,501,-1,490,501,502,-1,5,6,476,-1,476,6,490,-1,476,490,166,-1,166,490,502,-1,166,502,491,-1,491,503,446,-1,446,503,504,-1,446,504,497,-1,497,504,505,-1,497,505,506,-1,506,507,497,-1,497,507,508,-1,497,508,495,-1,509,510,490,-1,511,512,513,-1,490,510,497,-1,497,510,514,-1,497,514,515,-1,365,348,366,-1,366,348,350,-1,366,350,384,-1,384,350,516,-1,497,259,446,-1,446,259,264,-1,446,264,444,-1,444,264,270,-1,444,270,443,-1,443,270,287,-1,443,287,216,-1,216,287,288,-1,216,288,207,-1,207,288,517,-1,207,517,191,-1,191,517,320,-1,191,320,368,-1,368,320,372,-1,368,372,369,-1,369,372,374,-1,518,519,516,-1,516,519,520,-1,521,522,523,-1,523,522,15,-1,523,15,520,-1,520,15,16,-1,520,16,516,-1,516,16,74,-1,516,74,384,-1,384,74,381,-1,384,381,382,-1,355,356,350,-1,350,356,358,-1,350,358,516,-1,516,358,522,-1,516,522,518,-1,518,522,521,-1,518,521,524,-1,284,525,288,-1,288,525,315,-1,288,315,517,-1,517,315,314,-1,517,314,320,-1,320,314,343,-1,320,343,321,-1,321,343,342,-1,513,509,511,-1,511,509,490,-1,511,490,526,-1,526,490,489,-1,526,489,515,-1,515,489,527,-1,515,527,497,-1,497,527,528,-1,497,528,259,-1,259,528,529,-1,259,529,266,-1,0,2,4,-1,4,2,530,-1,4,530,489,-1,489,530,531,-1,489,531,527,-1,527,531,532,-1,527,532,528,-1,528,532,533,-1,528,533,529,-1,364,534,358,-1,358,534,535,-1,358,535,522,-1,522,535,536,-1,522,536,15,-1,15,536,26,-1,15,26,17,-1,17,26,28,-1,533,537,529,-1,529,537,538,-1,529,538,266,-1,266,538,539,-1,266,539,267,-1,267,539,540,-1,267,540,272,-1,272,540,541,-1,272,541,280,-1,280,541,542,-1,280,542,281,-1,281,542,543,-1,281,543,314,-1,314,543,544,-1,314,544,343,-1,343,544,545,-1,343,545,345,-1,345,545,546,-1,345,546,347,-1,347,546,535,-1,347,535,547,-1,547,535,534,-1,548,549,25,-1,7,9,550,-1,550,9,45,-1,550,45,551,-1,551,45,49,-1,551,49,552,-1,552,49,32,-1,552,32,553,-1,553,32,30,-1,553,30,554,-1,554,30,25,-1,554,25,555,-1,555,25,549,-1,555,549,556,-1,557,558,25,-1,25,558,559,-1,25,559,548,-1,556,560,555,-1,555,560,561,-1,555,561,562,-1,563,564,565,-1,566,567,568,-1,568,567,569,-1,568,569,570,-1,564,571,565,-1,565,571,572,-1,565,572,573,-1,562,574,555,-1,555,574,575,-1,555,575,568,-1,568,575,576,-1,568,576,566,-1,570,577,568,-1,568,577,578,-1,568,578,565,-1,565,578,579,-1,565,579,563,-1,537,580,538,-1,538,580,581,-1,538,581,539,-1,539,581,582,-1,539,582,540,-1,540,582,583,-1,540,583,541,-1,541,583,584,-1,541,584,542,-1,542,584,585,-1,542,585,543,-1,543,585,586,-1,543,586,544,-1,544,586,587,-1,544,587,545,-1,545,587,588,-1,545,588,546,-1,546,588,589,-1,546,589,535,-1,535,589,590,-1,535,590,536,-1,536,590,591,-1,536,591,26,-1,26,591,592,-1,26,592,25,-1,25,592,565,-1,25,565,557,-1,557,565,573,-1,593,594,595,-1,595,594,596,-1,597,598,599,-1,599,598,600,-1,601,599,602,-1,602,599,603,-1,604,605,606,-1,607,608,609,-1,610,611,599,-1,612,613,599,-1,600,614,599,-1,599,614,615,-1,599,615,616,-1,617,618,604,-1,604,618,619,-1,604,619,605,-1,606,620,604,-1,604,620,621,-1,604,621,622,-1,623,624,599,-1,625,626,594,-1,627,628,629,-1,629,628,630,-1,631,617,632,-1,632,617,633,-1,634,635,636,-1,616,637,599,-1,599,637,638,-1,599,638,603,-1,603,638,639,-1,603,639,640,-1,601,641,599,-1,599,641,642,-1,599,642,607,-1,643,644,645,-1,646,647,648,-1,649,650,617,-1,617,650,651,-1,617,651,618,-1,652,653,599,-1,599,653,654,-1,599,654,612,-1,655,656,629,-1,629,656,657,-1,629,657,658,-1,659,660,604,-1,661,662,663,-1,663,662,664,-1,665,629,661,-1,661,629,648,-1,666,667,668,-1,668,667,669,-1,670,671,672,-1,608,673,609,-1,609,673,645,-1,609,645,674,-1,674,645,644,-1,607,609,599,-1,599,609,675,-1,599,675,648,-1,648,675,676,-1,648,676,646,-1,647,677,648,-1,648,677,678,-1,648,678,679,-1,680,681,682,-1,683,684,604,-1,604,684,685,-1,604,685,686,-1,687,688,604,-1,604,688,689,-1,604,689,599,-1,593,597,594,-1,594,597,599,-1,594,599,625,-1,625,599,613,-1,626,690,594,-1,594,690,691,-1,594,691,692,-1,693,629,694,-1,694,629,695,-1,696,697,698,-1,661,698,699,-1,664,700,663,-1,663,700,701,-1,663,701,702,-1,702,703,663,-1,663,703,704,-1,663,704,705,-1,705,706,707,-1,707,706,708,-1,707,708,709,-1,672,710,670,-1,670,710,711,-1,670,711,640,-1,640,711,712,-1,640,712,603,-1,713,714,648,-1,715,716,717,-1,717,716,718,-1,599,719,720,-1,599,611,652,-1,652,611,721,-1,652,721,722,-1,723,724,725,-1,629,725,726,-1,727,728,604,-1,604,728,729,-1,604,729,730,-1,731,732,733,-1,733,732,734,-1,733,734,634,-1,634,734,735,-1,634,735,635,-1,648,736,661,-1,661,736,737,-1,661,737,738,-1,739,740,665,-1,741,742,743,-1,744,745,746,-1,747,748,667,-1,705,707,663,-1,663,707,749,-1,663,749,750,-1,680,682,622,-1,622,682,751,-1,622,751,604,-1,604,751,752,-1,604,752,683,-1,753,754,755,-1,756,687,757,-1,757,687,604,-1,757,604,715,-1,715,604,686,-1,715,686,716,-1,758,623,759,-1,759,623,599,-1,759,599,760,-1,760,599,689,-1,761,762,599,-1,599,762,763,-1,599,763,764,-1,765,766,599,-1,599,766,767,-1,599,767,610,-1,768,630,769,-1,630,768,629,-1,629,768,770,-1,629,770,695,-1,659,604,771,-1,660,772,604,-1,604,772,773,-1,604,773,617,-1,617,773,774,-1,617,774,633,-1,775,776,777,-1,778,779,780,-1,780,779,781,-1,750,782,663,-1,663,782,783,-1,663,783,780,-1,780,783,784,-1,780,784,785,-1,786,778,787,-1,788,789,790,-1,716,791,718,-1,718,791,755,-1,718,755,792,-1,792,755,754,-1,793,794,756,-1,756,794,795,-1,756,795,687,-1,796,797,798,-1,759,799,758,-1,758,799,797,-1,758,797,800,-1,800,797,796,-1,693,801,629,-1,629,801,802,-1,629,802,655,-1,655,802,803,-1,655,803,804,-1,805,806,807,-1,808,604,809,-1,809,604,810,-1,738,811,661,-1,661,811,812,-1,661,812,698,-1,698,812,813,-1,698,813,696,-1,814,815,780,-1,780,815,816,-1,780,816,817,-1,818,819,820,-1,820,819,821,-1,820,821,645,-1,645,821,822,-1,645,822,643,-1,823,824,648,-1,648,824,825,-1,648,825,713,-1,826,827,828,-1,648,829,830,-1,681,831,682,-1,682,831,788,-1,682,788,832,-1,832,788,790,-1,624,833,599,-1,599,833,834,-1,599,834,761,-1,761,834,835,-1,836,837,838,-1,838,837,764,-1,764,837,599,-1,599,837,839,-1,599,839,719,-1,840,765,841,-1,841,765,599,-1,841,599,842,-1,842,599,720,-1,843,844,845,-1,769,846,768,-1,768,846,847,-1,768,847,848,-1,807,849,805,-1,805,849,850,-1,805,850,804,-1,804,850,851,-1,804,851,655,-1,658,852,629,-1,629,852,853,-1,629,853,725,-1,725,853,854,-1,725,854,723,-1,855,856,857,-1,857,856,858,-1,726,859,629,-1,629,859,860,-1,629,860,604,-1,604,860,856,-1,604,856,810,-1,810,856,855,-1,861,862,604,-1,636,863,634,-1,634,863,771,-1,634,771,864,-1,864,771,604,-1,864,604,865,-1,865,604,730,-1,699,866,661,-1,661,866,867,-1,661,867,868,-1,775,777,869,-1,869,777,870,-1,869,870,871,-1,872,873,874,-1,874,873,875,-1,874,875,876,-1,877,878,879,-1,879,878,880,-1,879,880,744,-1,744,880,881,-1,744,881,745,-1,882,883,667,-1,785,884,780,-1,780,884,885,-1,780,885,778,-1,778,885,886,-1,778,886,787,-1,887,888,889,-1,826,828,890,-1,714,891,648,-1,648,891,892,-1,648,892,829,-1,829,892,828,-1,829,828,893,-1,893,828,827,-1,894,895,896,-1,834,897,835,-1,835,897,895,-1,835,895,898,-1,898,895,894,-1,845,899,843,-1,843,899,900,-1,843,900,901,-1,901,900,902,-1,901,902,722,-1,722,902,903,-1,722,903,652,-1,904,905,906,-1,907,908,909,-1,874,910,872,-1,872,910,662,-1,872,662,870,-1,870,662,661,-1,870,661,871,-1,871,661,868,-1,871,868,911,-1,911,868,912,-1,911,912,913,-1,914,915,916,-1,916,915,917,-1,916,917,913,-1,913,917,918,-1,913,918,911,-1,666,919,667,-1,667,919,920,-1,667,920,921,-1,739,665,922,-1,923,924,665,-1,925,926,780,-1,780,926,927,-1,780,928,929,-1,887,889,930,-1,931,932,933,-1,934,648,935,-1,935,648,936,-1,937,938,939,-1,940,941,942,-1,906,943,904,-1,904,943,944,-1,904,944,848,-1,848,944,945,-1,848,945,768,-1,909,946,907,-1,907,946,947,-1,907,947,724,-1,724,947,948,-1,724,948,725,-1,858,949,857,-1,857,949,950,-1,857,950,951,-1,952,953,808,-1,808,953,954,-1,808,954,604,-1,604,954,955,-1,604,955,861,-1,956,957,958,-1,958,957,959,-1,958,959,960,-1,960,959,961,-1,960,961,697,-1,697,961,962,-1,697,962,698,-1,963,964,667,-1,667,964,965,-1,667,965,665,-1,665,965,966,-1,967,740,968,-1,968,740,969,-1,968,969,970,-1,923,665,971,-1,972,973,974,-1,974,973,975,-1,974,975,743,-1,743,975,976,-1,743,976,741,-1,977,978,979,-1,979,978,980,-1,979,980,981,-1,980,982,667,-1,667,982,983,-1,667,983,882,-1,984,985,667,-1,667,985,986,-1,667,986,669,-1,669,986,987,-1,669,987,988,-1,786,787,888,-1,888,787,989,-1,888,989,889,-1,933,990,931,-1,931,990,991,-1,931,991,992,-1,992,991,993,-1,992,993,994,-1,994,993,995,-1,994,995,647,-1,647,995,996,-1,647,996,677,-1,997,936,998,-1,998,936,648,-1,998,648,999,-1,999,648,830,-1,755,1000,753,-1,753,1000,937,-1,753,937,1001,-1,1001,937,939,-1,793,1002,794,-1,794,1002,1003,-1,794,1003,1004,-1,1004,1003,940,-1,1004,940,1005,-1,1005,940,942,-1,1006,1007,1008,-1,1008,1007,1009,-1,1008,1009,798,-1,798,1009,1010,-1,798,1010,796,-1,1011,1012,1013,-1,1014,1015,1016,-1,1017,1018,1019,-1,970,1020,968,-1,968,1020,1021,-1,968,1021,1022,-1,1023,1024,1025,-1,1025,1024,1026,-1,1023,971,1024,-1,1024,971,665,-1,1024,665,1027,-1,1027,665,740,-1,1027,740,1028,-1,1028,740,967,-1,817,1029,780,-1,780,1029,1030,-1,780,1030,925,-1,1031,928,1032,-1,1032,928,780,-1,1032,780,1033,-1,1033,780,927,-1,1034,1035,1036,-1,748,1037,667,-1,667,1037,1038,-1,667,1038,980,-1,980,1038,1039,-1,980,1039,981,-1,883,1040,667,-1,667,1040,1041,-1,667,1041,984,-1,1042,1043,1044,-1,1044,1043,1045,-1,1044,1045,889,-1,889,1045,1046,-1,889,1046,930,-1,1047,1048,1049,-1,934,1050,648,-1,648,1050,1051,-1,648,1051,736,-1,1050,1052,1051,-1,1051,1052,1053,-1,1051,1053,1054,-1,1055,1056,1057,-1,1013,1058,1011,-1,1011,1058,1059,-1,1011,1059,1060,-1,1060,1059,1061,-1,1060,1061,840,-1,840,1061,1062,-1,840,1062,765,-1,1016,1063,1014,-1,1014,1063,1064,-1,1014,1064,951,-1,951,1064,1065,-1,951,1065,857,-1,952,1066,953,-1,953,1066,1067,-1,953,1067,1068,-1,1069,1070,862,-1,862,1070,1071,-1,862,1071,604,-1,604,1071,1072,-1,604,1072,727,-1,876,1073,874,-1,874,1073,1017,-1,874,1017,1074,-1,1074,1017,1019,-1,746,1075,744,-1,744,1075,963,-1,744,963,1076,-1,1076,963,667,-1,1076,667,1077,-1,1077,667,921,-1,742,1078,743,-1,743,1078,922,-1,743,922,1079,-1,1079,922,665,-1,1079,665,1080,-1,1080,665,966,-1,1081,1082,1031,-1,1031,1082,1083,-1,1031,1083,928,-1,929,1084,780,-1,780,1084,1085,-1,780,1085,1086,-1,1086,1085,1087,-1,1086,1087,1088,-1,1088,1087,1089,-1,1086,1090,780,-1,780,1090,1091,-1,780,1091,667,-1,667,1091,1092,-1,667,1092,1093,-1,987,1094,988,-1,988,1094,1095,-1,988,1095,1096,-1,1096,1095,1097,-1,1096,1097,1098,-1,1098,1097,1099,-1,1099,1097,1100,-1,1100,1097,1101,-1,1100,1101,1102,-1,679,1103,648,-1,648,1103,1104,-1,648,1104,823,-1,823,1104,1105,-1,823,1105,1106,-1,1106,1105,1107,-1,1106,1107,1108,-1,1108,1107,1047,-1,1108,1047,1109,-1,1109,1047,1049,-1,1110,1111,1112,-1,1113,1114,1115,-1,1115,1114,1116,-1,1115,1116,997,-1,997,1116,1117,-1,997,1117,936,-1,1118,1119,1120,-1,1120,1119,1121,-1,1120,1121,896,-1,896,1121,1122,-1,896,1122,894,-1,1057,1123,1055,-1,1055,1123,1124,-1,1055,1124,1125,-1,1125,1124,1126,-1,1125,1126,836,-1,836,1126,1127,-1,836,1127,837,-1,1128,1129,1130,-1,1069,1131,1070,-1,1070,1131,1132,-1,1070,1132,1133,-1,1134,1135,1136,-1,1137,1138,1139,-1,1139,1138,1140,-1,1139,1140,914,-1,914,1140,1141,-1,914,1141,915,-1,1142,1143,1144,-1,1144,1143,1145,-1,1144,1145,1021,-1,1021,1145,1146,-1,1021,1146,1022,-1,1026,1147,1025,-1,1025,1147,1148,-1,1025,1148,1149,-1,924,1150,665,-1,665,1150,1151,-1,665,1151,1152,-1,1153,1154,1155,-1,1087,1156,1089,-1,1089,1156,1157,-1,1089,1157,1158,-1,1159,667,1160,-1,1160,667,1093,-1,1160,1093,1035,-1,1035,1093,1161,-1,1035,1161,1036,-1,1162,747,1163,-1,1163,747,667,-1,1163,667,1164,-1,1164,667,1159,-1,1164,1159,1165,-1,1165,1159,1166,-1,1165,1166,1167,-1,828,1168,890,-1,890,1168,1110,-1,890,1110,1169,-1,1169,1110,1112,-1,1130,1170,1128,-1,1128,1170,1171,-1,1128,1171,1068,-1,1068,1171,1172,-1,1068,1172,953,-1,1173,1174,1175,-1,1175,1174,1176,-1,1175,1176,1133,-1,1133,1176,1177,-1,1133,1177,1070,-1,1136,1178,1134,-1,1134,1178,1179,-1,1134,1179,1180,-1,1180,1179,1181,-1,1180,1181,1182,-1,1182,1181,1183,-1,1182,1183,776,-1,776,1183,1184,-1,776,1184,777,-1,1185,1186,1187,-1,627,629,1188,-1,1188,629,665,-1,1188,665,1189,-1,1189,665,1152,-1,1189,1152,1190,-1,1191,1192,1193,-1,781,1194,780,-1,780,1194,1195,-1,780,1195,814,-1,814,1195,1196,-1,814,1196,1197,-1,1197,1196,1198,-1,1197,1198,1199,-1,1199,1198,1153,-1,1199,1153,1200,-1,1200,1153,1155,-1,1163,1201,1162,-1,1162,1201,1202,-1,1162,1202,1203,-1,1203,1202,1204,-1,1187,1205,1185,-1,1185,1205,1206,-1,1185,1206,1149,-1,1149,1206,1207,-1,1149,1207,1025,-1,1193,1208,1191,-1,1191,1208,1209,-1,1191,1209,1190,-1,1190,1209,1210,-1,1190,1210,1189,-1,1211,1212,1213,-1,1214,1215,1216,-1,1217,1218,1167,-1,1167,1218,1219,-1,1167,1219,1165,-1,1202,1220,1204,-1,1204,1220,1221,-1,1204,1221,1222,-1,1223,1224,1225,-1,1225,1224,1226,-1,1225,1226,979,-1,979,1226,1227,-1,979,1227,977,-1,1228,1229,1230,-1,1230,1229,1231,-1,1230,1231,1054,-1,1054,1231,1232,-1,1054,1232,1051,-1,1030,1233,925,-1,925,1233,1234,-1,925,1234,1235,-1,1235,1234,1236,-1,1235,1236,1237,-1,1237,1236,1211,-1,1237,1211,1238,-1,1238,1211,1213,-1,1081,1239,1082,-1,1082,1239,1240,-1,1082,1240,1241,-1,1241,1240,1214,-1,1241,1214,1242,-1,1242,1214,1216,-1,1243,1244,1245,-1,1246,1247,1248,-1,1248,1247,1249,-1,1248,1249,1113,-1,1113,1249,1250,-1,1113,1250,1114,-1,1251,1252,1253,-1,1253,1252,1254,-1,1253,1254,1158,-1,1158,1254,1255,-1,1158,1255,1089,-1,883,1256,1040,-1,1040,1256,1257,-1,1040,1257,1258,-1,1258,1257,1259,-1,1258,1259,1260,-1,1260,1259,1243,-1,1260,1243,1261,-1,1261,1243,1245,-1,1262,1263,1264,-1,1264,1263,1265,-1,1264,1265,1266,-1,1266,1265,1267,-1,1266,1267,1036,-1,1036,1267,1268,-1,1036,1268,1034,-1,1269,1270,1271,-1,1217,1272,1218,-1,1218,1272,1273,-1,1218,1273,1274,-1,1274,1273,1269,-1,1274,1269,1275,-1,1275,1269,1271,-1,1276,1277,1278,-1,1278,1277,1279,-1,1278,1279,1222,-1,1222,1279,1280,-1,1222,1280,1204,-1,1281,596,594,-1,568,1043,1042,-1,707,709,1282,-1,1282,709,1283,-1,1042,1284,568,-1,568,1284,1282,-1,568,1282,1285,-1,1285,1282,1283,-1,1285,1283,1286,-1,1287,1288,1285,-1,1289,1138,1137,-1,1019,1018,1286,-1,1286,1018,1290,-1,1286,1290,1285,-1,1285,1290,1291,-1,1137,1287,1289,-1,1289,1287,1285,-1,1289,1285,1292,-1,1292,1285,1291,-1,1292,1291,1135,-1,1135,1291,1136,-1,1293,1229,1228,-1,672,671,1294,-1,1294,671,1295,-1,1296,1297,1285,-1,594,7,1298,-1,1228,1296,1293,-1,1293,1296,1285,-1,1293,1285,1299,-1,1299,1285,1288,-1,1299,1288,956,-1,956,1288,957,-1,1247,1246,1300,-1,1301,1294,1302,-1,1302,1294,1295,-1,1302,1295,1303,-1,1303,1295,1281,-1,1303,1281,1304,-1,1304,1281,594,-1,1304,594,1305,-1,1305,594,1298,-1,1306,933,932,-1,1307,1285,1300,-1,1300,1285,1297,-1,1300,1297,1247,-1,1285,1308,1309,-1,819,818,1309,-1,1309,818,1301,-1,1309,1301,1285,-1,1285,1301,1302,-1,1112,1111,1307,-1,1307,1111,1310,-1,1307,1310,1285,-1,1285,1310,1311,-1,1049,1048,1311,-1,1311,1048,1312,-1,1311,1312,1285,-1,1285,1312,1306,-1,1285,1306,1308,-1,1308,1306,932,-1,1313,1187,1186,-1,580,1314,1315,-1,1315,1314,1316,-1,617,631,1317,-1,1318,1317,1319,-1,1319,1317,1320,-1,1319,1320,1314,-1,1321,1174,1173,-1,1318,1322,1317,-1,1317,1322,1323,-1,1317,1323,617,-1,617,1323,1324,-1,617,1324,1,-1,1325,1326,1314,-1,1099,1100,1327,-1,1327,1100,580,-1,1327,580,1328,-1,1173,1325,1321,-1,1321,1325,1314,-1,1321,1314,1329,-1,1329,1314,1320,-1,1329,1320,731,-1,731,1320,732,-1,1330,1016,1015,-1,1331,1332,1314,-1,1333,878,877,-1,1143,1142,1315,-1,1315,1142,1334,-1,1315,1334,580,-1,580,1334,1335,-1,877,1328,1333,-1,1333,1328,580,-1,1333,580,1336,-1,1336,580,1335,-1,1336,1335,972,-1,972,1335,973,-1,1337,807,806,-1,1015,1331,1330,-1,1330,1331,1314,-1,1330,1314,1338,-1,1338,1314,1326,-1,1338,1326,1129,-1,1129,1326,1130,-1,1339,1340,1314,-1,806,1339,1337,-1,1337,1339,1314,-1,1337,1314,1341,-1,1341,1314,1332,-1,1341,1332,908,-1,908,1332,909,-1,906,905,1340,-1,1340,905,1342,-1,1340,1342,1314,-1,1314,1342,1343,-1,1193,1192,1343,-1,1343,1192,1344,-1,1343,1344,1314,-1,1314,1344,1313,-1,1314,1313,1316,-1,1316,1313,1186,-1,1245,1244,1345,-1,1345,1244,1346,-1,1347,1348,1349,-1,1350,1351,1352,-1,1352,1351,1353,-1,1350,1352,1354,-1,1354,1352,1345,-1,1354,1345,1349,-1,1349,1345,1346,-1,1349,1346,1347,-1,1355,1277,1276,-1,1356,1357,1348,-1,1353,1358,1352,-1,1352,1358,1359,-1,1352,1359,1360,-1,1276,1356,1355,-1,1355,1356,1348,-1,1355,1348,1361,-1,1361,1348,1347,-1,1361,1347,1223,-1,1223,1347,1224,-1,1362,1263,1262,-1,1360,1363,1352,-1,1352,1363,1364,-1,1352,1364,1365,-1,1366,1367,1348,-1,1100,1102,580,-1,580,1102,1352,-1,580,1352,1368,-1,1368,1352,1365,-1,1262,1366,1362,-1,1362,1366,1348,-1,1362,1348,1369,-1,1369,1348,1357,-1,1369,1357,1270,-1,1270,1357,1271,-1,1251,1370,1252,-1,1252,1370,1367,-1,1367,1370,1348,-1,1348,1370,1371,-1,1348,1371,568,-1,1372,1213,1212,-1,1373,1374,568,-1,1212,1373,1372,-1,1372,1373,568,-1,1372,568,1375,-1,1375,568,1371,-1,1375,1371,1215,-1,1215,1371,1216,-1,1045,1043,1376,-1,1376,1043,568,-1,1376,568,1377,-1,1377,568,1374,-1,1377,1374,1154,-1,1154,1374,1155,-1,7,594,692,-1,845,844,1378,-1,1378,844,1379,-1,692,1380,7,-1,7,1380,1378,-1,7,1378,1,-1,1,1378,1379,-1,1,1379,1381,-1,1382,1057,1056,-1,1383,1384,1,-1,1056,1383,1382,-1,1382,1383,1,-1,1382,1,1385,-1,1385,1,1381,-1,1385,1381,1012,-1,1012,1381,1013,-1,1386,1007,1006,-1,1387,1388,1,-1,1006,1387,1386,-1,1386,1387,1,-1,1386,1,1389,-1,1389,1,1384,-1,1389,1384,1118,-1,1118,1384,1119,-1,1390,939,938,-1,1391,1392,1,-1,938,1391,1390,-1,1390,1391,1,-1,1390,1,1393,-1,1393,1,1388,-1,1393,1388,941,-1,941,1388,942,-1,649,617,1394,-1,1394,617,1,-1,1394,1,1395,-1,1395,1,1392,-1,1395,1392,789,-1,789,1392,790,-1,
        ]
    }
}
Shape{
    appearance Appearance {
        material  Material 	{
            diffuseColor 0.34901960784313724 0.34901960784313724 0.34901960784313724
            specularColor 0.023529411764705882 0.023529411764705882 0.023529411764705882
            ambientIntensity 0.498
            transparency 0.0
            shininess 0.5
        }
    }
    geometry IndexedFaceSet {
        ccw TRUE
        solid FALSE
        coord DEF co Coordinate {
            point [
                -0.7283 1.1811 0.2874, -0.7283 1.1811 0.2953, -0.7304 1.1964 0.2874, -0.7304 1.1964 0.2953, -0.7363 1.2106 0.2874, -0.7363 1.2106 0.2953, -0.7456 1.2229 0.2874, -0.7456 1.2229 0.2953, -0.7579 1.2322 0.2874, -0.7579 1.2322 0.2953, -0.7721 1.2381 0.2874, -0.7721 1.2381 0.2953, -0.7874 1.2402 0.2874, -0.7874 1.2402 0.2953, -0.8027 1.2381 0.2874, -0.8027 1.2381 0.2953, -0.8169 1.2322 0.2874, -0.8169 1.2322 0.2953, -0.8292 1.2229 0.2874, -0.8292 1.2229 0.2953, -0.8385 1.2106 0.2874, -0.8385 1.2106 0.2953, -0.8444 1.1964 0.2874, -0.8444 1.1964 0.2953, -0.8465 1.1811 0.2874, -0.8465 1.1811 0.2953, -0.8444 1.1658 0.2874, -0.8444 1.1658 0.2953, -0.8385 1.1516 0.2874, -0.8385 1.1516 0.2953, -0.8292 1.1393 0.2874, -0.8292 1.1393 0.2953, -0.8169 1.13 0.2874, -0.8169 1.13 0.2953, -0.8027 1.1241 0.2874, -0.8027 1.1241 0.2953, -0.7874 1.122 0.2874, -0.7874 1.122 0.2953, -0.7721 1.1241 0.2874, -0.7721 1.1241 0.2953, -0.7579 1.13 0.2874, -0.7579 1.13 0.2953, -0.7456 1.1393 0.2874, -0.7456 1.1393 0.2953, -0.7363 1.1516 0.2874, -0.7363 1.1516 0.2953, -0.7304 1.1658 0.2874, -0.7304 1.1658 0.2953, -0.7874 1.1811 0.2874
            ]
        }
        coordIndex [
            0,1,2,-1,2,1,3,-1,2,3,4,-1,4,3,5,-1,4,5,6,-1,6,5,7,-1,6,7,8,-1,8,7,9,-1,8,9,10,-1,10,9,11,-1,10,11,12,-1,12,11,13,-1,12,13,14,-1,14,13,15,-1,14,15,16,-1,16,15,17,-1,16,17,18,-1,18,17,19,-1,18,19,20,-1,20,19,21,-1,20,21,22,-1,22,21,23,-1,22,23,24,-1,24,23,25,-1,24,25,26,-1,26,25,27,-1,26,27,28,-1,28,27,29,-1,28,29,30,-1,30,29,31,-1,30,31,32,-1,32,31,33,-1,32,33,34,-1,34,33,35,-1,34,35,36,-1,36,35,37,-1,36,37,38,-1,38,37,39,-1,38,39,40,-1,40,39,41,-1,40,41,42,-1,42,41,43,-1,42,43,44,-1,44,43,45,-1,44,45,46,-1,46,45,47,-1,46,47,0,-1,0,47,1,-1,44,46,48,-1,48,46,0,-1,48,0,2,-1,38,40,48,-1,48,40,42,-1,48,42,44,-1,32,34,48,-1,48,34,36,-1,48,36,38,-1,26,28,48,-1,48,28,30,-1,48,30,32,-1,20,22,48,-1,48,22,24,-1,48,24,26,-1,14,16,48,-1,48,16,18,-1,48,18,20,-1,8,10,48,-1,48,10,12,-1,48,12,14,-1,2,4,48,-1,48,4,6,-1,48,6,8,-1,
        ]
    }
}
Shape{
    appearance Appearance {
        material  Material 	{
            diffuseColor 0.6666666666666666 0.6666666666666666 0.6666666666666666
            specularColor 0.4666666666666667 0.4666666666666667 0.4666666666666667
            ambientIntensity 0.6667
            transparency 0.0
            shininess 0.5
        }
    }
    geometry IndexedFaceSet {
        ccw TRUE
        solid FALSE
        coord DEF co Coordinate {
            point [
                0.748 1.378 0.0787, 0.748 1.3783 0.0787, 0.6693 1.378 0.0787, 0.6693 1.3783 0.0787, 0.6693 1.378 0.0079, 0.6693 1.3783 0.0, 0.6693 1.2598 0.0079, 0.6693 1.2598 0.0, 0.748 1.378 0.0079, 0.748 1.2598 0.0079, 0.748 1.2598 0.0, 0.748 1.3783 0.0, 0.6706 1.2497 0.0, 0.6706 1.2497 0.0079, 0.6746 1.2402 0.0, 0.6746 1.2402 0.0079, 0.6808 1.232 0.0, 0.6808 1.232 0.0079, 0.689 1.2257 0.0, 0.689 1.2257 0.0079, 0.6985 1.2218 0.0, 0.6985 1.2218 0.0079, 0.7087 1.2205 0.0, 0.7087 1.2205 0.0079, 0.7189 1.2218 0.0, 0.7189 1.2218 0.0079, 0.7283 1.2257 0.0, 0.7283 1.2257 0.0079, 0.7365 1.232 0.0, 0.7365 1.232 0.0079, 0.7428 1.2402 0.0, 0.7428 1.2402 0.0079, 0.7467 1.2497 0.0, 0.7467 1.2497 0.0079, 0.5906 1.378 0.0787, 0.5906 1.3783 0.0787, 0.5118 1.378 0.0787, 0.5118 1.3783 0.0787, 0.5118 1.378 0.0079, 0.5118 1.3783 0.0, 0.5118 1.2598 0.0079, 0.5118 1.2598 0.0, 0.5906 1.378 0.0079, 0.5906 1.2598 0.0079, 0.5906 1.2598 0.0, 0.5906 1.3783 0.0, 0.5132 1.2497 0.0, 0.5132 1.2497 0.0079, 0.5171 1.2402 0.0, 0.5171 1.2402 0.0079, 0.5233 1.232 0.0, 0.5233 1.232 0.0079, 0.5315 1.2257 0.0, 0.5315 1.2257 0.0079, 0.541 1.2218 0.0, 0.541 1.2218 0.0079, 0.5512 1.2205 0.0, 0.5512 1.2205 0.0079, 0.5614 1.2218 0.0, 0.5614 1.2218 0.0079, 0.5709 1.2257 0.0, 0.5709 1.2257 0.0079, 0.579 1.232 0.0, 0.579 1.232 0.0079, 0.5853 1.2402 0.0, 0.5853 1.2402 0.0079, 0.5892 1.2497 0.0, 0.5892 1.2497 0.0079, 0.4331 1.378 0.0787, 0.4331 1.3783 0.0787, 0.3543 1.378 0.0787, 0.3543 1.3783 0.0787, 0.3543 1.378 0.0079, 0.3543 1.3783 0.0, 0.3543 1.2598 0.0079, 0.3543 1.2598 0.0, 0.4331 1.378 0.0079, 0.4331 1.2598 0.0079, 0.4331 1.2598 0.0, 0.4331 1.3783 0.0, 0.3557 1.2497 0.0, 0.3557 1.2497 0.0079, 0.3596 1.2402 0.0, 0.3596 1.2402 0.0079, 0.3659 1.232 0.0, 0.3659 1.232 0.0079, 0.374 1.2257 0.0, 0.374 1.2257 0.0079, 0.3835 1.2218 0.0, 0.3835 1.2218 0.0079, 0.3937 1.2205 0.0, 0.3937 1.2205 0.0079, 0.4039 1.2218 0.0, 0.4039 1.2218 0.0079, 0.4134 1.2257 0.0, 0.4134 1.2257 0.0079, 0.4215 1.232 0.0, 0.4215 1.232 0.0079, 0.4278 1.2402 0.0, 0.4278 1.2402 0.0079, 0.4317 1.2497 0.0, 0.4317 1.2497 0.0079, 0.2756 1.378 0.0787, 0.2756 1.3783 0.0787, 0.1969 1.378 0.0787, 0.1969 1.3783 0.0787, 0.1969 1.378 0.0079, 0.1969 1.3783 0.0, 0.1969 1.2598 0.0079, 0.1969 1.2598 0.0, 0.2756 1.378 0.0079, 0.2756 1.2598 0.0079, 0.2756 1.2598 0.0, 0.2756 1.3783 0.0, 0.1982 1.2497 0.0, 0.1982 1.2497 0.0079, 0.2021 1.2402 0.0, 0.2021 1.2402 0.0079, 0.2084 1.232 0.0, 0.2084 1.232 0.0079, 0.2165 1.2257 0.0, 0.2165 1.2257 0.0079, 0.226 1.2218 0.0, 0.226 1.2218 0.0079, 0.2362 1.2205 0.0, 0.2362 1.2205 0.0079, 0.2464 1.2218 0.0, 0.2464 1.2218 0.0079, 0.2559 1.2257 0.0, 0.2559 1.2257 0.0079, 0.2641 1.232 0.0, 0.2641 1.232 0.0079, 0.2703 1.2402 0.0, 0.2703 1.2402 0.0079, 0.2742 1.2497 0.0, 0.2742 1.2497 0.0079, 0.1181 1.378 0.0787, 0.1181 1.3783 0.0787, 0.0394 1.378 0.0787, 0.0394 1.3783 0.0787, 0.0394 1.378 0.0079, 0.0394 1.3783 0.0, 0.0394 1.2598 0.0079, 0.0394 1.2598 0.0, 0.1181 1.378 0.0079, 0.1181 1.2598 0.0079, 0.1181 1.2598 0.0, 0.1181 1.3783 0.0, 0.0407 1.2497 0.0, 0.0407 1.2497 0.0079, 0.0446 1.2402 0.0, 0.0446 1.2402 0.0079, 0.0509 1.232 0.0, 0.0509 1.232 0.0079, 0.0591 1.2257 0.0, 0.0591 1.2257 0.0079, 0.0686 1.2218 0.0, 0.0686 1.2218 0.0079, 0.0787 1.2205 0.0, 0.0787 1.2205 0.0079, 0.0889 1.2218 0.0, 0.0889 1.2218 0.0079, 0.0984 1.2257 0.0, 0.0984 1.2257 0.0079, 0.1066 1.232 0.0, 0.1066 1.232 0.0079, 0.1128 1.2402 0.0, 0.1128 1.2402 0.0079, 0.1168 1.2497 0.0, 0.1168 1.2497 0.0079, -0.0394 1.378 0.0787, -0.0394 1.3783 0.0787, -0.1181 1.378 0.0787, -0.1181 1.3783 0.0787, -0.1181 1.378 0.0079, -0.1181 1.3783 0.0, -0.1181 1.2598 0.0079, -0.1181 1.2598 0.0, -0.0394 1.378 0.0079, -0.0394 1.2598 0.0079, -0.0394 1.2598 0.0, -0.0394 1.3783 0.0, -0.1168 1.2497 0.0, -0.1168 1.2497 0.0079, -0.1128 1.2402 0.0, -0.1128 1.2402 0.0079, -0.1066 1.232 0.0, -0.1066 1.232 0.0079, -0.0984 1.2257 0.0, -0.0984 1.2257 0.0079, -0.0889 1.2218 0.0, -0.0889 1.2218 0.0079, -0.0787 1.2205 0.0, -0.0787 1.2205 0.0079, -0.0686 1.2218 0.0, -0.0686 1.2218 0.0079, -0.0591 1.2257 0.0, -0.0591 1.2257 0.0079, -0.0509 1.232 0.0, -0.0509 1.232 0.0079, -0.0446 1.2402 0.0, -0.0446 1.2402 0.0079, -0.0407 1.2497 0.0, -0.0407 1.2497 0.0079, -0.1969 1.378 0.0787, -0.1969 1.3783 0.0787, -0.2756 1.378 0.0787, -0.2756 1.3783 0.0787, -0.2756 1.378 0.0079, -0.2756 1.3783 0.0, -0.2756 1.2598 0.0079, -0.2756 1.2598 0.0, -0.1969 1.378 0.0079, -0.1969 1.2598 0.0079, -0.1969 1.2598 0.0, -0.1969 1.3783 0.0, -0.2742 1.2497 0.0, -0.2742 1.2497 0.0079, -0.2703 1.2402 0.0, -0.2703 1.2402 0.0079, -0.2641 1.232 0.0, -0.2641 1.232 0.0079, -0.2559 1.2257 0.0, -0.2559 1.2257 0.0079, -0.2464 1.2218 0.0, -0.2464 1.2218 0.0079, -0.2362 1.2205 0.0, -0.2362 1.2205 0.0079, -0.226 1.2218 0.0, -0.226 1.2218 0.0079, -0.2165 1.2257 0.0, -0.2165 1.2257 0.0079, -0.2084 1.232 0.0, -0.2084 1.232 0.0079, -0.2021 1.2402 0.0, -0.2021 1.2402 0.0079, -0.1982 1.2497 0.0, -0.1982 1.2497 0.0079, -0.3543 1.378 0.0787, -0.3543 1.3783 0.0787, -0.4331 1.378 0.0787, -0.4331 1.3783 0.0787, -0.4331 1.378 0.0079, -0.4331 1.3783 0.0, -0.4331 1.2598 0.0079, -0.4331 1.2598 0.0, -0.3543 1.378 0.0079, -0.3543 1.2598 0.0079, -0.3543 1.2598 0.0, -0.3543 1.3783 0.0, -0.4317 1.2497 0.0, -0.4317 1.2497 0.0079, -0.4278 1.2402 0.0, -0.4278 1.2402 0.0079, -0.4215 1.232 0.0, -0.4215 1.232 0.0079, -0.4134 1.2257 0.0, -0.4134 1.2257 0.0079, -0.4039 1.2218 0.0, -0.4039 1.2218 0.0079, -0.3937 1.2205 0.0, -0.3937 1.2205 0.0079, -0.3835 1.2218 0.0, -0.3835 1.2218 0.0079, -0.374 1.2257 0.0, -0.374 1.2257 0.0079, -0.3659 1.232 0.0, -0.3659 1.232 0.0079, -0.3596 1.2402 0.0, -0.3596 1.2402 0.0079, -0.3557 1.2497 0.0, -0.3557 1.2497 0.0079, -0.5118 1.378 0.0787, -0.5118 1.3783 0.0787, -0.5906 1.378 0.0787, -0.5906 1.3783 0.0787, -0.5906 1.378 0.0079, -0.5906 1.3783 0.0, -0.5906 1.2598 0.0079, -0.5906 1.2598 0.0, -0.5118 1.378 0.0079, -0.5118 1.2598 0.0079, -0.5118 1.2598 0.0, -0.5118 1.3783 0.0, -0.5892 1.2497 0.0, -0.5892 1.2497 0.0079, -0.5853 1.2402 0.0, -0.5853 1.2402 0.0079, -0.579 1.232 0.0, -0.579 1.232 0.0079, -0.5709 1.2257 0.0, -0.5709 1.2257 0.0079, -0.5614 1.2218 0.0, -0.5614 1.2218 0.0079, -0.5512 1.2205 0.0, -0.5512 1.2205 0.0079, -0.541 1.2218 0.0, -0.541 1.2218 0.0079, -0.5315 1.2257 0.0, -0.5315 1.2257 0.0079, -0.5233 1.232 0.0, -0.5233 1.232 0.0079, -0.5171 1.2402 0.0, -0.5171 1.2402 0.0079, -0.5132 1.2497 0.0, -0.5132 1.2497 0.0079, -0.6693 1.378 0.0787, -0.6693 1.3783 0.0787, -0.748 1.378 0.0787, -0.748 1.3783 0.0787, -0.748 1.378 0.0079, -0.748 1.3783 0.0, -0.748 1.2598 0.0079, -0.748 1.2598 0.0, -0.6693 1.378 0.0079, -0.6693 1.2598 0.0079, -0.6693 1.2598 0.0, -0.6693 1.3783 0.0, -0.7467 1.2497 0.0, -0.7467 1.2497 0.0079, -0.7428 1.2402 0.0, -0.7428 1.2402 0.0079, -0.7365 1.232 0.0, -0.7365 1.232 0.0079, -0.7283 1.2257 0.0, -0.7283 1.2257 0.0079, -0.7189 1.2218 0.0, -0.7189 1.2218 0.0079, -0.7087 1.2205 0.0, -0.7087 1.2205 0.0079, -0.6985 1.2218 0.0, -0.6985 1.2218 0.0079, -0.689 1.2257 0.0, -0.689 1.2257 0.0079, -0.6808 1.232 0.0, -0.6808 1.232 0.0079, -0.6746 1.2402 0.0, -0.6746 1.2402 0.0079, -0.6706 1.2497 0.0, -0.6706 1.2497 0.0079, 0.5118 -1.378 0.0787, 0.5118 -1.3783 0.0787, 0.5906 -1.378 0.0787, 0.5906 -1.3783 0.0787, 0.5906 -1.378 0.0079, 0.5906 -1.3783 0.0, 0.5906 -1.2598 0.0079, 0.5906 -1.2598 0.0, 0.5118 -1.378 0.0079, 0.5118 -1.2598 0.0079, 0.5118 -1.2598 0.0, 0.5118 -1.3783 0.0, 0.5892 -1.2497 0.0, 0.5892 -1.2497 0.0079, 0.5853 -1.2402 0.0, 0.5853 -1.2402 0.0079, 0.579 -1.232 0.0, 0.579 -1.232 0.0079, 0.5709 -1.2257 0.0, 0.5709 -1.2257 0.0079, 0.5614 -1.2218 0.0, 0.5614 -1.2218 0.0079, 0.5512 -1.2205 0.0, 0.5512 -1.2205 0.0079, 0.541 -1.2218 0.0, 0.541 -1.2218 0.0079, 0.5315 -1.2257 0.0, 0.5315 -1.2257 0.0079, 0.5233 -1.232 0.0, 0.5233 -1.232 0.0079, 0.5171 -1.2402 0.0, 0.5171 -1.2402 0.0079, 0.5132 -1.2497 0.0, 0.5132 -1.2497 0.0079, 0.3543 -1.378 0.0787, 0.3543 -1.3783 0.0787, 0.4331 -1.378 0.0787, 0.4331 -1.3783 0.0787, 0.4331 -1.378 0.0079, 0.4331 -1.3783 0.0, 0.4331 -1.2598 0.0079, 0.4331 -1.2598 0.0, 0.3543 -1.378 0.0079, 0.3543 -1.2598 0.0079, 0.3543 -1.2598 0.0, 0.3543 -1.3783 0.0, 0.4317 -1.2497 0.0, 0.4317 -1.2497 0.0079, 0.4278 -1.2402 0.0, 0.4278 -1.2402 0.0079, 0.4215 -1.232 0.0, 0.4215 -1.232 0.0079, 0.4134 -1.2257 0.0, 0.4134 -1.2257 0.0079, 0.4039 -1.2218 0.0, 0.4039 -1.2218 0.0079, 0.3937 -1.2205 0.0, 0.3937 -1.2205 0.0079, 0.3835 -1.2218 0.0, 0.3835 -1.2218 0.0079, 0.374 -1.2257 0.0, 0.374 -1.2257 0.0079, 0.3659 -1.232 0.0, 0.3659 -1.232 0.0079, 0.3596 -1.2402 0.0, 0.3596 -1.2402 0.0079, 0.3557 -1.2497 0.0, 0.3557 -1.2497 0.0079, 0.1969 -1.378 0.0787, 0.1969 -1.3783 0.0787, 0.2756 -1.378 0.0787, 0.2756 -1.3783 0.0787, 0.2756 -1.378 0.0079, 0.2756 -1.3783 0.0, 0.2756 -1.2598 0.0079, 0.2756 -1.2598 0.0, 0.1969 -1.378 0.0079, 0.1969 -1.2598 0.0079, 0.1969 -1.2598 0.0, 0.1969 -1.3783 0.0, 0.2742 -1.2497 0.0, 0.2742 -1.2497 0.0079, 0.2703 -1.2402 0.0, 0.2703 -1.2402 0.0079, 0.2641 -1.232 0.0, 0.2641 -1.232 0.0079, 0.2559 -1.2257 0.0, 0.2559 -1.2257 0.0079, 0.2464 -1.2218 0.0, 0.2464 -1.2218 0.0079, 0.2362 -1.2205 0.0, 0.2362 -1.2205 0.0079, 0.226 -1.2218 0.0, 0.226 -1.2218 0.0079, 0.2165 -1.2257 0.0, 0.2165 -1.2257 0.0079, 0.2084 -1.232 0.0, 0.2084 -1.232 0.0079, 0.2021 -1.2402 0.0, 0.2021 -1.2402 0.0079, 0.1982 -1.2497 0.0, 0.1982 -1.2497 0.0079, 0.0394 -1.378 0.0787, 0.0394 -1.3783 0.0787, 0.1181 -1.378 0.0787, 0.1181 -1.3783 0.0787, 0.1181 -1.378 0.0079, 0.1181 -1.3783 0.0, 0.1181 -1.2598 0.0079, 0.1181 -1.2598 0.0, 0.0394 -1.378 0.0079, 0.0394 -1.2598 0.0079, 0.0394 -1.2598 0.0, 0.0394 -1.3783 0.0, 0.1168 -1.2497 0.0, 0.1168 -1.2497 0.0079, 0.1128 -1.2402 0.0, 0.1128 -1.2402 0.0079, 0.1066 -1.232 0.0, 0.1066 -1.232 0.0079, 0.0984 -1.2257 0.0, 0.0984 -1.2257 0.0079, 0.0889 -1.2218 0.0, 0.0889 -1.2218 0.0079, 0.0787 -1.2205 0.0, 0.0787 -1.2205 0.0079, 0.0686 -1.2218 0.0, 0.0686 -1.2218 0.0079, 0.0591 -1.2257 0.0, 0.0591 -1.2257 0.0079, 0.0509 -1.232 0.0, 0.0509 -1.232 0.0079, 0.0446 -1.2402 0.0, 0.0446 -1.2402 0.0079, 0.0407 -1.2497 0.0, 0.0407 -1.2497 0.0079, -0.1181 -1.378 0.0787, -0.1181 -1.3783 0.0787, -0.0394 -1.378 0.0787, -0.0394 -1.3783 0.0787, -0.0394 -1.378 0.0079, -0.0394 -1.3783 0.0, -0.0394 -1.2598 0.0079, -0.0394 -1.2598 0.0, -0.1181 -1.378 0.0079, -0.1181 -1.2598 0.0079, -0.1181 -1.2598 0.0, -0.1181 -1.3783 0.0, -0.0407 -1.2497 0.0, -0.0407 -1.2497 0.0079, -0.0446 -1.2402 0.0, -0.0446 -1.2402 0.0079, -0.0509 -1.232 0.0, -0.0509 -1.232 0.0079, -0.0591 -1.2257 0.0, -0.0591 -1.2257 0.0079, -0.0686 -1.2218 0.0, -0.0686 -1.2218 0.0079, -0.0787 -1.2205 0.0, -0.0787 -1.2205 0.0079, -0.0889 -1.2218 0.0, -0.0889 -1.2218 0.0079, -0.0984 -1.2257 0.0, -0.0984 -1.2257 0.0079, -0.1066 -1.232 0.0, -0.1066 -1.232 0.0079, -0.1128 -1.2402 0.0, -0.1128 -1.2402 0.0079, -0.1168 -1.2497 0.0, -0.1168 -1.2497 0.0079, -0.2756 -1.378 0.0787, -0.2756 -1.3783 0.0787, -0.1969 -1.378 0.0787, -0.1969 -1.3783 0.0787, -0.1969 -1.378 0.0079, -0.1969 -1.3783 0.0, -0.1969 -1.2598 0.0079, -0.1969 -1.2598 0.0, -0.2756 -1.378 0.0079, -0.2756 -1.2598 0.0079, -0.2756 -1.2598 0.0, -0.2756 -1.3783 0.0, -0.1982 -1.2497 0.0, -0.1982 -1.2497 0.0079, -0.2021 -1.2402 0.0, -0.2021 -1.2402 0.0079, -0.2084 -1.232 0.0, -0.2084 -1.232 0.0079, -0.2165 -1.2257 0.0, -0.2165 -1.2257 0.0079, -0.226 -1.2218 0.0, -0.226 -1.2218 0.0079, -0.2362 -1.2205 0.0, -0.2362 -1.2205 0.0079, -0.2464 -1.2218 0.0, -0.2464 -1.2218 0.0079, -0.2559 -1.2257 0.0, -0.2559 -1.2257 0.0079, -0.2641 -1.232 0.0, -0.2641 -1.232 0.0079, -0.2703 -1.2402 0.0, -0.2703 -1.2402 0.0079, -0.2742 -1.2497 0.0, -0.2742 -1.2497 0.0079, -0.4331 -1.378 0.0787, -0.4331 -1.3783 0.0787, -0.3543 -1.378 0.0787, -0.3543 -1.3783 0.0787, -0.3543 -1.378 0.0079, -0.3543 -1.3783 0.0, -0.3543 -1.2598 0.0079, -0.3543 -1.2598 0.0, -0.4331 -1.378 0.0079, -0.4331 -1.2598 0.0079, -0.4331 -1.2598 0.0, -0.4331 -1.3783 0.0, -0.3557 -1.2497 0.0, -0.3557 -1.2497 0.0079, -0.3596 -1.2402 0.0, -0.3596 -1.2402 0.0079, -0.3659 -1.232 0.0, -0.3659 -1.232 0.0079, -0.374 -1.2257 0.0, -0.374 -1.2257 0.0079, -0.3835 -1.2218 0.0, -0.3835 -1.2218 0.0079, -0.3937 -1.2205 0.0, -0.3937 -1.2205 0.0079, -0.4039 -1.2218 0.0, -0.4039 -1.2218 0.0079, -0.4134 -1.2257 0.0, -0.4134 -1.2257 0.0079, -0.4215 -1.232 0.0, -0.4215 -1.232 0.0079, -0.4278 -1.2402 0.0, -0.4278 -1.2402 0.0079, -0.4317 -1.2497 0.0, -0.4317 -1.2497 0.0079, -0.5906 -1.378 0.0787, -0.5906 -1.3783 0.0787, -0.5118 -1.378 0.0787, -0.5118 -1.3783 0.0787, -0.5118 -1.378 0.0079, -0.5118 -1.3783 0.0, -0.5118 -1.2598 0.0079, -0.5118 -1.2598 0.0, -0.5906 -1.378 0.0079, -0.5906 -1.2598 0.0079, -0.5906 -1.2598 0.0, -0.5906 -1.3783 0.0, -0.5132 -1.2497 0.0, -0.5132 -1.2497 0.0079, -0.5171 -1.2402 0.0, -0.5171 -1.2402 0.0079, -0.5233 -1.232 0.0, -0.5233 -1.232 0.0079, -0.5315 -1.2257 0.0, -0.5315 -1.2257 0.0079, -0.541 -1.2218 0.0, -0.541 -1.2218 0.0079, -0.5512 -1.2205 0.0, -0.5512 -1.2205 0.0079, -0.5614 -1.2218 0.0, -0.5614 -1.2218 0.0079, -0.5709 -1.2257 0.0, -0.5709 -1.2257 0.0079, -0.579 -1.232 0.0, -0.579 -1.232 0.0079, -0.5853 -1.2402 0.0, -0.5853 -1.2402 0.0079, -0.5892 -1.2497 0.0, -0.5892 -1.2497 0.0079, -0.748 -1.378 0.0787, -0.748 -1.3783 0.0787, -0.6693 -1.378 0.0787, -0.6693 -1.3783 0.0787, -0.6693 -1.378 0.0079, -0.6693 -1.3783 0.0, -0.6693 -1.2598 0.0079, -0.6693 -1.2598 0.0, -0.748 -1.378 0.0079, -0.748 -1.2598 0.0079, -0.748 -1.2598 0.0, -0.748 -1.3783 0.0, -0.6706 -1.2497 0.0, -0.6706 -1.2497 0.0079, -0.6746 -1.2402 0.0, -0.6746 -1.2402 0.0079, -0.6808 -1.232 0.0, -0.6808 -1.232 0.0079, -0.689 -1.2257 0.0, -0.689 -1.2257 0.0079, -0.6985 -1.2218 0.0, -0.6985 -1.2218 0.0079, -0.7087 -1.2205 0.0, -0.7087 -1.2205 0.0079, -0.7189 -1.2218 0.0, -0.7189 -1.2218 0.0079, -0.7283 -1.2257 0.0, -0.7283 -1.2257 0.0079, -0.7365 -1.232 0.0, -0.7365 -1.232 0.0079, -0.7428 -1.2402 0.0, -0.7428 -1.2402 0.0079, -0.7467 -1.2497 0.0, -0.7467 -1.2497 0.0079, 0.9843 0.9843 0.0787, 0.9846 0.9843 0.0787, 0.9843 1.063 0.0787, 0.9846 1.063 0.0787, 0.9843 0.9843 0.0079, 0.8661 0.9843 0.0079, 0.8661 0.9843 0.0, 0.9846 0.9843 0.0, 0.9843 1.063 0.0079, 0.9846 1.063 0.0, 0.8661 1.063 0.0079, 0.8661 1.063 0.0, 0.856 1.0617 0.0, 0.856 1.0617 0.0079, 0.8465 1.0577 0.0, 0.8465 1.0577 0.0079, 0.8383 1.0515 0.0, 0.8383 1.0515 0.0079, 0.832 1.0433 0.0, 0.832 1.0433 0.0079, 0.8281 1.0338 0.0, 0.8281 1.0338 0.0079, 0.8268 1.0236 0.0, 0.8268 1.0236 0.0079, 0.8281 1.0134 0.0, 0.8281 1.0134 0.0079, 0.832 1.0039 0.0, 0.832 1.0039 0.0079, 0.8383 0.9958 0.0, 0.8383 0.9958 0.0079, 0.8465 0.9895 0.0, 0.8465 0.9895 0.0079, 0.856 0.9856 0.0, 0.856 0.9856 0.0079, 0.9843 0.8268 0.0787, 0.9846 0.8268 0.0787, 0.9843 0.9055 0.0787, 0.9846 0.9055 0.0787, 0.9843 0.8268 0.0079, 0.8661 0.8268 0.0079, 0.8661 0.8268 0.0, 0.9846 0.8268 0.0, 0.9843 0.9055 0.0079, 0.9846 0.9055 0.0, 0.8661 0.9055 0.0079, 0.8661 0.9055 0.0, 0.856 0.9042 0.0, 0.856 0.9042 0.0079, 0.8465 0.9002 0.0, 0.8465 0.9002 0.0079, 0.8383 0.894 0.0, 0.8383 0.894 0.0079, 0.832 0.8858 0.0, 0.832 0.8858 0.0079, 0.8281 0.8763 0.0, 0.8281 0.8763 0.0079, 0.8268 0.8661 0.0, 0.8268 0.8661 0.0079, 0.8281 0.856 0.0, 0.8281 0.856 0.0079, 0.832 0.8465 0.0, 0.832 0.8465 0.0079, 0.8383 0.8383 0.0, 0.8383 0.8383 0.0079, 0.8465 0.832 0.0, 0.8465 0.832 0.0079, 0.856 0.8281 0.0, 0.856 0.8281 0.0079, 0.9843 0.6693 0.0787, 0.9846 0.6693 0.0787, 0.9843 0.748 0.0787, 0.9846 0.748 0.0787, 0.9843 0.6693 0.0079, 0.8661 0.6693 0.0079, 0.8661 0.6693 0.0, 0.9846 0.6693 0.0, 0.9843 0.748 0.0079, 0.9846 0.748 0.0, 0.8661 0.748 0.0079, 0.8661 0.748 0.0, 0.856 0.7467 0.0, 0.856 0.7467 0.0079, 0.8465 0.7428 0.0, 0.8465 0.7428 0.0079, 0.8383 0.7365 0.0, 0.8383 0.7365 0.0079, 0.832 0.7283 0.0, 0.832 0.7283 0.0079, 0.8281 0.7189 0.0, 0.8281 0.7189 0.0079, 0.8268 0.7087 0.0, 0.8268 0.7087 0.0079, 0.8281 0.6985 0.0, 0.8281 0.6985 0.0079, 0.832 0.689 0.0, 0.832 0.689 0.0079, 0.8383 0.6808 0.0, 0.8383 0.6808 0.0079, 0.8465 0.6746 0.0, 0.8465 0.6746 0.0079, 0.856 0.6706 0.0, 0.856 0.6706 0.0079, 0.9843 0.5118 0.0787, 0.9846 0.5118 0.0787, 0.9843 0.5906 0.0787, 0.9846 0.5906 0.0787, 0.9843 0.5118 0.0079, 0.8661 0.5118 0.0079, 0.8661 0.5118 0.0, 0.9846 0.5118 0.0, 0.9843 0.5906 0.0079, 0.9846 0.5906 0.0, 0.8661 0.5906 0.0079, 0.8661 0.5906 0.0, 0.856 0.5892 0.0, 0.856 0.5892 0.0079, 0.8465 0.5853 0.0, 0.8465 0.5853 0.0079, 0.8383 0.579 0.0, 0.8383 0.579 0.0079, 0.832 0.5709 0.0, 0.832 0.5709 0.0079, 0.8281 0.5614 0.0, 0.8281 0.5614 0.0079, 0.8268 0.5512 0.0, 0.8268 0.5512 0.0079, 0.8281 0.541 0.0, 0.8281 0.541 0.0079, 0.832 0.5315 0.0, 0.832 0.5315 0.0079, 0.8383 0.5233 0.0, 0.8383 0.5233 0.0079, 0.8465 0.5171 0.0, 0.8465 0.5171 0.0079, 0.856 0.5132 0.0, 0.856 0.5132 0.0079, 0.9843 0.3543 0.0787, 0.9846 0.3543 0.0787, 0.9843 0.4331 0.0787, 0.9846 0.4331 0.0787, 0.9843 0.3543 0.0079, 0.8661 0.3543 0.0079, 0.8661 0.3543 0.0, 0.9846 0.3543 0.0, 0.9843 0.4331 0.0079, 0.9846 0.4331 0.0, 0.8661 0.4331 0.0079, 0.8661 0.4331 0.0, 0.856 0.4317 0.0, 0.856 0.4317 0.0079, 0.8465 0.4278 0.0, 0.8465 0.4278 0.0079, 0.8383 0.4215 0.0, 0.8383 0.4215 0.0079, 0.832 0.4134 0.0, 0.832 0.4134 0.0079, 0.8281 0.4039 0.0, 0.8281 0.4039 0.0079, 0.8268 0.3937 0.0, 0.8268 0.3937 0.0079, 0.8281 0.3835 0.0, 0.8281 0.3835 0.0079, 0.832 0.374 0.0, 0.832 0.374 0.0079, 0.8383 0.3659 0.0, 0.8383 0.3659 0.0079, 0.8465 0.3596 0.0, 0.8465 0.3596 0.0079, 0.856 0.3557 0.0, 0.856 0.3557 0.0079, 0.9843 0.1969 0.0787, 0.9846 0.1969 0.0787, 0.9843 0.2756 0.0787, 0.9846 0.2756 0.0787, 0.9843 0.1969 0.0079, 0.8661 0.1969 0.0079, 0.8661 0.1969 0.0, 0.9846 0.1969 0.0, 0.9843 0.2756 0.0079, 0.9846 0.2756 0.0, 0.8661 0.2756 0.0079, 0.8661 0.2756 0.0, 0.856 0.2742 0.0, 0.856 0.2742 0.0079, 0.8465 0.2703 0.0, 0.8465 0.2703 0.0079, 0.8383 0.2641 0.0, 0.8383 0.2641 0.0079, 0.832 0.2559 0.0, 0.832 0.2559 0.0079, 0.8281 0.2464 0.0, 0.8281 0.2464 0.0079, 0.8268 0.2362 0.0, 0.8268 0.2362 0.0079, 0.8281 0.226 0.0, 0.8281 0.226 0.0079, 0.832 0.2165 0.0, 0.832 0.2165 0.0079, 0.8383 0.2084 0.0, 0.8383 0.2084 0.0079, 0.8465 0.2021 0.0, 0.8465 0.2021 0.0079, 0.856 0.1982 0.0, 0.856 0.1982 0.0079, 0.9843 -0.1181 0.0787, 0.9846 -0.1181 0.0787, 0.9843 -0.0394 0.0787, 0.9846 -0.0394 0.0787, 0.9843 -0.1181 0.0079, 0.8661 -0.1181 0.0079, 0.8661 -0.1181 0.0, 0.9846 -0.1181 0.0, 0.9843 -0.0394 0.0079, 0.9846 -0.0394 0.0, 0.8661 -0.0394 0.0079, 0.8661 -0.0394 0.0, 0.856 -0.0407 0.0, 0.856 -0.0407 0.0079, 0.8465 -0.0446 0.0, 0.8465 -0.0446 0.0079, 0.8383 -0.0509 0.0, 0.8383 -0.0509 0.0079, 0.832 -0.0591 0.0, 0.832 -0.0591 0.0079, 0.8281 -0.0686 0.0, 0.8281 -0.0686 0.0079, 0.8268 -0.0787 0.0, 0.8268 -0.0787 0.0079, 0.8281 -0.0889 0.0, 0.8281 -0.0889 0.0079, 0.832 -0.0984 0.0, 0.832 -0.0984 0.0079, 0.8383 -0.1066 0.0, 0.8383 -0.1066 0.0079, 0.8465 -0.1128 0.0, 0.8465 -0.1128 0.0079, 0.856 -0.1168 0.0, 0.856 -0.1168 0.0079, 0.9843 -0.2756 0.0787, 0.9846 -0.2756 0.0787, 0.9843 -0.1969 0.0787, 0.9846 -0.1969 0.0787, 0.9843 -0.2756 0.0079, 0.8661 -0.2756 0.0079, 0.8661 -0.2756 0.0, 0.9846 -0.2756 0.0, 0.9843 -0.1969 0.0079, 0.9846 -0.1969 0.0, 0.8661 -0.1969 0.0079, 0.8661 -0.1969 0.0, 0.856 -0.1982 0.0, 0.856 -0.1982 0.0079, 0.8465 -0.2021 0.0, 0.8465 -0.2021 0.0079, 0.8383 -0.2084 0.0, 0.8383 -0.2084 0.0079, 0.832 -0.2165 0.0, 0.832 -0.2165 0.0079, 0.8281 -0.226 0.0, 0.8281 -0.226 0.0079, 0.8268 -0.2362 0.0, 0.8268 -0.2362 0.0079, 0.8281 -0.2464 0.0, 0.8281 -0.2464 0.0079, 0.832 -0.2559 0.0, 0.832 -0.2559 0.0079, 0.8383 -0.2641 0.0, 0.8383 -0.2641 0.0079, 0.8465 -0.2703 0.0, 0.8465 -0.2703 0.0079, 0.856 -0.2742 0.0, 0.856 -0.2742 0.0079, 0.9843 -0.4331 0.0787, 0.9846 -0.4331 0.0787, 0.9843 -0.3543 0.0787, 0.9846 -0.3543 0.0787, 0.9843 -0.4331 0.0079, 0.8661 -0.4331 0.0079, 0.8661 -0.4331 0.0, 0.9846 -0.4331 0.0, 0.9843 -0.3543 0.0079, 0.9846 -0.3543 0.0, 0.8661 -0.3543 0.0079, 0.8661 -0.3543 0.0, 0.856 -0.3557 0.0, 0.856 -0.3557 0.0079, 0.8465 -0.3596 0.0, 0.8465 -0.3596 0.0079, 0.8383 -0.3659 0.0, 0.8383 -0.3659 0.0079, 0.832 -0.374 0.0, 0.832 -0.374 0.0079, 0.8281 -0.3835 0.0, 0.8281 -0.3835 0.0079, 0.8268 -0.3937 0.0, 0.8268 -0.3937 0.0079, 0.8281 -0.4039 0.0, 0.8281 -0.4039 0.0079, 0.832 -0.4134 0.0, 0.832 -0.4134 0.0079, 0.8383 -0.4215 0.0, 0.8383 -0.4215 0.0079, 0.8465 -0.4278 0.0, 0.8465 -0.4278 0.0079, 0.856 -0.4317 0.0, 0.856 -0.4317 0.0079, 0.9843 -0.5906 0.0787, 0.9846 -0.5906 0.0787, 0.9843 -0.5118 0.0787, 0.9846 -0.5118 0.0787, 0.9843 -0.5906 0.0079, 0.8661 -0.5906 0.0079, 0.8661 -0.5906 0.0, 0.9846 -0.5906 0.0, 0.9843 -0.5118 0.0079, 0.9846 -0.5118 0.0, 0.8661 -0.5118 0.0079, 0.8661 -0.5118 0.0, 0.856 -0.5132 0.0, 0.856 -0.5132 0.0079, 0.8465 -0.5171 0.0, 0.8465 -0.5171 0.0079, 0.8383 -0.5233 0.0, 0.8383 -0.5233 0.0079, 0.832 -0.5315 0.0, 0.832 -0.5315 0.0079, 0.8281 -0.541 0.0, 0.8281 -0.541 0.0079, 0.8268 -0.5512 0.0, 0.8268 -0.5512 0.0079, 0.8281 -0.5614 0.0, 0.8281 -0.5614 0.0079, 0.832 -0.5709 0.0, 0.832 -0.5709 0.0079, 0.8383 -0.579 0.0, 0.8383 -0.579 0.0079, 0.8465 -0.5853 0.0, 0.8465 -0.5853 0.0079, 0.856 -0.5892 0.0, 0.856 -0.5892 0.0079, 0.9843 -0.748 0.0787, 0.9846 -0.748 0.0787, 0.9843 -0.6693 0.0787, 0.9846 -0.6693 0.0787, 0.9843 -0.748 0.0079, 0.8661 -0.748 0.0079, 0.8661 -0.748 0.0, 0.9846 -0.748 0.0, 0.9843 -0.6693 0.0079, 0.9846 -0.6693 0.0, 0.8661 -0.6693 0.0079, 0.8661 -0.6693 0.0, 0.856 -0.6706 0.0, 0.856 -0.6706 0.0079, 0.8465 -0.6746 0.0, 0.8465 -0.6746 0.0079, 0.8383 -0.6808 0.0, 0.8383 -0.6808 0.0079, 0.832 -0.689 0.0, 0.832 -0.689 0.0079, 0.8281 -0.6985 0.0, 0.8281 -0.6985 0.0079, 0.8268 -0.7087 0.0, 0.8268 -0.7087 0.0079, 0.8281 -0.7189 0.0, 0.8281 -0.7189 0.0079, 0.832 -0.7283 0.0, 0.832 -0.7283 0.0079, 0.8383 -0.7365 0.0, 0.8383 -0.7365 0.0079, 0.8465 -0.7428 0.0, 0.8465 -0.7428 0.0079, 0.856 -0.7467 0.0, 0.856 -0.7467 0.0079, 0.9843 -0.9055 0.0787, 0.9846 -0.9055 0.0787, 0.9843 -0.8268 0.0787, 0.9846 -0.8268 0.0787, 0.9843 -0.9055 0.0079, 0.8661 -0.9055 0.0079, 0.8661 -0.9055 0.0, 0.9846 -0.9055 0.0, 0.9843 -0.8268 0.0079, 0.9846 -0.8268 0.0, 0.8661 -0.8268 0.0079, 0.8661 -0.8268 0.0, 0.856 -0.8281 0.0, 0.856 -0.8281 0.0079, 0.8465 -0.832 0.0, 0.8465 -0.832 0.0079, 0.8383 -0.8383 0.0, 0.8383 -0.8383 0.0079, 0.832 -0.8465 0.0, 0.832 -0.8465 0.0079, 0.8281 -0.856 0.0, 0.8281 -0.856 0.0079, 0.8268 -0.8661 0.0, 0.8268 -0.8661 0.0079, 0.8281 -0.8763 0.0, 0.8281 -0.8763 0.0079, 0.832 -0.8858 0.0, 0.832 -0.8858 0.0079, 0.8383 -0.894 0.0, 0.8383 -0.894 0.0079, 0.8465 -0.9002 0.0, 0.8465 -0.9002 0.0079, 0.856 -0.9042 0.0, 0.856 -0.9042 0.0079, 0.9843 -1.063 0.0787, 0.9846 -1.063 0.0787, 0.9843 -0.9843 0.0787, 0.9846 -0.9843 0.0787, 0.9843 -1.063 0.0079, 0.8661 -1.063 0.0079, 0.8661 -1.063 0.0, 0.9846 -1.063 0.0, 0.9843 -0.9843 0.0079, 0.9846 -0.9843 0.0, 0.8661 -0.9843 0.0079, 0.8661 -0.9843 0.0, 0.856 -0.9856 0.0, 0.856 -0.9856 0.0079, 0.8465 -0.9895 0.0, 0.8465 -0.9895 0.0079, 0.8383 -0.9958 0.0, 0.8383 -0.9958 0.0079, 0.832 -1.0039 0.0, 0.832 -1.0039 0.0079, 0.8281 -1.0134 0.0, 0.8281 -1.0134 0.0079, 0.8268 -1.0236 0.0, 0.8268 -1.0236 0.0079, 0.8281 -1.0338 0.0, 0.8281 -1.0338 0.0079, 0.832 -1.0433 0.0, 0.832 -1.0433 0.0079, 0.8383 -1.0515 0.0, 0.8383 -1.0515 0.0079, 0.8465 -1.0577 0.0, 0.8465 -1.0577 0.0079, 0.856 -1.0617 0.0, 0.856 -1.0617 0.0079, -0.9843 1.063 0.0787, -0.9846 1.063 0.0787, -0.9843 0.9843 0.0787, -0.9846 0.9843 0.0787, -0.9843 0.9843 0.0079, -0.9846 0.9843 0.0, -0.8661 0.9843 0.0079, -0.8661 0.9843 0.0, -0.9843 1.063 0.0079, -0.8661 1.063 0.0079, -0.8661 1.063 0.0, -0.9846 1.063 0.0, -0.856 0.9856 0.0, -0.856 0.9856 0.0079, -0.8465 0.9895 0.0, -0.8465 0.9895 0.0079, -0.8383 0.9958 0.0, -0.8383 0.9958 0.0079, -0.832 1.0039 0.0, -0.832 1.0039 0.0079, -0.8281 1.0134 0.0, -0.8281 1.0134 0.0079, -0.8268 1.0236 0.0, -0.8268 1.0236 0.0079, -0.8281 1.0338 0.0, -0.8281 1.0338 0.0079, -0.832 1.0433 0.0, -0.832 1.0433 0.0079, -0.8383 1.0515 0.0, -0.8383 1.0515 0.0079, -0.8465 1.0577 0.0, -0.8465 1.0577 0.0079, -0.856 1.0617 0.0, -0.856 1.0617 0.0079, -0.9843 0.9055 0.0787, -0.9846 0.9055 0.0787, -0.9843 0.8268 0.0787, -0.9846 0.8268 0.0787, -0.9843 0.8268 0.0079, -0.9846 0.8268 0.0, -0.8661 0.8268 0.0079, -0.8661 0.8268 0.0, -0.9843 0.9055 0.0079, -0.8661 0.9055 0.0079, -0.8661 0.9055 0.0, -0.9846 0.9055 0.0, -0.856 0.8281 0.0, -0.856 0.8281 0.0079, -0.8465 0.832 0.0, -0.8465 0.832 0.0079, -0.8383 0.8383 0.0, -0.8383 0.8383 0.0079, -0.832 0.8465 0.0, -0.832 0.8465 0.0079, -0.8281 0.856 0.0, -0.8281 0.856 0.0079, -0.8268 0.8661 0.0, -0.8268 0.8661 0.0079, -0.8281 0.8763 0.0, -0.8281 0.8763 0.0079, -0.832 0.8858 0.0, -0.832 0.8858 0.0079, -0.8383 0.894 0.0, -0.8383 0.894 0.0079, -0.8465 0.9002 0.0, -0.8465 0.9002 0.0079, -0.856 0.9042 0.0, -0.856 0.9042 0.0079, -0.9843 0.748 0.0787, -0.9846 0.748 0.0787, -0.9843 0.6693 0.0787, -0.9846 0.6693 0.0787, -0.9843 0.6693 0.0079, -0.9846 0.6693 0.0, -0.8661 0.6693 0.0079, -0.8661 0.6693 0.0, -0.9843 0.748 0.0079, -0.8661 0.748 0.0079, -0.8661 0.748 0.0, -0.9846 0.748 0.0, -0.856 0.6706 0.0, -0.856 0.6706 0.0079, -0.8465 0.6746 0.0, -0.8465 0.6746 0.0079, -0.8383 0.6808 0.0, -0.8383 0.6808 0.0079, -0.832 0.689 0.0, -0.832 0.689 0.0079, -0.8281 0.6985 0.0, -0.8281 0.6985 0.0079, -0.8268 0.7087 0.0, -0.8268 0.7087 0.0079, -0.8281 0.7189 0.0, -0.8281 0.7189 0.0079, -0.832 0.7283 0.0, -0.832 0.7283 0.0079, -0.8383 0.7365 0.0, -0.8383 0.7365 0.0079, -0.8465 0.7428 0.0, -0.8465 0.7428 0.0079, -0.856 0.7467 0.0, -0.856 0.7467 0.0079, -0.9843 0.5906 0.0787, -0.9846 0.5906 0.0787, -0.9843 0.5118 0.0787, -0.9846 0.5118 0.0787, -0.9843 0.5118 0.0079, -0.9846 0.5118 0.0, -0.8661 0.5118 0.0079, -0.8661 0.5118 0.0, -0.9843 0.5906 0.0079, -0.8661 0.5906 0.0079, -0.8661 0.5906 0.0, -0.9846 0.5906 0.0, -0.856 0.5132 0.0, -0.856 0.5132 0.0079, -0.8465 0.5171 0.0, -0.8465 0.5171 0.0079, -0.8383 0.5233 0.0, -0.8383 0.5233 0.0079, -0.832 0.5315 0.0, -0.832 0.5315 0.0079, -0.8281 0.541 0.0, -0.8281 0.541 0.0079, -0.8268 0.5512 0.0, -0.8268 0.5512 0.0079, -0.8281 0.5614 0.0, -0.8281 0.5614 0.0079, -0.832 0.5709 0.0, -0.832 0.5709 0.0079, -0.8383 0.579 0.0, -0.8383 0.579 0.0079, -0.8465 0.5853 0.0, -0.8465 0.5853 0.0079, -0.856 0.5892 0.0, -0.856 0.5892 0.0079, -0.9843 0.4331 0.0787, -0.9846 0.4331 0.0787, -0.9843 0.3543 0.0787, -0.9846 0.3543 0.0787, -0.9843 0.3543 0.0079, -0.9846 0.3543 0.0, -0.8661 0.3543 0.0079, -0.8661 0.3543 0.0, -0.9843 0.4331 0.0079, -0.8661 0.4331 0.0079, -0.8661 0.4331 0.0, -0.9846 0.4331 0.0, -0.856 0.3557 0.0, -0.856 0.3557 0.0079, -0.8465 0.3596 0.0, -0.8465 0.3596 0.0079, -0.8383 0.3659 0.0, -0.8383 0.3659 0.0079, -0.832 0.374 0.0, -0.832 0.374 0.0079, -0.8281 0.3835 0.0, -0.8281 0.3835 0.0079, -0.8268 0.3937 0.0, -0.8268 0.3937 0.0079, -0.8281 0.4039 0.0, -0.8281 0.4039 0.0079, -0.832 0.4134 0.0, -0.832 0.4134 0.0079, -0.8383 0.4215 0.0, -0.8383 0.4215 0.0079, -0.8465 0.4278 0.0, -0.8465 0.4278 0.0079, -0.856 0.4317 0.0, -0.856 0.4317 0.0079, -0.9843 0.2756 0.0787, -0.9846 0.2756 0.0787, -0.9843 0.1969 0.0787, -0.9846 0.1969 0.0787, -0.9843 0.1969 0.0079, -0.9846 0.1969 0.0, -0.8661 0.1969 0.0079, -0.8661 0.1969 0.0, -0.9843 0.2756 0.0079, -0.8661 0.2756 0.0079, -0.8661 0.2756 0.0, -0.9846 0.2756 0.0, -0.856 0.1982 0.0, -0.856 0.1982 0.0079, -0.8465 0.2021 0.0, -0.8465 0.2021 0.0079, -0.8383 0.2084 0.0, -0.8383 0.2084 0.0079, -0.832 0.2165 0.0, -0.832 0.2165 0.0079, -0.8281 0.226 0.0, -0.8281 0.226 0.0079, -0.8268 0.2362 0.0, -0.8268 0.2362 0.0079, -0.8281 0.2464 0.0, -0.8281 0.2464 0.0079, -0.832 0.2559 0.0, -0.832 0.2559 0.0079, -0.8383 0.2641 0.0, -0.8383 0.2641 0.0079, -0.8465 0.2703 0.0, -0.8465 0.2703 0.0079, -0.856 0.2742 0.0, -0.856 0.2742 0.0079, -0.9843 0.1181 0.0787, -0.9846 0.1181 0.0787, -0.9843 0.0394 0.0787, -0.9846 0.0394 0.0787, -0.9843 0.0394 0.0079, -0.9846 0.0394 0.0, -0.8661 0.0394 0.0079, -0.8661 0.0394 0.0, -0.9843 0.1181 0.0079, -0.8661 0.1181 0.0079, -0.8661 0.1181 0.0, -0.9846 0.1181 0.0, -0.856 0.0407 0.0, -0.856 0.0407 0.0079, -0.8465 0.0446 0.0, -0.8465 0.0446 0.0079, -0.8383 0.0509 0.0, -0.8383 0.0509 0.0079, -0.832 0.0591 0.0, -0.832 0.0591 0.0079, -0.8281 0.0686 0.0, -0.8281 0.0686 0.0079, -0.8268 0.0787 0.0, -0.8268 0.0787 0.0079, -0.8281 0.0889 0.0, -0.8281 0.0889 0.0079, -0.832 0.0984 0.0, -0.832 0.0984 0.0079, -0.8383 0.1066 0.0, -0.8383 0.1066 0.0079, -0.8465 0.1128 0.0, -0.8465 0.1128 0.0079, -0.856 0.1168 0.0, -0.856 0.1168 0.0079, -0.9843 -0.0394 0.0787, -0.9846 -0.0394 0.0787, -0.9843 -0.1181 0.0787, -0.9846 -0.1181 0.0787, -0.9843 -0.1181 0.0079, -0.9846 -0.1181 0.0, -0.8661 -0.1181 0.0079, -0.8661 -0.1181 0.0, -0.9843 -0.0394 0.0079, -0.8661 -0.0394 0.0079, -0.8661 -0.0394 0.0, -0.9846 -0.0394 0.0, -0.856 -0.1168 0.0, -0.856 -0.1168 0.0079, -0.8465 -0.1128 0.0, -0.8465 -0.1128 0.0079, -0.8383 -0.1066 0.0, -0.8383 -0.1066 0.0079, -0.832 -0.0984 0.0, -0.832 -0.0984 0.0079, -0.8281 -0.0889 0.0, -0.8281 -0.0889 0.0079, -0.8268 -0.0787 0.0, -0.8268 -0.0787 0.0079, -0.8281 -0.0686 0.0, -0.8281 -0.0686 0.0079, -0.832 -0.0591 0.0, -0.832 -0.0591 0.0079, -0.8383 -0.0509 0.0, -0.8383 -0.0509 0.0079, -0.8465 -0.0446 0.0, -0.8465 -0.0446 0.0079, -0.856 -0.0407 0.0, -0.856 -0.0407 0.0079, -0.9843 -0.1969 0.0787, -0.9846 -0.1969 0.0787, -0.9843 -0.2756 0.0787, -0.9846 -0.2756 0.0787, -0.9843 -0.2756 0.0079, -0.9846 -0.2756 0.0, -0.8661 -0.2756 0.0079, -0.8661 -0.2756 0.0, -0.9843 -0.1969 0.0079, -0.8661 -0.1969 0.0079, -0.8661 -0.1969 0.0, -0.9846 -0.1969 0.0, -0.856 -0.2742 0.0, -0.856 -0.2742 0.0079, -0.8465 -0.2703 0.0, -0.8465 -0.2703 0.0079, -0.8383 -0.2641 0.0, -0.8383 -0.2641 0.0079, -0.832 -0.2559 0.0, -0.832 -0.2559 0.0079, -0.8281 -0.2464 0.0, -0.8281 -0.2464 0.0079, -0.8268 -0.2362 0.0, -0.8268 -0.2362 0.0079, -0.8281 -0.226 0.0, -0.8281 -0.226 0.0079, -0.832 -0.2165 0.0, -0.832 -0.2165 0.0079, -0.8383 -0.2084 0.0, -0.8383 -0.2084 0.0079, -0.8465 -0.2021 0.0, -0.8465 -0.2021 0.0079, -0.856 -0.1982 0.0, -0.856 -0.1982 0.0079, -0.9843 -0.5118 0.0787, -0.9846 -0.5118 0.0787, -0.9843 -0.5906 0.0787, -0.9846 -0.5906 0.0787, -0.9843 -0.5906 0.0079, -0.9846 -0.5906 0.0, -0.8661 -0.5906 0.0079, -0.8661 -0.5906 0.0, -0.9843 -0.5118 0.0079, -0.8661 -0.5118 0.0079, -0.8661 -0.5118 0.0, -0.9846 -0.5118 0.0, -0.856 -0.5892 0.0, -0.856 -0.5892 0.0079, -0.8465 -0.5853 0.0, -0.8465 -0.5853 0.0079, -0.8383 -0.579 0.0, -0.8383 -0.579 0.0079, -0.832 -0.5709 0.0, -0.832 -0.5709 0.0079, -0.8281 -0.5614 0.0, -0.8281 -0.5614 0.0079, -0.8268 -0.5512 0.0, -0.8268 -0.5512 0.0079, -0.8281 -0.541 0.0, -0.8281 -0.541 0.0079, -0.832 -0.5315 0.0, -0.832 -0.5315 0.0079, -0.8383 -0.5233 0.0, -0.8383 -0.5233 0.0079, -0.8465 -0.5171 0.0, -0.8465 -0.5171 0.0079, -0.856 -0.5132 0.0, -0.856 -0.5132 0.0079, -0.9843 -0.6693 0.0787, -0.9846 -0.6693 0.0787, -0.9843 -0.748 0.0787, -0.9846 -0.748 0.0787, -0.9843 -0.748 0.0079, -0.9846 -0.748 0.0, -0.8661 -0.748 0.0079, -0.8661 -0.748 0.0, -0.9843 -0.6693 0.0079, -0.8661 -0.6693 0.0079, -0.8661 -0.6693 0.0, -0.9846 -0.6693 0.0, -0.856 -0.7467 0.0, -0.856 -0.7467 0.0079, -0.8465 -0.7428 0.0, -0.8465 -0.7428 0.0079, -0.8383 -0.7365 0.0, -0.8383 -0.7365 0.0079, -0.832 -0.7283 0.0, -0.832 -0.7283 0.0079, -0.8281 -0.7189 0.0, -0.8281 -0.7189 0.0079, -0.8268 -0.7087 0.0, -0.8268 -0.7087 0.0079, -0.8281 -0.6985 0.0, -0.8281 -0.6985 0.0079, -0.832 -0.689 0.0, -0.832 -0.689 0.0079, -0.8383 -0.6808 0.0, -0.8383 -0.6808 0.0079, -0.8465 -0.6746 0.0, -0.8465 -0.6746 0.0079, -0.856 -0.6706 0.0, -0.856 -0.6706 0.0079, -0.9843 -0.8268 0.0787, -0.9846 -0.8268 0.0787, -0.9843 -0.9055 0.0787, -0.9846 -0.9055 0.0787, -0.9843 -0.9055 0.0079, -0.9846 -0.9055 0.0, -0.8661 -0.9055 0.0079, -0.8661 -0.9055 0.0, -0.9843 -0.8268 0.0079, -0.8661 -0.8268 0.0079, -0.8661 -0.8268 0.0, -0.9846 -0.8268 0.0, -0.856 -0.9042 0.0, -0.856 -0.9042 0.0079, -0.8465 -0.9002 0.0, -0.8465 -0.9002 0.0079, -0.8383 -0.894 0.0, -0.8383 -0.894 0.0079, -0.832 -0.8858 0.0, -0.832 -0.8858 0.0079, -0.8281 -0.8763 0.0, -0.8281 -0.8763 0.0079, -0.8268 -0.8661 0.0, -0.8268 -0.8661 0.0079, -0.8281 -0.856 0.0, -0.8281 -0.856 0.0079, -0.832 -0.8465 0.0, -0.832 -0.8465 0.0079, -0.8383 -0.8383 0.0, -0.8383 -0.8383 0.0079, -0.8465 -0.832 0.0, -0.8465 -0.832 0.0079, -0.856 -0.8281 0.0, -0.856 -0.8281 0.0079, -0.9843 -0.9843 0.0787, -0.9846 -0.9843 0.0787, -0.9843 -1.063 0.0787, -0.9846 -1.063 0.0787, -0.9843 -1.063 0.0079, -0.9846 -1.063 0.0, -0.8661 -1.063 0.0079, -0.8661 -1.063 0.0, -0.9843 -0.9843 0.0079, -0.8661 -0.9843 0.0079, -0.8661 -0.9843 0.0, -0.9846 -0.9843 0.0, -0.856 -1.0617 0.0, -0.856 -1.0617 0.0079, -0.8465 -1.0577 0.0, -0.8465 -1.0577 0.0079, -0.8383 -1.0515 0.0, -0.8383 -1.0515 0.0079, -0.832 -1.0433 0.0, -0.832 -1.0433 0.0079, -0.8281 -1.0338 0.0, -0.8281 -1.0338 0.0079, -0.8268 -1.0236 0.0, -0.8268 -1.0236 0.0079, -0.8281 -1.0134 0.0, -0.8281 -1.0134 0.0079, -0.832 -1.0039 0.0, -0.832 -1.0039 0.0079, -0.8383 -0.9958 0.0, -0.8383 -0.9958 0.0079, -0.8465 -0.9895 0.0, -0.8465 -0.9895 0.0079, -0.856 -0.9856 0.0, -0.856 -0.9856 0.0079, 0.7283 0.1378 0.0, 0.7283 0.9646 0.0, 0.7283 0.1378 0.0079, 0.7283 0.9646 0.0079, -0.7283 0.1378 0.0, -0.7283 0.1378 0.0079, -0.7283 0.8465 0.0, -0.7283 0.8465 0.0079, -0.6102 0.9646 0.0, -0.6102 0.9646 0.0079, -0.5709 -0.1181 0.0, -0.5709 -0.9646 0.0, -0.5709 -0.1181 0.0079, -0.5709 -0.9646 0.0079, 0.5709 -0.1181 0.0, 0.5709 -0.1181 0.0079, 0.5709 -0.9646 0.0, 0.5709 -0.9646 0.0079
            ]
        }
        coordIndex [
            0,1,2,-1,2,1,3,-1,2,3,4,-1,4,3,5,-1,4,5,6,-1,6,5,7,-1,1,0,8,-1,9,10,8,-1,8,10,11,-1,8,11,1,-1,3,1,5,-1,5,1,11,-1,6,7,12,-1,6,12,13,-1,13,12,14,-1,13,14,15,-1,15,14,16,-1,15,16,17,-1,17,16,18,-1,17,18,19,-1,19,18,20,-1,19,20,21,-1,21,20,22,-1,21,22,23,-1,23,22,24,-1,23,24,25,-1,25,24,26,-1,25,26,27,-1,27,26,28,-1,27,28,29,-1,29,28,30,-1,29,30,31,-1,31,30,32,-1,31,32,33,-1,33,32,10,-1,33,10,9,-1,7,5,11,-1,11,10,7,-1,7,10,32,-1,7,32,30,-1,30,28,7,-1,7,28,26,-1,7,26,24,-1,24,22,7,-1,7,22,20,-1,7,20,12,-1,12,20,18,-1,12,18,14,-1,14,18,16,-1,34,35,36,-1,36,35,37,-1,36,37,38,-1,38,37,39,-1,38,39,40,-1,40,39,41,-1,35,34,42,-1,43,44,42,-1,42,44,45,-1,42,45,35,-1,37,35,39,-1,39,35,45,-1,40,41,46,-1,40,46,47,-1,47,46,48,-1,47,48,49,-1,49,48,50,-1,49,50,51,-1,51,50,52,-1,51,52,53,-1,53,52,54,-1,53,54,55,-1,55,54,56,-1,55,56,57,-1,57,56,58,-1,57,58,59,-1,59,58,60,-1,59,60,61,-1,61,60,62,-1,61,62,63,-1,63,62,64,-1,63,64,65,-1,65,64,66,-1,65,66,67,-1,67,66,44,-1,67,44,43,-1,41,39,45,-1,45,44,41,-1,41,44,66,-1,41,66,64,-1,64,62,41,-1,41,62,60,-1,41,60,58,-1,58,56,41,-1,41,56,54,-1,41,54,46,-1,46,54,52,-1,46,52,48,-1,48,52,50,-1,68,69,70,-1,70,69,71,-1,70,71,72,-1,72,71,73,-1,72,73,74,-1,74,73,75,-1,69,68,76,-1,77,78,76,-1,76,78,79,-1,76,79,69,-1,71,69,73,-1,73,69,79,-1,74,75,80,-1,74,80,81,-1,81,80,82,-1,81,82,83,-1,83,82,84,-1,83,84,85,-1,85,84,86,-1,85,86,87,-1,87,86,88,-1,87,88,89,-1,89,88,90,-1,89,90,91,-1,91,90,92,-1,91,92,93,-1,93,92,94,-1,93,94,95,-1,95,94,96,-1,95,96,97,-1,97,96,98,-1,97,98,99,-1,99,98,100,-1,99,100,101,-1,101,100,78,-1,101,78,77,-1,75,73,79,-1,79,78,75,-1,75,78,100,-1,75,100,98,-1,98,96,75,-1,75,96,94,-1,75,94,92,-1,82,88,84,-1,84,88,86,-1,92,90,75,-1,75,90,88,-1,75,88,80,-1,80,88,82,-1,102,103,104,-1,104,103,105,-1,104,105,106,-1,106,105,107,-1,106,107,108,-1,108,107,109,-1,103,102,110,-1,111,112,110,-1,110,112,113,-1,110,113,103,-1,105,103,107,-1,107,103,113,-1,108,109,114,-1,108,114,115,-1,115,114,116,-1,115,116,117,-1,117,116,118,-1,117,118,119,-1,119,118,120,-1,119,120,121,-1,121,120,122,-1,121,122,123,-1,123,122,124,-1,123,124,125,-1,125,124,126,-1,125,126,127,-1,127,126,128,-1,127,128,129,-1,129,128,130,-1,129,130,131,-1,131,130,132,-1,131,132,133,-1,133,132,134,-1,133,134,135,-1,135,134,112,-1,135,112,111,-1,128,126,109,-1,107,113,109,-1,109,113,112,-1,109,112,134,-1,126,124,109,-1,109,124,122,-1,109,122,114,-1,134,132,109,-1,109,132,130,-1,109,130,128,-1,120,118,122,-1,122,118,116,-1,122,116,114,-1,136,137,138,-1,138,137,139,-1,138,139,140,-1,140,139,141,-1,140,141,142,-1,142,141,143,-1,137,136,144,-1,145,146,144,-1,144,146,147,-1,144,147,137,-1,139,137,141,-1,141,137,147,-1,142,143,148,-1,142,148,149,-1,149,148,150,-1,149,150,151,-1,151,150,152,-1,151,152,153,-1,153,152,154,-1,153,154,155,-1,155,154,156,-1,155,156,157,-1,157,156,158,-1,157,158,159,-1,159,158,160,-1,159,160,161,-1,161,160,162,-1,161,162,163,-1,163,162,164,-1,163,164,165,-1,165,164,166,-1,165,166,167,-1,167,166,168,-1,167,168,169,-1,169,168,146,-1,169,146,145,-1,141,147,143,-1,143,147,146,-1,158,156,143,-1,146,168,143,-1,143,168,166,-1,143,166,164,-1,156,154,143,-1,143,154,152,-1,143,152,148,-1,148,152,150,-1,164,162,143,-1,143,162,160,-1,143,160,158,-1,170,171,172,-1,172,171,173,-1,172,173,174,-1,174,173,175,-1,174,175,176,-1,176,175,177,-1,171,170,178,-1,179,180,178,-1,178,180,181,-1,178,181,171,-1,173,171,175,-1,175,171,181,-1,176,177,182,-1,176,182,183,-1,183,182,184,-1,183,184,185,-1,185,184,186,-1,185,186,187,-1,187,186,188,-1,187,188,189,-1,189,188,190,-1,189,190,191,-1,191,190,192,-1,191,192,193,-1,193,192,194,-1,193,194,195,-1,195,194,196,-1,195,196,197,-1,197,196,198,-1,197,198,199,-1,199,198,200,-1,199,200,201,-1,201,200,202,-1,201,202,203,-1,203,202,180,-1,203,180,179,-1,182,177,190,-1,175,181,177,-1,177,181,180,-1,190,177,192,-1,180,202,177,-1,177,202,200,-1,177,200,198,-1,198,196,177,-1,177,196,194,-1,177,194,192,-1,188,186,190,-1,190,186,184,-1,190,184,182,-1,204,205,206,-1,206,205,207,-1,206,207,208,-1,208,207,209,-1,208,209,210,-1,210,209,211,-1,205,204,212,-1,213,214,212,-1,212,214,215,-1,212,215,205,-1,207,205,209,-1,209,205,215,-1,210,211,216,-1,210,216,217,-1,217,216,218,-1,217,218,219,-1,219,218,220,-1,219,220,221,-1,221,220,222,-1,221,222,223,-1,223,222,224,-1,223,224,225,-1,225,224,226,-1,225,226,227,-1,227,226,228,-1,227,228,229,-1,229,228,230,-1,229,230,231,-1,231,230,232,-1,231,232,233,-1,233,232,234,-1,233,234,235,-1,235,234,236,-1,235,236,237,-1,237,236,214,-1,237,214,213,-1,230,228,211,-1,209,215,211,-1,211,215,214,-1,211,214,236,-1,228,226,211,-1,211,226,224,-1,211,224,216,-1,236,234,211,-1,211,234,232,-1,211,232,230,-1,222,220,224,-1,224,220,218,-1,224,218,216,-1,238,239,240,-1,240,239,241,-1,240,241,242,-1,242,241,243,-1,242,243,244,-1,244,243,245,-1,239,238,246,-1,247,248,246,-1,246,248,249,-1,246,249,239,-1,241,239,243,-1,243,239,249,-1,244,245,250,-1,244,250,251,-1,251,250,252,-1,251,252,253,-1,253,252,254,-1,253,254,255,-1,255,254,256,-1,255,256,257,-1,257,256,258,-1,257,258,259,-1,259,258,260,-1,259,260,261,-1,261,260,262,-1,261,262,263,-1,263,262,264,-1,263,264,265,-1,265,264,266,-1,265,266,267,-1,267,266,268,-1,267,268,269,-1,269,268,270,-1,269,270,271,-1,271,270,248,-1,271,248,247,-1,264,262,245,-1,243,249,245,-1,245,249,248,-1,245,248,270,-1,270,268,245,-1,245,268,266,-1,245,266,264,-1,262,260,245,-1,245,260,258,-1,245,258,250,-1,250,258,256,-1,250,256,252,-1,252,256,254,-1,272,273,274,-1,274,273,275,-1,274,275,276,-1,276,275,277,-1,276,277,278,-1,278,277,279,-1,273,272,280,-1,281,282,280,-1,280,282,283,-1,280,283,273,-1,275,273,277,-1,277,273,283,-1,278,279,284,-1,278,284,285,-1,285,284,286,-1,285,286,287,-1,287,286,288,-1,287,288,289,-1,289,288,290,-1,289,290,291,-1,291,290,292,-1,291,292,293,-1,293,292,294,-1,293,294,295,-1,295,294,296,-1,295,296,297,-1,297,296,298,-1,297,298,299,-1,299,298,300,-1,299,300,301,-1,301,300,302,-1,301,302,303,-1,303,302,304,-1,303,304,305,-1,305,304,282,-1,305,282,281,-1,279,277,283,-1,283,282,279,-1,279,282,304,-1,279,304,302,-1,302,300,279,-1,279,300,298,-1,279,298,296,-1,296,294,279,-1,279,294,292,-1,279,292,284,-1,284,292,290,-1,284,290,286,-1,286,290,288,-1,306,307,308,-1,308,307,309,-1,308,309,310,-1,310,309,311,-1,310,311,312,-1,312,311,313,-1,307,306,314,-1,315,316,314,-1,314,316,317,-1,314,317,307,-1,309,307,311,-1,311,307,317,-1,312,313,318,-1,312,318,319,-1,319,318,320,-1,319,320,321,-1,321,320,322,-1,321,322,323,-1,323,322,324,-1,323,324,325,-1,325,324,326,-1,325,326,327,-1,327,326,328,-1,327,328,329,-1,329,328,330,-1,329,330,331,-1,331,330,332,-1,331,332,333,-1,333,332,334,-1,333,334,335,-1,335,334,336,-1,335,336,337,-1,337,336,338,-1,337,338,339,-1,339,338,316,-1,339,316,315,-1,313,311,317,-1,317,316,313,-1,313,316,338,-1,313,338,336,-1,336,334,313,-1,313,334,332,-1,313,332,330,-1,330,328,313,-1,313,328,326,-1,313,326,318,-1,318,326,324,-1,318,324,320,-1,320,324,322,-1,340,341,342,-1,342,341,343,-1,342,343,344,-1,344,343,345,-1,344,345,346,-1,346,345,347,-1,341,340,348,-1,349,350,348,-1,348,350,351,-1,348,351,341,-1,343,341,345,-1,345,341,351,-1,346,347,352,-1,346,352,353,-1,353,352,354,-1,353,354,355,-1,355,354,356,-1,355,356,357,-1,357,356,358,-1,357,358,359,-1,359,358,360,-1,359,360,361,-1,361,360,362,-1,361,362,363,-1,363,362,364,-1,363,364,365,-1,365,364,366,-1,365,366,367,-1,367,366,368,-1,367,368,369,-1,369,368,370,-1,369,370,371,-1,371,370,372,-1,371,372,373,-1,373,372,350,-1,373,350,349,-1,352,347,360,-1,345,351,347,-1,347,351,350,-1,360,347,362,-1,350,372,347,-1,347,372,370,-1,347,370,368,-1,368,366,347,-1,347,366,364,-1,347,364,362,-1,358,356,360,-1,360,356,354,-1,360,354,352,-1,374,375,376,-1,376,375,377,-1,376,377,378,-1,378,377,379,-1,378,379,380,-1,380,379,381,-1,375,374,382,-1,383,384,382,-1,382,384,385,-1,382,385,375,-1,377,375,379,-1,379,375,385,-1,380,381,386,-1,380,386,387,-1,387,386,388,-1,387,388,389,-1,389,388,390,-1,389,390,391,-1,391,390,392,-1,391,392,393,-1,393,392,394,-1,393,394,395,-1,395,394,396,-1,395,396,397,-1,397,396,398,-1,397,398,399,-1,399,398,400,-1,399,400,401,-1,401,400,402,-1,401,402,403,-1,403,402,404,-1,403,404,405,-1,405,404,406,-1,405,406,407,-1,407,406,384,-1,407,384,383,-1,379,385,381,-1,381,385,384,-1,390,384,392,-1,392,384,394,-1,398,404,400,-1,400,404,402,-1,384,406,394,-1,394,406,404,-1,394,404,396,-1,396,404,398,-1,390,388,384,-1,384,388,386,-1,384,386,381,-1,408,409,410,-1,410,409,411,-1,410,411,412,-1,412,411,413,-1,412,413,414,-1,414,413,415,-1,409,408,416,-1,417,418,416,-1,416,418,419,-1,416,419,409,-1,411,409,413,-1,413,409,419,-1,414,415,420,-1,414,420,421,-1,421,420,422,-1,421,422,423,-1,423,422,424,-1,423,424,425,-1,425,424,426,-1,425,426,427,-1,427,426,428,-1,427,428,429,-1,429,428,430,-1,429,430,431,-1,431,430,432,-1,431,432,433,-1,433,432,434,-1,433,434,435,-1,435,434,436,-1,435,436,437,-1,437,436,438,-1,437,438,439,-1,439,438,440,-1,439,440,441,-1,441,440,418,-1,441,418,417,-1,420,415,428,-1,413,419,415,-1,415,419,418,-1,428,415,430,-1,418,440,415,-1,415,440,438,-1,415,438,436,-1,436,434,415,-1,415,434,432,-1,415,432,430,-1,426,424,428,-1,428,424,422,-1,428,422,420,-1,442,443,444,-1,444,443,445,-1,444,445,446,-1,446,445,447,-1,446,447,448,-1,448,447,449,-1,443,442,450,-1,451,452,450,-1,450,452,453,-1,450,453,443,-1,445,443,447,-1,447,443,453,-1,448,449,454,-1,448,454,455,-1,455,454,456,-1,455,456,457,-1,457,456,458,-1,457,458,459,-1,459,458,460,-1,459,460,461,-1,461,460,462,-1,461,462,463,-1,463,462,464,-1,463,464,465,-1,465,464,466,-1,465,466,467,-1,467,466,468,-1,467,468,469,-1,469,468,470,-1,469,470,471,-1,471,470,472,-1,471,472,473,-1,473,472,474,-1,473,474,475,-1,475,474,452,-1,475,452,451,-1,454,449,462,-1,447,453,449,-1,449,453,452,-1,462,449,464,-1,452,474,449,-1,449,474,472,-1,449,472,470,-1,470,468,449,-1,449,468,466,-1,449,466,464,-1,460,458,462,-1,462,458,456,-1,462,456,454,-1,476,477,478,-1,478,477,479,-1,478,479,480,-1,480,479,481,-1,480,481,482,-1,482,481,483,-1,477,476,484,-1,485,486,484,-1,484,486,487,-1,484,487,477,-1,479,477,481,-1,481,477,487,-1,482,483,488,-1,482,488,489,-1,489,488,490,-1,489,490,491,-1,491,490,492,-1,491,492,493,-1,493,492,494,-1,493,494,495,-1,495,494,496,-1,495,496,497,-1,497,496,498,-1,497,498,499,-1,499,498,500,-1,499,500,501,-1,501,500,502,-1,501,502,503,-1,503,502,504,-1,503,504,505,-1,505,504,506,-1,505,506,507,-1,507,506,508,-1,507,508,509,-1,509,508,486,-1,509,486,485,-1,488,483,496,-1,481,487,483,-1,483,487,486,-1,496,483,498,-1,486,508,483,-1,483,508,506,-1,483,506,504,-1,504,502,483,-1,483,502,500,-1,483,500,498,-1,494,492,496,-1,496,492,490,-1,496,490,488,-1,510,511,512,-1,512,511,513,-1,512,513,514,-1,514,513,515,-1,514,515,516,-1,516,515,517,-1,511,510,518,-1,519,520,518,-1,518,520,521,-1,518,521,511,-1,513,511,515,-1,515,511,521,-1,516,517,522,-1,516,522,523,-1,523,522,524,-1,523,524,525,-1,525,524,526,-1,525,526,527,-1,527,526,528,-1,527,528,529,-1,529,528,530,-1,529,530,531,-1,531,530,532,-1,531,532,533,-1,533,532,534,-1,533,534,535,-1,535,534,536,-1,535,536,537,-1,537,536,538,-1,537,538,539,-1,539,538,540,-1,539,540,541,-1,541,540,542,-1,541,542,543,-1,543,542,520,-1,543,520,519,-1,522,517,530,-1,515,521,517,-1,517,521,520,-1,530,517,532,-1,520,542,517,-1,517,542,540,-1,517,540,538,-1,538,536,517,-1,517,536,534,-1,517,534,532,-1,528,526,530,-1,530,526,524,-1,530,524,522,-1,544,545,546,-1,546,545,547,-1,546,547,548,-1,548,547,549,-1,548,549,550,-1,550,549,551,-1,545,544,552,-1,553,554,552,-1,552,554,555,-1,552,555,545,-1,547,545,549,-1,549,545,555,-1,550,551,556,-1,550,556,557,-1,557,556,558,-1,557,558,559,-1,559,558,560,-1,559,560,561,-1,561,560,562,-1,561,562,563,-1,563,562,564,-1,563,564,565,-1,565,564,566,-1,565,566,567,-1,567,566,568,-1,567,568,569,-1,569,568,570,-1,569,570,571,-1,571,570,572,-1,571,572,573,-1,573,572,574,-1,573,574,575,-1,575,574,576,-1,575,576,577,-1,577,576,554,-1,577,554,553,-1,556,551,564,-1,549,555,551,-1,551,555,554,-1,564,551,566,-1,554,576,551,-1,551,576,574,-1,551,574,572,-1,572,570,551,-1,551,570,568,-1,551,568,566,-1,562,560,564,-1,564,560,558,-1,564,558,556,-1,578,579,580,-1,580,579,581,-1,580,581,582,-1,582,581,583,-1,582,583,584,-1,584,583,585,-1,579,578,586,-1,587,588,586,-1,586,588,589,-1,586,589,579,-1,581,579,583,-1,583,579,589,-1,584,585,590,-1,584,590,591,-1,591,590,592,-1,591,592,593,-1,593,592,594,-1,593,594,595,-1,595,594,596,-1,595,596,597,-1,597,596,598,-1,597,598,599,-1,599,598,600,-1,599,600,601,-1,601,600,602,-1,601,602,603,-1,603,602,604,-1,603,604,605,-1,605,604,606,-1,605,606,607,-1,607,606,608,-1,607,608,609,-1,609,608,610,-1,609,610,611,-1,611,610,588,-1,611,588,587,-1,590,585,598,-1,583,589,585,-1,585,589,588,-1,598,585,600,-1,588,610,585,-1,585,610,608,-1,585,608,606,-1,606,604,585,-1,585,604,602,-1,585,602,600,-1,596,594,598,-1,598,594,592,-1,598,592,590,-1,612,613,614,-1,614,613,615,-1,614,615,616,-1,616,615,617,-1,616,617,618,-1,618,617,619,-1,613,612,620,-1,621,622,620,-1,620,622,623,-1,620,623,613,-1,615,613,617,-1,617,613,623,-1,618,619,624,-1,618,624,625,-1,625,624,626,-1,625,626,627,-1,627,626,628,-1,627,628,629,-1,629,628,630,-1,629,630,631,-1,631,630,632,-1,631,632,633,-1,633,632,634,-1,633,634,635,-1,635,634,636,-1,635,636,637,-1,637,636,638,-1,637,638,639,-1,639,638,640,-1,639,640,641,-1,641,640,642,-1,641,642,643,-1,643,642,644,-1,643,644,645,-1,645,644,622,-1,645,622,621,-1,624,619,632,-1,617,623,619,-1,619,623,622,-1,632,619,634,-1,622,644,619,-1,619,644,642,-1,619,642,640,-1,640,638,619,-1,619,638,636,-1,619,636,634,-1,630,628,632,-1,632,628,626,-1,632,626,624,-1,646,647,648,-1,648,647,649,-1,647,646,650,-1,651,652,650,-1,650,652,653,-1,650,653,647,-1,648,649,654,-1,654,649,655,-1,654,655,656,-1,656,655,657,-1,649,647,655,-1,655,647,653,-1,656,657,658,-1,656,658,659,-1,659,658,660,-1,659,660,661,-1,661,660,662,-1,661,662,663,-1,663,662,664,-1,663,664,665,-1,665,664,666,-1,665,666,667,-1,667,666,668,-1,667,668,669,-1,669,668,670,-1,669,670,671,-1,671,670,672,-1,671,672,673,-1,673,672,674,-1,673,674,675,-1,675,674,676,-1,675,676,677,-1,677,676,678,-1,677,678,679,-1,679,678,652,-1,679,652,651,-1,657,655,653,-1,653,652,657,-1,657,652,678,-1,657,678,676,-1,672,670,668,-1,666,664,676,-1,676,664,662,-1,666,676,668,-1,668,676,674,-1,668,674,672,-1,662,660,676,-1,676,660,658,-1,676,658,657,-1,680,681,682,-1,682,681,683,-1,681,680,684,-1,685,686,684,-1,684,686,687,-1,684,687,681,-1,682,683,688,-1,688,683,689,-1,688,689,690,-1,690,689,691,-1,683,681,689,-1,689,681,687,-1,690,691,692,-1,690,692,693,-1,693,692,694,-1,693,694,695,-1,695,694,696,-1,695,696,697,-1,697,696,698,-1,697,698,699,-1,699,698,700,-1,699,700,701,-1,701,700,702,-1,701,702,703,-1,703,702,704,-1,703,704,705,-1,705,704,706,-1,705,706,707,-1,707,706,708,-1,707,708,709,-1,709,708,710,-1,709,710,711,-1,711,710,712,-1,711,712,713,-1,713,712,686,-1,713,686,685,-1,691,689,687,-1,687,686,691,-1,691,686,712,-1,691,712,710,-1,706,704,702,-1,700,698,710,-1,710,698,696,-1,700,710,702,-1,702,710,708,-1,702,708,706,-1,696,694,710,-1,710,694,692,-1,710,692,691,-1,714,715,716,-1,716,715,717,-1,715,714,718,-1,719,720,718,-1,718,720,721,-1,718,721,715,-1,716,717,722,-1,722,717,723,-1,722,723,724,-1,724,723,725,-1,717,715,723,-1,723,715,721,-1,724,725,726,-1,724,726,727,-1,727,726,728,-1,727,728,729,-1,729,728,730,-1,729,730,731,-1,731,730,732,-1,731,732,733,-1,733,732,734,-1,733,734,735,-1,735,734,736,-1,735,736,737,-1,737,736,738,-1,737,738,739,-1,739,738,740,-1,739,740,741,-1,741,740,742,-1,741,742,743,-1,743,742,744,-1,743,744,745,-1,745,744,746,-1,745,746,747,-1,747,746,720,-1,747,720,719,-1,725,723,721,-1,738,736,725,-1,721,720,725,-1,725,720,746,-1,725,746,744,-1,744,742,725,-1,725,742,740,-1,725,740,738,-1,726,725,728,-1,728,725,730,-1,736,734,725,-1,725,734,732,-1,725,732,730,-1,748,749,750,-1,750,749,751,-1,749,748,752,-1,753,754,752,-1,752,754,755,-1,752,755,749,-1,750,751,756,-1,756,751,757,-1,756,757,758,-1,758,757,759,-1,751,749,757,-1,757,749,755,-1,758,759,760,-1,758,760,761,-1,761,760,762,-1,761,762,763,-1,763,762,764,-1,763,764,765,-1,765,764,766,-1,765,766,767,-1,767,766,768,-1,767,768,769,-1,769,768,770,-1,769,770,771,-1,771,770,772,-1,771,772,773,-1,773,772,774,-1,773,774,775,-1,775,774,776,-1,775,776,777,-1,777,776,778,-1,777,778,779,-1,779,778,780,-1,779,780,781,-1,781,780,754,-1,781,754,753,-1,759,757,755,-1,755,754,759,-1,759,754,780,-1,759,780,760,-1,760,780,762,-1,774,772,770,-1,778,776,766,-1,766,776,774,-1,766,774,768,-1,768,774,770,-1,778,766,780,-1,780,766,764,-1,780,764,762,-1,782,783,784,-1,784,783,785,-1,783,782,786,-1,787,788,786,-1,786,788,789,-1,786,789,783,-1,784,785,790,-1,790,785,791,-1,790,791,792,-1,792,791,793,-1,785,783,791,-1,791,783,789,-1,792,793,794,-1,792,794,795,-1,795,794,796,-1,795,796,797,-1,797,796,798,-1,797,798,799,-1,799,798,800,-1,799,800,801,-1,801,800,802,-1,801,802,803,-1,803,802,804,-1,803,804,805,-1,805,804,806,-1,805,806,807,-1,807,806,808,-1,807,808,809,-1,809,808,810,-1,809,810,811,-1,811,810,812,-1,811,812,813,-1,813,812,814,-1,813,814,815,-1,815,814,788,-1,815,788,787,-1,791,789,793,-1,793,789,788,-1,793,788,794,-1,794,788,796,-1,808,806,804,-1,800,814,812,-1,814,800,788,-1,788,800,798,-1,788,798,796,-1,804,802,808,-1,808,802,800,-1,808,800,810,-1,810,800,812,-1,816,817,818,-1,818,817,819,-1,817,816,820,-1,821,822,820,-1,820,822,823,-1,820,823,817,-1,818,819,824,-1,824,819,825,-1,824,825,826,-1,826,825,827,-1,819,817,825,-1,825,817,823,-1,826,827,828,-1,826,828,829,-1,829,828,830,-1,829,830,831,-1,831,830,832,-1,831,832,833,-1,833,832,834,-1,833,834,835,-1,835,834,836,-1,835,836,837,-1,837,836,838,-1,837,838,839,-1,839,838,840,-1,839,840,841,-1,841,840,842,-1,841,842,843,-1,843,842,844,-1,843,844,845,-1,845,844,846,-1,845,846,847,-1,847,846,848,-1,847,848,849,-1,849,848,822,-1,849,822,821,-1,825,823,827,-1,827,823,822,-1,827,822,828,-1,828,822,830,-1,842,840,838,-1,834,848,846,-1,848,834,822,-1,822,834,832,-1,822,832,830,-1,838,836,842,-1,842,836,834,-1,842,834,844,-1,844,834,846,-1,850,851,852,-1,852,851,853,-1,851,850,854,-1,855,856,854,-1,854,856,857,-1,854,857,851,-1,852,853,858,-1,858,853,859,-1,858,859,860,-1,860,859,861,-1,853,851,859,-1,859,851,857,-1,860,861,862,-1,860,862,863,-1,863,862,864,-1,863,864,865,-1,865,864,866,-1,865,866,867,-1,867,866,868,-1,867,868,869,-1,869,868,870,-1,869,870,871,-1,871,870,872,-1,871,872,873,-1,873,872,874,-1,873,874,875,-1,875,874,876,-1,875,876,877,-1,877,876,878,-1,877,878,879,-1,879,878,880,-1,879,880,881,-1,881,880,882,-1,881,882,883,-1,883,882,856,-1,883,856,855,-1,870,868,856,-1,856,868,866,-1,856,866,864,-1,859,857,861,-1,861,857,856,-1,861,856,862,-1,862,856,864,-1,870,856,872,-1,872,856,882,-1,872,882,880,-1,880,878,872,-1,872,878,876,-1,872,876,874,-1,884,885,886,-1,886,885,887,-1,885,884,888,-1,889,890,888,-1,888,890,891,-1,888,891,885,-1,886,887,892,-1,892,887,893,-1,892,893,894,-1,894,893,895,-1,887,885,893,-1,893,885,891,-1,894,895,896,-1,894,896,897,-1,897,896,898,-1,897,898,899,-1,899,898,900,-1,899,900,901,-1,901,900,902,-1,901,902,903,-1,903,902,904,-1,903,904,905,-1,905,904,906,-1,905,906,907,-1,907,906,908,-1,907,908,909,-1,909,908,910,-1,909,910,911,-1,911,910,912,-1,911,912,913,-1,913,912,914,-1,913,914,915,-1,915,914,916,-1,915,916,917,-1,917,916,890,-1,917,890,889,-1,893,891,895,-1,895,891,890,-1,895,890,896,-1,896,890,898,-1,910,908,906,-1,902,916,914,-1,916,902,890,-1,890,902,900,-1,890,900,898,-1,906,904,910,-1,910,904,902,-1,910,902,912,-1,912,902,914,-1,918,919,920,-1,920,919,921,-1,919,918,922,-1,923,924,922,-1,922,924,925,-1,922,925,919,-1,920,921,926,-1,926,921,927,-1,926,927,928,-1,928,927,929,-1,921,919,927,-1,927,919,925,-1,928,929,930,-1,928,930,931,-1,931,930,932,-1,931,932,933,-1,933,932,934,-1,933,934,935,-1,935,934,936,-1,935,936,937,-1,937,936,938,-1,937,938,939,-1,939,938,940,-1,939,940,941,-1,941,940,942,-1,941,942,943,-1,943,942,944,-1,943,944,945,-1,945,944,946,-1,945,946,947,-1,947,946,948,-1,947,948,949,-1,949,948,950,-1,949,950,951,-1,951,950,924,-1,951,924,923,-1,929,927,925,-1,925,924,929,-1,929,924,950,-1,929,950,930,-1,930,950,932,-1,944,942,940,-1,948,946,936,-1,936,946,944,-1,936,944,938,-1,938,944,940,-1,948,936,950,-1,950,936,934,-1,950,934,932,-1,952,953,954,-1,954,953,955,-1,953,952,956,-1,957,958,956,-1,956,958,959,-1,956,959,953,-1,954,955,960,-1,960,955,961,-1,960,961,962,-1,962,961,963,-1,955,953,961,-1,961,953,959,-1,962,963,964,-1,962,964,965,-1,965,964,966,-1,965,966,967,-1,967,966,968,-1,967,968,969,-1,969,968,970,-1,969,970,971,-1,971,970,972,-1,971,972,973,-1,973,972,974,-1,973,974,975,-1,975,974,976,-1,975,976,977,-1,977,976,978,-1,977,978,979,-1,979,978,980,-1,979,980,981,-1,981,980,982,-1,981,982,983,-1,983,982,984,-1,983,984,985,-1,985,984,958,-1,985,958,957,-1,963,961,959,-1,959,958,963,-1,963,958,984,-1,963,984,964,-1,964,984,966,-1,978,976,974,-1,982,980,970,-1,970,980,978,-1,970,978,972,-1,972,978,974,-1,982,970,984,-1,984,970,968,-1,984,968,966,-1,986,987,988,-1,988,987,989,-1,987,986,990,-1,991,992,990,-1,990,992,993,-1,990,993,987,-1,988,989,994,-1,994,989,995,-1,994,995,996,-1,996,995,997,-1,989,987,995,-1,995,987,993,-1,996,997,998,-1,996,998,999,-1,999,998,1000,-1,999,1000,1001,-1,1001,1000,1002,-1,1001,1002,1003,-1,1003,1002,1004,-1,1003,1004,1005,-1,1005,1004,1006,-1,1005,1006,1007,-1,1007,1006,1008,-1,1007,1008,1009,-1,1009,1008,1010,-1,1009,1010,1011,-1,1011,1010,1012,-1,1011,1012,1013,-1,1013,1012,1014,-1,1013,1014,1015,-1,1015,1014,1016,-1,1015,1016,1017,-1,1017,1016,1018,-1,1017,1018,1019,-1,1019,1018,992,-1,1019,992,991,-1,997,995,993,-1,993,992,997,-1,997,992,1018,-1,997,1018,998,-1,998,1018,1000,-1,1012,1010,1008,-1,1016,1014,1004,-1,1004,1014,1012,-1,1004,1012,1006,-1,1006,1012,1008,-1,1016,1004,1018,-1,1018,1004,1002,-1,1018,1002,1000,-1,1020,1021,1022,-1,1022,1021,1023,-1,1021,1020,1024,-1,1025,1026,1024,-1,1024,1026,1027,-1,1024,1027,1021,-1,1022,1023,1028,-1,1028,1023,1029,-1,1028,1029,1030,-1,1030,1029,1031,-1,1023,1021,1029,-1,1029,1021,1027,-1,1030,1031,1032,-1,1030,1032,1033,-1,1033,1032,1034,-1,1033,1034,1035,-1,1035,1034,1036,-1,1035,1036,1037,-1,1037,1036,1038,-1,1037,1038,1039,-1,1039,1038,1040,-1,1039,1040,1041,-1,1041,1040,1042,-1,1041,1042,1043,-1,1043,1042,1044,-1,1043,1044,1045,-1,1045,1044,1046,-1,1045,1046,1047,-1,1047,1046,1048,-1,1047,1048,1049,-1,1049,1048,1050,-1,1049,1050,1051,-1,1051,1050,1052,-1,1051,1052,1053,-1,1053,1052,1026,-1,1053,1026,1025,-1,1031,1029,1027,-1,1027,1026,1031,-1,1031,1026,1052,-1,1031,1052,1050,-1,1046,1044,1042,-1,1040,1038,1050,-1,1050,1038,1036,-1,1040,1050,1042,-1,1042,1050,1048,-1,1042,1048,1046,-1,1036,1034,1050,-1,1050,1034,1032,-1,1050,1032,1031,-1,1054,1055,1056,-1,1056,1055,1057,-1,1055,1054,1058,-1,1059,1060,1058,-1,1058,1060,1061,-1,1058,1061,1055,-1,1056,1057,1062,-1,1062,1057,1063,-1,1062,1063,1064,-1,1064,1063,1065,-1,1057,1055,1063,-1,1063,1055,1061,-1,1064,1065,1066,-1,1064,1066,1067,-1,1067,1066,1068,-1,1067,1068,1069,-1,1069,1068,1070,-1,1069,1070,1071,-1,1071,1070,1072,-1,1071,1072,1073,-1,1073,1072,1074,-1,1073,1074,1075,-1,1075,1074,1076,-1,1075,1076,1077,-1,1077,1076,1078,-1,1077,1078,1079,-1,1079,1078,1080,-1,1079,1080,1081,-1,1081,1080,1082,-1,1081,1082,1083,-1,1083,1082,1084,-1,1083,1084,1085,-1,1085,1084,1086,-1,1085,1086,1087,-1,1087,1086,1060,-1,1087,1060,1059,-1,1065,1063,1061,-1,1061,1060,1065,-1,1065,1060,1086,-1,1065,1086,1084,-1,1080,1078,1076,-1,1074,1072,1084,-1,1084,1072,1070,-1,1074,1084,1076,-1,1076,1084,1082,-1,1076,1082,1080,-1,1070,1068,1084,-1,1084,1068,1066,-1,1084,1066,1065,-1,1088,1089,1090,-1,1090,1089,1091,-1,1090,1091,1092,-1,1092,1091,1093,-1,1092,1093,1094,-1,1094,1093,1095,-1,1089,1088,1096,-1,1097,1098,1096,-1,1096,1098,1099,-1,1096,1099,1089,-1,1094,1095,1100,-1,1094,1100,1101,-1,1101,1100,1102,-1,1101,1102,1103,-1,1103,1102,1104,-1,1103,1104,1105,-1,1105,1104,1106,-1,1105,1106,1107,-1,1107,1106,1108,-1,1107,1108,1109,-1,1109,1108,1110,-1,1109,1110,1111,-1,1111,1110,1112,-1,1111,1112,1113,-1,1113,1112,1114,-1,1113,1114,1115,-1,1115,1114,1116,-1,1115,1116,1117,-1,1117,1116,1118,-1,1117,1118,1119,-1,1119,1118,1120,-1,1119,1120,1121,-1,1121,1120,1098,-1,1121,1098,1097,-1,1091,1089,1093,-1,1093,1089,1099,-1,1095,1093,1099,-1,1099,1098,1095,-1,1095,1098,1120,-1,1095,1120,1118,-1,1114,1112,1110,-1,1108,1106,1118,-1,1118,1106,1104,-1,1108,1118,1110,-1,1110,1118,1116,-1,1110,1116,1114,-1,1104,1102,1118,-1,1118,1102,1100,-1,1118,1100,1095,-1,1122,1123,1124,-1,1124,1123,1125,-1,1124,1125,1126,-1,1126,1125,1127,-1,1126,1127,1128,-1,1128,1127,1129,-1,1123,1122,1130,-1,1131,1132,1130,-1,1130,1132,1133,-1,1130,1133,1123,-1,1128,1129,1134,-1,1128,1134,1135,-1,1135,1134,1136,-1,1135,1136,1137,-1,1137,1136,1138,-1,1137,1138,1139,-1,1139,1138,1140,-1,1139,1140,1141,-1,1141,1140,1142,-1,1141,1142,1143,-1,1143,1142,1144,-1,1143,1144,1145,-1,1145,1144,1146,-1,1145,1146,1147,-1,1147,1146,1148,-1,1147,1148,1149,-1,1149,1148,1150,-1,1149,1150,1151,-1,1151,1150,1152,-1,1151,1152,1153,-1,1153,1152,1154,-1,1153,1154,1155,-1,1155,1154,1132,-1,1155,1132,1131,-1,1125,1123,1127,-1,1127,1123,1133,-1,1129,1127,1133,-1,1133,1132,1129,-1,1129,1132,1154,-1,1129,1154,1152,-1,1148,1146,1144,-1,1142,1140,1152,-1,1152,1140,1138,-1,1142,1152,1144,-1,1144,1152,1150,-1,1144,1150,1148,-1,1138,1136,1152,-1,1152,1136,1134,-1,1152,1134,1129,-1,1156,1157,1158,-1,1158,1157,1159,-1,1158,1159,1160,-1,1160,1159,1161,-1,1160,1161,1162,-1,1162,1161,1163,-1,1157,1156,1164,-1,1165,1166,1164,-1,1164,1166,1167,-1,1164,1167,1157,-1,1162,1163,1168,-1,1162,1168,1169,-1,1169,1168,1170,-1,1169,1170,1171,-1,1171,1170,1172,-1,1171,1172,1173,-1,1173,1172,1174,-1,1173,1174,1175,-1,1175,1174,1176,-1,1175,1176,1177,-1,1177,1176,1178,-1,1177,1178,1179,-1,1179,1178,1180,-1,1179,1180,1181,-1,1181,1180,1182,-1,1181,1182,1183,-1,1183,1182,1184,-1,1183,1184,1185,-1,1185,1184,1186,-1,1185,1186,1187,-1,1187,1186,1188,-1,1187,1188,1189,-1,1189,1188,1166,-1,1189,1166,1165,-1,1159,1157,1161,-1,1161,1157,1167,-1,1163,1161,1167,-1,1167,1166,1163,-1,1163,1166,1188,-1,1163,1188,1186,-1,1182,1180,1178,-1,1176,1174,1186,-1,1186,1174,1172,-1,1176,1186,1178,-1,1178,1186,1184,-1,1178,1184,1182,-1,1172,1170,1186,-1,1186,1170,1168,-1,1186,1168,1163,-1,1190,1191,1192,-1,1192,1191,1193,-1,1192,1193,1194,-1,1194,1193,1195,-1,1194,1195,1196,-1,1196,1195,1197,-1,1191,1190,1198,-1,1199,1200,1198,-1,1198,1200,1201,-1,1198,1201,1191,-1,1196,1197,1202,-1,1196,1202,1203,-1,1203,1202,1204,-1,1203,1204,1205,-1,1205,1204,1206,-1,1205,1206,1207,-1,1207,1206,1208,-1,1207,1208,1209,-1,1209,1208,1210,-1,1209,1210,1211,-1,1211,1210,1212,-1,1211,1212,1213,-1,1213,1212,1214,-1,1213,1214,1215,-1,1215,1214,1216,-1,1215,1216,1217,-1,1217,1216,1218,-1,1217,1218,1219,-1,1219,1218,1220,-1,1219,1220,1221,-1,1221,1220,1222,-1,1221,1222,1223,-1,1223,1222,1200,-1,1223,1200,1199,-1,1193,1191,1195,-1,1195,1191,1201,-1,1195,1201,1197,-1,1197,1201,1200,-1,1197,1200,1202,-1,1202,1200,1204,-1,1216,1214,1212,-1,1208,1222,1220,-1,1222,1208,1200,-1,1200,1208,1206,-1,1200,1206,1204,-1,1212,1210,1216,-1,1216,1210,1208,-1,1216,1208,1218,-1,1218,1208,1220,-1,1224,1225,1226,-1,1226,1225,1227,-1,1226,1227,1228,-1,1228,1227,1229,-1,1228,1229,1230,-1,1230,1229,1231,-1,1225,1224,1232,-1,1233,1234,1232,-1,1232,1234,1235,-1,1232,1235,1225,-1,1230,1231,1236,-1,1230,1236,1237,-1,1237,1236,1238,-1,1237,1238,1239,-1,1239,1238,1240,-1,1239,1240,1241,-1,1241,1240,1242,-1,1241,1242,1243,-1,1243,1242,1244,-1,1243,1244,1245,-1,1245,1244,1246,-1,1245,1246,1247,-1,1247,1246,1248,-1,1247,1248,1249,-1,1249,1248,1250,-1,1249,1250,1251,-1,1251,1250,1252,-1,1251,1252,1253,-1,1253,1252,1254,-1,1253,1254,1255,-1,1255,1254,1256,-1,1255,1256,1257,-1,1257,1256,1234,-1,1257,1234,1233,-1,1227,1225,1229,-1,1229,1225,1235,-1,1231,1229,1235,-1,1235,1234,1231,-1,1231,1234,1256,-1,1231,1256,1236,-1,1236,1256,1238,-1,1250,1248,1246,-1,1254,1252,1242,-1,1242,1252,1250,-1,1242,1250,1244,-1,1244,1250,1246,-1,1254,1242,1256,-1,1256,1242,1240,-1,1256,1240,1238,-1,1258,1259,1260,-1,1260,1259,1261,-1,1260,1261,1262,-1,1262,1261,1263,-1,1262,1263,1264,-1,1264,1263,1265,-1,1259,1258,1266,-1,1267,1268,1266,-1,1266,1268,1269,-1,1266,1269,1259,-1,1264,1265,1270,-1,1264,1270,1271,-1,1271,1270,1272,-1,1271,1272,1273,-1,1273,1272,1274,-1,1273,1274,1275,-1,1275,1274,1276,-1,1275,1276,1277,-1,1277,1276,1278,-1,1277,1278,1279,-1,1279,1278,1280,-1,1279,1280,1281,-1,1281,1280,1282,-1,1281,1282,1283,-1,1283,1282,1284,-1,1283,1284,1285,-1,1285,1284,1286,-1,1285,1286,1287,-1,1287,1286,1288,-1,1287,1288,1289,-1,1289,1288,1290,-1,1289,1290,1291,-1,1291,1290,1268,-1,1291,1268,1267,-1,1261,1259,1263,-1,1263,1259,1269,-1,1263,1269,1265,-1,1265,1269,1268,-1,1265,1268,1270,-1,1270,1268,1272,-1,1284,1282,1280,-1,1276,1290,1288,-1,1290,1276,1268,-1,1268,1276,1274,-1,1268,1274,1272,-1,1280,1278,1284,-1,1284,1278,1276,-1,1284,1276,1286,-1,1286,1276,1288,-1,1292,1293,1294,-1,1294,1293,1295,-1,1294,1295,1296,-1,1296,1295,1297,-1,1296,1297,1298,-1,1298,1297,1299,-1,1293,1292,1300,-1,1301,1302,1300,-1,1300,1302,1303,-1,1300,1303,1293,-1,1298,1299,1304,-1,1298,1304,1305,-1,1305,1304,1306,-1,1305,1306,1307,-1,1307,1306,1308,-1,1307,1308,1309,-1,1309,1308,1310,-1,1309,1310,1311,-1,1311,1310,1312,-1,1311,1312,1313,-1,1313,1312,1314,-1,1313,1314,1315,-1,1315,1314,1316,-1,1315,1316,1317,-1,1317,1316,1318,-1,1317,1318,1319,-1,1319,1318,1320,-1,1319,1320,1321,-1,1321,1320,1322,-1,1321,1322,1323,-1,1323,1322,1324,-1,1323,1324,1325,-1,1325,1324,1302,-1,1325,1302,1301,-1,1295,1293,1297,-1,1297,1293,1303,-1,1312,1310,1302,-1,1302,1310,1308,-1,1302,1308,1306,-1,1297,1303,1299,-1,1299,1303,1302,-1,1299,1302,1304,-1,1304,1302,1306,-1,1312,1302,1314,-1,1314,1302,1324,-1,1314,1324,1322,-1,1322,1320,1314,-1,1314,1320,1318,-1,1314,1318,1316,-1,1326,1327,1328,-1,1328,1327,1329,-1,1328,1329,1330,-1,1330,1329,1331,-1,1330,1331,1332,-1,1332,1331,1333,-1,1327,1326,1334,-1,1335,1336,1334,-1,1334,1336,1337,-1,1334,1337,1327,-1,1332,1333,1338,-1,1332,1338,1339,-1,1339,1338,1340,-1,1339,1340,1341,-1,1341,1340,1342,-1,1341,1342,1343,-1,1343,1342,1344,-1,1343,1344,1345,-1,1345,1344,1346,-1,1345,1346,1347,-1,1347,1346,1348,-1,1347,1348,1349,-1,1349,1348,1350,-1,1349,1350,1351,-1,1351,1350,1352,-1,1351,1352,1353,-1,1353,1352,1354,-1,1353,1354,1355,-1,1355,1354,1356,-1,1355,1356,1357,-1,1357,1356,1358,-1,1357,1358,1359,-1,1359,1358,1336,-1,1359,1336,1335,-1,1329,1327,1331,-1,1331,1327,1337,-1,1333,1331,1337,-1,1337,1336,1333,-1,1333,1336,1358,-1,1333,1358,1356,-1,1352,1350,1348,-1,1346,1344,1356,-1,1356,1344,1342,-1,1346,1356,1348,-1,1348,1356,1354,-1,1348,1354,1352,-1,1342,1340,1356,-1,1356,1340,1338,-1,1356,1338,1333,-1,1360,1361,1362,-1,1362,1361,1363,-1,1362,1363,1364,-1,1364,1363,1365,-1,1364,1365,1366,-1,1366,1365,1367,-1,1361,1360,1368,-1,1369,1370,1368,-1,1368,1370,1371,-1,1368,1371,1361,-1,1366,1367,1372,-1,1366,1372,1373,-1,1373,1372,1374,-1,1373,1374,1375,-1,1375,1374,1376,-1,1375,1376,1377,-1,1377,1376,1378,-1,1377,1378,1379,-1,1379,1378,1380,-1,1379,1380,1381,-1,1381,1380,1382,-1,1381,1382,1383,-1,1383,1382,1384,-1,1383,1384,1385,-1,1385,1384,1386,-1,1385,1386,1387,-1,1387,1386,1388,-1,1387,1388,1389,-1,1389,1388,1390,-1,1389,1390,1391,-1,1391,1390,1392,-1,1391,1392,1393,-1,1393,1392,1370,-1,1393,1370,1369,-1,1363,1361,1365,-1,1365,1361,1371,-1,1365,1371,1367,-1,1367,1371,1370,-1,1367,1370,1372,-1,1372,1370,1374,-1,1386,1384,1382,-1,1378,1392,1390,-1,1392,1378,1370,-1,1370,1378,1376,-1,1370,1376,1374,-1,1382,1380,1386,-1,1386,1380,1378,-1,1386,1378,1388,-1,1388,1378,1390,-1,1394,1395,1396,-1,1396,1395,1397,-1,1396,1397,1398,-1,1398,1397,1399,-1,1398,1399,1400,-1,1400,1399,1401,-1,1395,1394,1402,-1,1403,1404,1402,-1,1402,1404,1405,-1,1402,1405,1395,-1,1400,1401,1406,-1,1400,1406,1407,-1,1407,1406,1408,-1,1407,1408,1409,-1,1409,1408,1410,-1,1409,1410,1411,-1,1411,1410,1412,-1,1411,1412,1413,-1,1413,1412,1414,-1,1413,1414,1415,-1,1415,1414,1416,-1,1415,1416,1417,-1,1417,1416,1418,-1,1417,1418,1419,-1,1419,1418,1420,-1,1419,1420,1421,-1,1421,1420,1422,-1,1421,1422,1423,-1,1423,1422,1424,-1,1423,1424,1425,-1,1425,1424,1426,-1,1425,1426,1427,-1,1427,1426,1404,-1,1427,1404,1403,-1,1397,1395,1399,-1,1399,1395,1405,-1,1399,1405,1401,-1,1401,1405,1404,-1,1401,1404,1406,-1,1406,1404,1408,-1,1420,1418,1416,-1,1412,1426,1424,-1,1426,1412,1404,-1,1404,1412,1410,-1,1404,1410,1408,-1,1416,1414,1420,-1,1420,1414,1412,-1,1420,1412,1422,-1,1422,1412,1424,-1,1428,1429,1430,-1,1430,1429,1431,-1,1430,1431,1432,-1,1432,1431,1433,-1,1432,1433,1434,-1,1434,1433,1435,-1,1429,1428,1436,-1,1437,1438,1436,-1,1436,1438,1439,-1,1436,1439,1429,-1,1434,1435,1440,-1,1434,1440,1441,-1,1441,1440,1442,-1,1441,1442,1443,-1,1443,1442,1444,-1,1443,1444,1445,-1,1445,1444,1446,-1,1445,1446,1447,-1,1447,1446,1448,-1,1447,1448,1449,-1,1449,1448,1450,-1,1449,1450,1451,-1,1451,1450,1452,-1,1451,1452,1453,-1,1453,1452,1454,-1,1453,1454,1455,-1,1455,1454,1456,-1,1455,1456,1457,-1,1457,1456,1458,-1,1457,1458,1459,-1,1459,1458,1460,-1,1459,1460,1461,-1,1461,1460,1438,-1,1461,1438,1437,-1,1431,1429,1433,-1,1433,1429,1439,-1,1433,1439,1435,-1,1435,1439,1438,-1,1435,1438,1440,-1,1440,1438,1442,-1,1454,1452,1450,-1,1446,1460,1458,-1,1460,1446,1438,-1,1438,1446,1444,-1,1438,1444,1442,-1,1450,1448,1454,-1,1454,1448,1446,-1,1454,1446,1456,-1,1456,1446,1458,-1,1462,1463,1464,-1,1464,1463,1465,-1,1464,1465,1466,-1,1466,1465,1467,-1,1466,1467,1468,-1,1468,1467,1469,-1,1463,1462,1470,-1,1471,1472,1470,-1,1470,1472,1473,-1,1470,1473,1463,-1,1468,1469,1474,-1,1468,1474,1475,-1,1475,1474,1476,-1,1475,1476,1477,-1,1477,1476,1478,-1,1477,1478,1479,-1,1479,1478,1480,-1,1479,1480,1481,-1,1481,1480,1482,-1,1481,1482,1483,-1,1483,1482,1484,-1,1483,1484,1485,-1,1485,1484,1486,-1,1485,1486,1487,-1,1487,1486,1488,-1,1487,1488,1489,-1,1489,1488,1490,-1,1489,1490,1491,-1,1491,1490,1492,-1,1491,1492,1493,-1,1493,1492,1494,-1,1493,1494,1495,-1,1495,1494,1472,-1,1495,1472,1471,-1,1465,1463,1467,-1,1467,1463,1473,-1,1469,1467,1473,-1,1473,1472,1469,-1,1469,1472,1494,-1,1469,1494,1492,-1,1488,1486,1484,-1,1482,1480,1492,-1,1492,1480,1478,-1,1482,1492,1484,-1,1484,1492,1490,-1,1484,1490,1488,-1,1478,1476,1492,-1,1492,1476,1474,-1,1492,1474,1469,-1,1496,1497,1498,-1,1498,1497,1499,-1,1498,1499,1500,-1,1500,1499,1501,-1,1500,1501,1502,-1,1502,1501,1503,-1,1497,1496,1504,-1,1505,1506,1504,-1,1504,1506,1507,-1,1504,1507,1497,-1,1502,1503,1508,-1,1502,1508,1509,-1,1509,1508,1510,-1,1509,1510,1511,-1,1511,1510,1512,-1,1511,1512,1513,-1,1513,1512,1514,-1,1513,1514,1515,-1,1515,1514,1516,-1,1515,1516,1517,-1,1517,1516,1518,-1,1517,1518,1519,-1,1519,1518,1520,-1,1519,1520,1521,-1,1521,1520,1522,-1,1521,1522,1523,-1,1523,1522,1524,-1,1523,1524,1525,-1,1525,1524,1526,-1,1525,1526,1527,-1,1527,1526,1528,-1,1527,1528,1529,-1,1529,1528,1506,-1,1529,1506,1505,-1,1499,1497,1501,-1,1501,1497,1507,-1,1503,1501,1507,-1,1507,1506,1503,-1,1503,1506,1528,-1,1503,1528,1526,-1,1522,1520,1518,-1,1516,1514,1526,-1,1526,1514,1512,-1,1516,1526,1518,-1,1518,1526,1524,-1,1518,1524,1522,-1,1512,1510,1526,-1,1526,1510,1508,-1,1526,1508,1503,-1,1530,1531,1532,-1,1532,1531,1533,-1,1534,1530,1535,-1,1535,1530,1532,-1,1536,1534,1537,-1,1537,1534,1535,-1,1538,1536,1539,-1,1539,1536,1537,-1,1531,1538,1533,-1,1533,1538,1539,-1,1538,1531,1536,-1,1536,1531,1530,-1,1536,1530,1534,-1,1540,1541,1542,-1,1542,1541,1543,-1,1544,1540,1545,-1,1545,1540,1542,-1,1546,1544,1547,-1,1547,1544,1545,-1,1541,1546,1543,-1,1543,1546,1547,-1,1544,1546,1540,-1,1540,1546,1541,-1,
        ]
    }
}
Shape{
    appearance Appearance {
        material  Material 	{
            diffuseColor 0.9686274509803922 0.8784313725490196 0.6
            specularColor 0.6784313725490196 0.615686274509804 0.4196078431372549
            ambientIntensity 0.8737
            transparency 0.0
            shininess 0.5
        }
    }
    geometry IndexedFaceSet {
        ccw TRUE
        solid FALSE
        coord DEF co Coordinate {
            point [
                0.5742 -1.0516 0.2953, 0.5742 -1.058 0.2953, 0.5742 -1.0516 0.2953, 0.5742 -1.058 0.2953, 0.5518 -1.0516 0.2953, 0.5518 -1.0516 0.2953, 0.5518 -1.002 0.2953, 0.5518 -1.002 0.2953, 0.5446 -1.002 0.2953, 0.5446 -1.002 0.2953, 0.5446 -1.058 0.2953, 0.5446 -1.058 0.2953, 0.6184 -1.0557 0.2953, 0.6184 -1.0557 0.2953, 0.6175 -1.0562 0.2953, 0.6115 -1.0581 0.2953, 0.6029 -1.059 0.2953, 0.6079 -1.0585 0.2953, 0.6029 -1.059 0.2953, 0.6115 -1.0581 0.2953, 0.616 -1.0566 0.2953, 0.6175 -1.0562 0.2953, 0.6184 -1.0488 0.2953, 0.6184 -1.0488 0.2953, 0.616 -1.0498 0.2953, 0.6129 -1.0512 0.2953, 0.6129 -1.0512 0.2953, 0.6066 -1.0524 0.2953, 0.6066 -1.0524 0.2953, 0.604 -1.0525 0.2953, 0.604 -1.0525 0.2953, 0.5991 -1.052 0.2953, 0.5991 -1.052 0.2953, 0.5949 -1.0506 0.2953, 0.5949 -1.0506 0.2953, 0.5911 -1.0481 0.2953, 0.5911 -1.0481 0.2953, 0.5896 -1.0466 0.2953, 0.5896 -1.0466 0.2953, 0.587 -1.0431 0.2953, 0.587 -1.0431 0.2953, 0.5851 -1.0387 0.2953, 0.5851 -1.0387 0.2953, 0.5841 -1.0332 0.2953, 0.5841 -1.0332 0.2953, 0.5841 -1.0306 0.2953, 0.5841 -1.0306 0.2953, 0.585 -1.0229 0.2953, 0.585 -1.0229 0.2953, 0.5868 -1.0181 0.2953, 0.5868 -1.0181 0.2953, 0.5896 -1.0142 0.2953, 0.5896 -1.0142 0.2953, 0.5899 -1.0138 0.2953, 0.5899 -1.0138 0.2953, 0.5934 -1.0109 0.2953, 0.5934 -1.0109 0.2953, 0.5978 -1.0087 0.2953, 0.5978 -1.0087 0.2953, 0.6026 -1.0077 0.2953, 0.6026 -1.0077 0.2953, 0.6052 -1.0076 0.2953, 0.6052 -1.0076 0.2953, 0.6184 -1.0109 0.2953, 0.6184 -1.0109 0.2953, 0.6178 -1.0105 0.2953, 0.6121 -1.0084 0.2953, 0.6121 -1.0084 0.2953, 0.616 -1.0099 0.2953, 0.6178 -1.0105 0.2953, 0.6184 -1.0033 0.2953, 0.6184 -1.0033 0.2953, 0.616 -1.0026 0.2953, 0.6125 -1.0016 0.2953, 0.6051 -1.001 0.2953, 0.6051 -1.001 0.2953, 0.6112 -1.0015 0.2953, 0.6125 -1.0016 0.2953, 0.6012 -1.0015 0.2953, 0.597 -1.002 0.2953, 0.597 -1.002 0.2953, 0.5912 -1.0043 0.2953, 0.5912 -1.0043 0.2953, 0.5859 -1.0079 0.2953, 0.5859 -1.0079 0.2953, 0.5846 -1.0093 0.2953, 0.5846 -1.0093 0.2953, 0.5805 -1.0146 0.2953, 0.5805 -1.0146 0.2953, 0.5778 -1.0208 0.2953, 0.5778 -1.0208 0.2953, 0.5766 -1.0281 0.2953, 0.5766 -1.0281 0.2953, 0.5765 -1.0311 0.2953, 0.5765 -1.0311 0.2953, 0.5776 -1.0402 0.2953, 0.5776 -1.0402 0.2953, 0.5798 -1.046 0.2953, 0.5798 -1.046 0.2953, 0.5832 -1.0508 0.2953, 0.5832 -1.0508 0.2953, 0.5837 -1.0513 0.2953, 0.5837 -1.0513 0.2953, 0.5995 -1.0588 0.2953, 0.5882 -1.0551 0.2953, 0.5882 -1.0551 0.2953, 0.5934 -1.0575 0.2953, 0.5934 -1.0575 0.2953, 0.598 -1.0585 0.2953, 0.5995 -1.0588 0.2953, 0.6598 -1.0516 0.2953, 0.6598 -1.058 0.2953, 0.6598 -1.0516 0.2953, 0.6598 -1.058 0.2953, 0.6369 -1.0516 0.2953, 0.6369 -1.0516 0.2953, 0.652 -1.0516 0.2953, 0.6369 -1.0328 0.2953, 0.6369 -1.0328 0.2953, 0.6569 -1.0328 0.2953, 0.6569 -1.0328 0.2953, 0.652 -1.0328 0.2953, 0.6569 -1.0264 0.2953, 0.6569 -1.0264 0.2953, 0.6369 -1.0264 0.2953, 0.6369 -1.0264 0.2953, 0.652 -1.0264 0.2953, 0.6369 -1.0084 0.2953, 0.6369 -1.0084 0.2953, 0.6585 -1.0084 0.2953, 0.6585 -1.0084 0.2953, 0.652 -1.0084 0.2953, 0.6585 -1.002 0.2953, 0.6585 -1.002 0.2953, 0.6296 -1.002 0.2953, 0.6296 -1.002 0.2953, 0.652 -1.002 0.2953, 0.6296 -1.058 0.2953, 0.6296 -1.058 0.2953, 0.652 -1.058 0.2953, 0.7076 -1.0502 0.2953, 0.7017 -1.0464 0.2953, 0.7017 -1.0544 0.2953, 0.6981 -1.0489 0.2953, 0.6953 -1.0569 0.2953, 0.6935 -1.0507 0.2953, 0.6858 -1.058 0.2953, 0.6857 -1.0516 0.2953, 0.6704 -1.058 0.2953, 0.6776 -1.0516 0.2953, 0.6704 -1.002 0.2953, 0.6776 -1.0084 0.2953, 0.6864 -1.002 0.2953, 0.6861 -1.0084 0.2953, 0.6866 -1.0084 0.2953, 0.6949 -1.0029 0.2953, 0.6938 -1.0093 0.2953, 0.7017 -1.0054 0.2953, 0.6986 -1.0112 0.2953, 0.7076 -1.0094 0.2953, 0.7023 -1.0137 0.2953, 0.7095 -1.0113 0.2953, 0.7038 -1.0152 0.2953, 0.713 -1.0162 0.2953, 0.706 -1.0184 0.2953, 0.7151 -1.0216 0.2953, 0.7076 -1.0225 0.2953, 0.716 -1.0293 0.2953, 0.7084 -1.0295 0.2953, 0.7158 -1.0328 0.2953, 0.7082 -1.0333 0.2953, 0.7145 -1.0394 0.2953, 0.7071 -1.0384 0.2953, 0.7117 -1.0452 0.2953, 0.7051 -1.0425 0.2953, 0.7024 -1.0458 0.2953, 0.6858 -1.058 0.2953, 0.6704 -1.058 0.2953, 0.7076 -1.0502 0.2953, 0.6953 -1.0569 0.2953, 0.6961 -1.0566 0.2953, 0.7017 -1.0544 0.2953, 0.7117 -1.0452 0.2953, 0.7145 -1.0394 0.2953, 0.7158 -1.0328 0.2953, 0.716 -1.0293 0.2953, 0.7151 -1.0216 0.2953, 0.713 -1.0162 0.2953, 0.7095 -1.0113 0.2953, 0.7076 -1.0094 0.2953, 0.6864 -1.002 0.2953, 0.7017 -1.0054 0.2953, 0.6961 -1.0033 0.2953, 0.6949 -1.0029 0.2953, 0.6704 -1.002 0.2953, 0.6861 -1.0084 0.2953, 0.6776 -1.0084 0.2953, 0.6776 -1.0516 0.2953, 0.6857 -1.0516 0.2953, 0.7024 -1.0458 0.2953, 0.7017 -1.0464 0.2953, 0.6981 -1.0489 0.2953, 0.6935 -1.0507 0.2953, 0.7084 -1.0295 0.2953, 0.7082 -1.0333 0.2953, 0.7071 -1.0384 0.2953, 0.7051 -1.0425 0.2953, 0.7023 -1.0137 0.2953, 0.7038 -1.0152 0.2953, 0.706 -1.0184 0.2953, 0.7076 -1.0225 0.2953, 0.6866 -1.0084 0.2953, 0.6938 -1.0093 0.2953, 0.6986 -1.0112 0.2953
            ]
        }
        coordIndex [
            0,1,2,-1,2,1,3,-1,4,0,5,-1,5,0,2,-1,6,4,7,-1,7,4,5,-1,8,6,9,-1,9,6,7,-1,10,8,11,-1,11,8,9,-1,1,10,3,-1,3,10,11,-1,6,8,4,-1,4,8,10,-1,4,10,0,-1,0,10,1,-1,12,13,14,-1,15,16,17,-1,17,16,18,-1,17,19,15,-1,15,19,20,-1,15,20,14,-1,14,20,21,-1,14,21,12,-1,22,13,23,-1,23,13,12,-1,22,23,24,-1,22,24,25,-1,24,26,25,-1,25,26,27,-1,25,27,28,-1,28,27,29,-1,28,29,30,-1,30,29,31,-1,30,31,32,-1,32,31,33,-1,32,33,34,-1,34,33,35,-1,34,35,36,-1,36,35,37,-1,36,37,38,-1,38,37,39,-1,38,39,40,-1,40,39,41,-1,40,41,42,-1,42,41,43,-1,42,43,44,-1,44,43,45,-1,44,45,46,-1,46,45,47,-1,46,47,48,-1,48,47,49,-1,48,49,50,-1,50,49,51,-1,50,51,52,-1,52,51,53,-1,52,53,54,-1,54,53,55,-1,54,55,56,-1,56,55,57,-1,56,57,58,-1,58,57,59,-1,58,59,60,-1,60,59,61,-1,60,61,62,-1,63,64,65,-1,62,61,66,-1,62,66,67,-1,67,66,68,-1,67,68,65,-1,65,68,69,-1,65,69,63,-1,70,64,71,-1,71,64,63,-1,70,71,72,-1,70,72,73,-1,74,75,76,-1,76,75,73,-1,76,73,77,-1,77,73,72,-1,75,74,78,-1,75,78,79,-1,78,80,79,-1,79,80,81,-1,79,81,82,-1,82,81,83,-1,82,83,84,-1,84,83,85,-1,84,85,86,-1,86,85,87,-1,86,87,88,-1,88,87,89,-1,88,89,90,-1,90,89,91,-1,90,91,92,-1,92,91,93,-1,92,93,94,-1,94,93,95,-1,94,95,96,-1,96,95,97,-1,96,97,98,-1,98,97,99,-1,98,99,100,-1,100,99,101,-1,100,101,102,-1,18,16,103,-1,102,101,104,-1,102,104,105,-1,105,104,106,-1,105,106,107,-1,107,106,108,-1,107,108,103,-1,103,108,109,-1,103,109,18,-1,56,58,79,-1,48,50,88,-1,88,50,86,-1,79,58,75,-1,94,46,92,-1,92,46,48,-1,92,48,90,-1,90,48,88,-1,58,60,75,-1,75,60,62,-1,75,62,73,-1,73,62,67,-1,73,67,70,-1,70,67,65,-1,70,65,64,-1,13,22,14,-1,14,22,25,-1,14,25,15,-1,15,25,28,-1,15,28,16,-1,16,28,30,-1,16,30,103,-1,103,30,32,-1,103,32,107,-1,107,32,34,-1,107,34,105,-1,105,34,36,-1,105,36,102,-1,102,36,38,-1,102,38,100,-1,100,38,40,-1,100,40,98,-1,98,40,96,-1,96,40,42,-1,96,42,94,-1,94,42,44,-1,94,44,46,-1,50,52,86,-1,86,52,54,-1,86,54,84,-1,84,54,56,-1,84,56,82,-1,82,56,79,-1,110,111,112,-1,112,111,113,-1,114,115,116,-1,116,115,110,-1,116,110,112,-1,117,115,118,-1,118,115,114,-1,119,120,121,-1,121,120,117,-1,121,117,118,-1,122,120,123,-1,123,120,119,-1,124,125,126,-1,126,125,122,-1,126,122,123,-1,127,125,128,-1,128,125,124,-1,129,130,131,-1,131,130,127,-1,131,127,128,-1,132,130,133,-1,133,130,129,-1,134,135,136,-1,136,135,132,-1,136,132,133,-1,137,135,138,-1,138,135,134,-1,113,111,139,-1,139,111,137,-1,139,137,138,-1,137,111,110,-1,110,115,137,-1,137,115,117,-1,137,117,135,-1,130,132,127,-1,127,132,135,-1,127,135,125,-1,125,135,117,-1,125,117,122,-1,122,117,120,-1,140,141,142,-1,142,141,143,-1,142,143,144,-1,144,143,145,-1,144,145,146,-1,146,145,147,-1,146,147,148,-1,148,147,149,-1,148,149,150,-1,150,149,151,-1,150,151,152,-1,151,153,152,-1,152,153,154,-1,152,154,155,-1,155,154,156,-1,155,156,157,-1,157,156,158,-1,157,158,159,-1,159,158,160,-1,159,160,161,-1,161,160,162,-1,161,162,163,-1,163,162,164,-1,163,164,165,-1,165,164,166,-1,165,166,167,-1,167,166,168,-1,167,168,169,-1,169,168,170,-1,169,170,171,-1,171,170,172,-1,171,172,173,-1,173,172,174,-1,173,174,140,-1,140,174,175,-1,140,175,141,-1,146,148,176,-1,176,148,177,-1,178,140,142,-1,146,176,179,-1,146,179,144,-1,144,179,180,-1,144,180,142,-1,142,180,181,-1,142,181,178,-1,140,178,182,-1,140,182,173,-1,173,182,183,-1,173,183,171,-1,171,183,184,-1,171,184,169,-1,169,184,185,-1,169,185,167,-1,167,185,186,-1,167,186,165,-1,165,186,187,-1,165,187,163,-1,163,187,188,-1,163,188,161,-1,161,188,189,-1,161,189,159,-1,190,152,155,-1,159,189,191,-1,159,191,157,-1,157,191,192,-1,157,192,155,-1,155,192,193,-1,155,193,190,-1,150,152,194,-1,194,152,190,-1,148,150,177,-1,177,150,194,-1,153,151,195,-1,195,151,196,-1,151,149,196,-1,196,149,197,-1,149,147,197,-1,197,147,198,-1,175,199,200,-1,175,200,141,-1,141,200,201,-1,141,201,143,-1,143,201,202,-1,143,202,145,-1,145,202,198,-1,145,198,147,-1,168,203,204,-1,168,204,170,-1,170,204,205,-1,170,205,172,-1,172,205,206,-1,172,206,174,-1,174,206,199,-1,174,199,175,-1,160,207,208,-1,160,208,162,-1,162,208,209,-1,162,209,164,-1,164,209,210,-1,164,210,166,-1,166,210,203,-1,166,203,168,-1,153,195,211,-1,153,211,154,-1,154,211,212,-1,154,212,156,-1,156,212,213,-1,156,213,158,-1,158,213,207,-1,158,207,160,-1,
        ]
    }
}
Shape{
    appearance Appearance {
        material  Material 	{
            diffuseColor 0.20784313725490197 0.20784313725490197 0.20784313725490197
            specularColor 0.01568627450980392 0.01568627450980392 0.01568627450980392
            ambientIntensity 0.298
            transparency 0.0
            shininess 0.5
        }
    }
    geometry IndexedFaceSet {
        ccw TRUE
        solid FALSE
        coord DEF co Coordinate {
            point [
                0.6981 -1.0489 0.2953, 0.7017 -1.0464 0.2953, 0.6866 -1.0084 0.2953, 0.6776 -1.0084 0.2953, 0.6776 -1.0516 0.2953, 0.6861 -1.0084 0.2953, 0.6857 -1.0516 0.2953, 0.6935 -1.0507 0.2953, 0.7024 -1.0458 0.2953, 0.7051 -1.0425 0.2953, 0.7071 -1.0384 0.2953, 0.7084 -1.0295 0.2953, 0.7023 -1.0137 0.2953, 0.6986 -1.0112 0.2953, 0.7076 -1.0225 0.2953, 0.706 -1.0184 0.2953, 0.7038 -1.0152 0.2953, 0.7082 -1.0333 0.2953, 0.6938 -1.0093 0.2953
            ]
        }
        coordIndex [
            0,1,2,-1,3,4,5,-1,5,4,6,-1,5,6,2,-1,2,6,7,-1,2,7,0,-1,1,8,2,-1,2,8,9,-1,2,9,10,-1,11,12,13,-1,14,15,11,-1,11,15,16,-1,11,16,12,-1,10,17,2,-1,2,17,11,-1,2,11,18,-1,18,11,13,-1,
        ]
    }
}
Shape{
    appearance Appearance {
        material  Material 	{
            diffuseColor 0.9686274509803922 0.8784313725490196 0.6
            specularColor 0.6784313725490196 0.615686274509804 0.4196078431372549
            ambientIntensity 0.8737
            transparency 0.0
            shininess 0.5
        }
    }
    geometry IndexedFaceSet {
        ccw TRUE
        solid FALSE
        coord DEF co Coordinate {
            point [
                0.7348 -1.0364 0.2953, 0.7325 -1.0427 0.2953, 0.7536 -1.0364 0.2953, 0.7558 -1.0427 0.2953, 0.7432 -1.0131 0.2953, 0.7405 -1.002 0.2953, 0.7191 -1.058 0.2953, 0.7271 -1.058 0.2953, 0.7437 -1.0114 0.2953, 0.7441 -1.0091 0.2953, 0.7482 -1.002 0.2953, 0.7443 -1.0091 0.2953, 0.7447 -1.0115 0.2953, 0.7451 -1.0131 0.2953, 0.7696 -1.058 0.2953, 0.7616 -1.058 0.2953, 0.7482 -1.002 0.2953, 0.7696 -1.058 0.2953, 0.7405 -1.002 0.2953, 0.7191 -1.058 0.2953, 0.7353 -1.0156 0.2953, 0.7271 -1.058 0.2953, 0.7325 -1.0427 0.2953, 0.7558 -1.0427 0.2953, 0.7353 -1.0427 0.2953, 0.7616 -1.058 0.2953, 0.7348 -1.0364 0.2953, 0.7536 -1.0364 0.2953, 0.7451 -1.0131 0.2953, 0.7443 -1.0091 0.2953, 0.7447 -1.0115 0.2953, 0.7441 -1.0091 0.2953, 0.7432 -1.0131 0.2953, 0.7437 -1.0114 0.2953
            ]
        }
        coordIndex [
            0,1,2,-1,2,1,3,-1,4,5,0,-1,0,5,6,-1,0,6,1,-1,1,6,7,-1,4,8,5,-1,5,8,9,-1,5,9,10,-1,10,9,11,-1,10,11,12,-1,12,13,10,-1,10,13,2,-1,10,2,14,-1,14,2,3,-1,14,3,15,-1,10,14,16,-1,16,14,17,-1,5,10,18,-1,18,10,16,-1,19,6,20,-1,20,6,5,-1,20,5,18,-1,7,6,21,-1,21,6,19,-1,1,7,22,-1,22,7,21,-1,23,3,24,-1,24,3,1,-1,24,1,22,-1,15,3,25,-1,25,3,23,-1,14,15,17,-1,17,15,25,-1,0,2,26,-1,26,2,27,-1,2,13,27,-1,27,13,28,-1,11,29,30,-1,11,30,12,-1,12,30,28,-1,12,28,13,-1,11,9,29,-1,29,9,31,-1,4,32,33,-1,4,33,8,-1,8,33,31,-1,8,31,9,-1,4,0,32,-1,32,0,26,-1,
        ]
    }
}
Shape{
    appearance Appearance {
        material  Material 	{
            diffuseColor 0.20784313725490197 0.20784313725490197 0.20784313725490197
            specularColor 0.01568627450980392 0.01568627450980392 0.01568627450980392
            ambientIntensity 0.298
            transparency 0.0
            shininess 0.5
        }
    }
    geometry IndexedFaceSet {
        ccw TRUE
        solid FALSE
        coord DEF co Coordinate {
            point [
                0.7443 -1.0091 0.2953, 0.7441 -1.0091 0.2953, 0.7447 -1.0115 0.2953, 0.7437 -1.0114 0.2953, 0.7451 -1.0131 0.2953, 0.7432 -1.0131 0.2953, 0.7536 -1.0364 0.2953, 0.7348 -1.0364 0.2953
            ]
        }
        coordIndex [
            0,1,2,-1,2,1,3,-1,2,3,4,-1,4,3,5,-1,4,5,6,-1,6,5,7,-1,
        ]
    }
}
Shape{
    appearance Appearance {
        material  Material 	{
            diffuseColor 0.9686274509803922 0.8784313725490196 0.6
            specularColor 0.6784313725490196 0.615686274509804 0.4196078431372549
            ambientIntensity 0.8737
            transparency 0.0
            shininess 0.5
        }
    }
    geometry IndexedFaceSet {
        ccw TRUE
        solid FALSE
        coord DEF co Coordinate {
            point [
                0.5748 -1.1405 0.2953, 0.5748 -1.1469 0.2953, 0.5748 -1.1405 0.2953, 0.5748 -1.1469 0.2953, 0.5518 -1.1405 0.2953, 0.5518 -1.1405 0.2953, 0.5745 -1.1405 0.2953, 0.5518 -1.1217 0.2953, 0.5518 -1.1217 0.2953, 0.5719 -1.1217 0.2953, 0.5719 -1.1217 0.2953, 0.5719 -1.1153 0.2953, 0.5719 -1.1153 0.2953, 0.5518 -1.1153 0.2953, 0.5518 -1.1153 0.2953, 0.5518 -1.0973 0.2953, 0.5518 -1.0973 0.2953, 0.5735 -1.0973 0.2953, 0.5735 -1.0973 0.2953, 0.5735 -1.0909 0.2953, 0.5735 -1.0909 0.2953, 0.5446 -1.0909 0.2953, 0.5446 -1.0909 0.2953, 0.5446 -1.1469 0.2953, 0.5446 -1.1469 0.2953, 0.5745 -1.1469 0.2953, 0.6066 -1.1469 0.2953, 0.6136 -1.1469 0.2953, 0.6066 -1.1407 0.2953, 0.6136 -1.1212 0.2953, 0.5972 -1.1281 0.2953, 0.6066 -1.1268 0.2953, 0.6066 -1.1307 0.2953, 0.6064 -1.1407 0.2953, 0.6027 -1.1397 0.2953, 0.6046 -1.1433 0.2953, 0.6007 -1.1411 0.2953, 0.5866 -1.1259 0.2953, 0.5844 -1.1277 0.2953, 0.5896 -1.1316 0.2953, 0.6066 -1.1312 0.2953, 0.6062 -1.1343 0.2953, 0.6051 -1.1368 0.2953, 0.6036 -1.1389 0.2953, 0.5854 -1.1097 0.2953, 0.5854 -1.1165 0.2953, 0.5868 -1.1089 0.2953, 0.5895 -1.1138 0.2953, 0.5921 -1.1068 0.2953, 0.5939 -1.1122 0.2953, 0.5992 -1.106 0.2953, 0.5985 -1.1117 0.2953, 0.6035 -1.1064 0.2953, 0.6009 -1.1119 0.2953, 0.6064 -1.1073 0.2953, 0.6025 -1.1125 0.2953, 0.6088 -1.1087 0.2953, 0.6038 -1.1133 0.2953, 0.6106 -1.1105 0.2953, 0.6048 -1.1144 0.2953, 0.612 -1.1128 0.2953, 0.6056 -1.1159 0.2953, 0.6131 -1.116 0.2953, 0.6064 -1.1184 0.2953, 0.6066 -1.1215 0.2953, 0.589 -1.1329 0.2953, 0.583 -1.1297 0.2953, 0.5887 -1.1345 0.2953, 0.5948 -1.1231 0.2953, 0.5913 -1.1299 0.2953, 0.5929 -1.1291 0.2953, 0.59 -1.1397 0.2953, 0.5849 -1.1447 0.2953, 0.5906 -1.1403 0.2953, 0.5873 -1.1464 0.2953, 0.592 -1.1413 0.2953, 0.59 -1.1474 0.2953, 0.5936 -1.1419 0.2953, 0.5942 -1.1479 0.2953, 0.596 -1.1421 0.2953, 0.5982 -1.1474 0.2953, 0.5986 -1.1418 0.2953, 0.6009 -1.1463 0.2953, 0.6023 -1.1455 0.2953, 0.5905 -1.1306 0.2953, 0.5897 -1.1244 0.2953, 0.582 -1.1322 0.2953, 0.5815 -1.1352 0.2953, 0.5886 -1.1356 0.2953, 0.5815 -1.1362 0.2953, 0.5888 -1.1373 0.2953, 0.5818 -1.1394 0.2953, 0.5892 -1.1385 0.2953, 0.5827 -1.1418 0.2953, 0.5841 -1.1439 0.2953, 0.5992 -1.106 0.2953, 0.5921 -1.1068 0.2953, 0.5868 -1.1089 0.2953, 0.5854 -1.1097 0.2953, 0.5854 -1.1165 0.2953, 0.5895 -1.1138 0.2953, 0.5939 -1.1122 0.2953, 0.5985 -1.1117 0.2953, 0.6009 -1.1119 0.2953, 0.6025 -1.1125 0.2953, 0.6038 -1.1133 0.2953, 0.6048 -1.1144 0.2953, 0.6056 -1.1159 0.2953, 0.6064 -1.1184 0.2953, 0.6066 -1.1215 0.2953, 0.5948 -1.1231 0.2953, 0.5897 -1.1244 0.2953, 0.5866 -1.1259 0.2953, 0.5844 -1.1277 0.2953, 0.583 -1.1297 0.2953, 0.582 -1.1322 0.2953, 0.5815 -1.1352 0.2953, 0.5815 -1.1362 0.2953, 0.5818 -1.1394 0.2953, 0.5827 -1.1418 0.2953, 0.5841 -1.1439 0.2953, 0.5849 -1.1447 0.2953, 0.5942 -1.1479 0.2953, 0.5901 -1.1474 0.2953, 0.59 -1.1474 0.2953, 0.5873 -1.1464 0.2953, 0.598 -1.1474 0.2953, 0.5982 -1.1474 0.2953, 0.6009 -1.1463 0.2953, 0.6023 -1.1455 0.2953, 0.6046 -1.1433 0.2953, 0.6064 -1.1407 0.2953, 0.6066 -1.1407 0.2953, 0.6066 -1.1469 0.2953, 0.6136 -1.1469 0.2953, 0.6136 -1.1212 0.2953, 0.6131 -1.116 0.2953, 0.612 -1.1128 0.2953, 0.6106 -1.1105 0.2953, 0.6088 -1.1087 0.2953, 0.6064 -1.1073 0.2953, 0.6035 -1.1064 0.2953, 0.5905 -1.1306 0.2953, 0.5913 -1.1299 0.2953, 0.5929 -1.1291 0.2953, 0.5972 -1.1281 0.2953, 0.5886 -1.1356 0.2953, 0.5887 -1.1345 0.2953, 0.589 -1.1329 0.2953, 0.5896 -1.1316 0.2953, 0.5906 -1.1403 0.2953, 0.59 -1.1397 0.2953, 0.5892 -1.1385 0.2953, 0.5888 -1.1373 0.2953, 0.596 -1.1421 0.2953, 0.5936 -1.1419 0.2953, 0.592 -1.1413 0.2953, 0.6036 -1.1389 0.2953, 0.6027 -1.1397 0.2953, 0.6007 -1.1411 0.2953, 0.5986 -1.1418 0.2953, 0.6066 -1.1307 0.2953, 0.6066 -1.1312 0.2953, 0.6062 -1.1343 0.2953, 0.6051 -1.1368 0.2953, 0.6066 -1.1268 0.2953
            ]
        }
        coordIndex [
            0,1,2,-1,2,1,3,-1,4,5,6,-1,6,5,0,-1,6,0,2,-1,7,5,8,-1,8,5,4,-1,9,7,10,-1,10,7,8,-1,11,9,12,-1,12,9,10,-1,13,11,14,-1,14,11,12,-1,15,13,16,-1,16,13,14,-1,17,15,18,-1,18,15,16,-1,19,17,20,-1,20,17,18,-1,21,19,22,-1,22,19,20,-1,23,21,24,-1,24,21,22,-1,3,1,25,-1,25,1,23,-1,25,23,24,-1,23,1,0,-1,0,5,23,-1,23,5,7,-1,23,7,21,-1,17,19,15,-1,15,19,21,-1,15,21,13,-1,13,21,7,-1,13,7,11,-1,11,7,9,-1,26,27,28,-1,28,27,29,-1,30,31,29,-1,29,31,32,-1,33,34,35,-1,35,34,36,-1,37,38,39,-1,32,40,29,-1,29,40,41,-1,29,41,28,-1,28,41,42,-1,28,42,33,-1,33,42,43,-1,33,43,34,-1,44,45,46,-1,46,45,47,-1,46,47,48,-1,48,47,49,-1,48,49,50,-1,50,49,51,-1,50,51,52,-1,52,51,53,-1,52,53,54,-1,54,53,55,-1,54,55,56,-1,56,55,57,-1,56,57,58,-1,58,57,59,-1,58,59,60,-1,60,59,61,-1,60,61,62,-1,62,61,63,-1,62,63,29,-1,29,63,64,-1,29,64,30,-1,39,38,65,-1,65,38,66,-1,65,66,67,-1,68,69,64,-1,64,69,70,-1,64,70,30,-1,71,72,73,-1,73,72,74,-1,73,74,75,-1,75,74,76,-1,75,76,77,-1,77,76,78,-1,77,78,79,-1,79,78,80,-1,79,80,81,-1,81,80,82,-1,81,82,36,-1,36,82,83,-1,36,83,35,-1,39,84,37,-1,37,84,69,-1,37,69,85,-1,85,69,68,-1,66,86,67,-1,67,86,87,-1,67,87,88,-1,88,87,89,-1,88,89,90,-1,90,89,91,-1,90,91,92,-1,92,91,93,-1,92,93,71,-1,71,93,94,-1,71,94,72,-1,50,95,96,-1,50,96,48,-1,48,96,97,-1,48,97,46,-1,46,97,98,-1,46,98,44,-1,45,44,99,-1,99,44,98,-1,45,99,100,-1,45,100,47,-1,47,100,101,-1,47,101,49,-1,49,101,102,-1,49,102,51,-1,51,102,103,-1,51,103,53,-1,53,103,104,-1,53,104,55,-1,55,104,105,-1,55,105,57,-1,57,105,106,-1,57,106,59,-1,59,106,107,-1,59,107,61,-1,61,107,108,-1,61,108,63,-1,63,108,109,-1,63,109,64,-1,68,64,110,-1,110,64,109,-1,68,110,111,-1,68,111,85,-1,85,111,112,-1,85,112,37,-1,37,112,113,-1,37,113,38,-1,38,113,114,-1,38,114,66,-1,66,114,115,-1,66,115,86,-1,86,115,116,-1,86,116,87,-1,87,116,117,-1,87,117,89,-1,89,117,118,-1,89,118,91,-1,91,118,119,-1,91,119,93,-1,93,119,120,-1,93,120,94,-1,94,120,121,-1,94,121,72,-1,122,78,123,-1,123,78,76,-1,123,76,124,-1,124,76,74,-1,124,74,125,-1,125,74,72,-1,125,72,121,-1,80,78,126,-1,126,78,122,-1,126,127,80,-1,80,127,128,-1,80,128,82,-1,82,128,129,-1,82,129,83,-1,83,129,130,-1,83,130,35,-1,35,130,131,-1,35,131,33,-1,28,33,132,-1,132,33,131,-1,26,28,133,-1,133,28,132,-1,27,26,134,-1,134,26,133,-1,29,27,135,-1,135,27,134,-1,29,135,136,-1,29,136,62,-1,62,136,137,-1,62,137,60,-1,60,137,138,-1,60,138,58,-1,58,138,139,-1,58,139,56,-1,56,139,140,-1,56,140,54,-1,54,140,141,-1,54,141,52,-1,52,141,95,-1,52,95,50,-1,84,142,143,-1,84,143,69,-1,69,143,144,-1,69,144,70,-1,70,144,145,-1,70,145,30,-1,88,146,147,-1,88,147,67,-1,67,147,148,-1,67,148,65,-1,65,148,149,-1,65,149,39,-1,39,149,142,-1,39,142,84,-1,73,150,151,-1,73,151,71,-1,71,151,152,-1,71,152,92,-1,92,152,153,-1,92,153,90,-1,90,153,146,-1,90,146,88,-1,79,154,155,-1,79,155,77,-1,77,155,156,-1,77,156,75,-1,75,156,150,-1,75,150,73,-1,43,157,158,-1,43,158,34,-1,34,158,159,-1,34,159,36,-1,36,159,160,-1,36,160,81,-1,81,160,154,-1,81,154,79,-1,32,161,162,-1,32,162,40,-1,40,162,163,-1,40,163,41,-1,41,163,164,-1,41,164,42,-1,42,164,157,-1,42,157,43,-1,32,31,161,-1,161,31,165,-1,31,30,165,-1,165,30,145,-1,
        ]
    }
}
Shape{
    appearance Appearance {
        material  Material 	{
            diffuseColor 0.20784313725490197 0.20784313725490197 0.20784313725490197
            specularColor 0.01568627450980392 0.01568627450980392 0.01568627450980392
            ambientIntensity 0.298
            transparency 0.0
            shininess 0.5
        }
    }
    geometry IndexedFaceSet {
        ccw TRUE
        solid FALSE
        coord DEF co Coordinate {
            point [
                0.6066 -1.1312 0.2953, 0.6066 -1.1307 0.2953, 0.5905 -1.1306 0.2953, 0.6066 -1.1268 0.2953, 0.5972 -1.1281 0.2953, 0.5929 -1.1291 0.2953, 0.5913 -1.1299 0.2953, 0.6062 -1.1343 0.2953, 0.5896 -1.1316 0.2953, 0.6051 -1.1368 0.2953, 0.59 -1.1397 0.2953, 0.5906 -1.1403 0.2953, 0.6027 -1.1397 0.2953, 0.5892 -1.1385 0.2953, 0.6007 -1.1411 0.2953, 0.5986 -1.1418 0.2953, 0.596 -1.1421 0.2953, 0.589 -1.1329 0.2953, 0.5887 -1.1345 0.2953, 0.6036 -1.1389 0.2953, 0.5886 -1.1356 0.2953, 0.5888 -1.1373 0.2953, 0.592 -1.1413 0.2953, 0.5936 -1.1419 0.2953
            ]
        }
        coordIndex [
            0,1,2,-1,1,3,4,-1,4,5,1,-1,1,5,6,-1,1,6,2,-1,0,2,7,-1,7,2,8,-1,7,8,9,-1,10,11,12,-1,10,12,13,-1,14,12,15,-1,15,12,16,-1,8,17,9,-1,9,17,18,-1,9,18,19,-1,19,18,20,-1,19,20,12,-1,12,20,21,-1,12,21,13,-1,11,22,12,-1,12,22,23,-1,12,23,16,-1,
        ]
    }
}
Shape{
    appearance Appearance {
        material  Material 	{
            diffuseColor 0.9686274509803922 0.8784313725490196 0.6
            specularColor 0.6784313725490196 0.615686274509804 0.4196078431372549
            ambientIntensity 0.8737
            transparency 0.0
            shininess 0.5
        }
    }
    geometry IndexedFaceSet {
        ccw TRUE
        solid FALSE
        coord DEF co Coordinate {
            point [
                0.6232 -1.1383 0.2953, 0.6232 -1.1383 0.2953, 0.626 -1.14 0.2953, 0.6347 -1.1421 0.2953, 0.6347 -1.1421 0.2953, 0.6304 -1.1416 0.2953, 0.6304 -1.1416 0.2953, 0.6264 -1.1402 0.2953, 0.626 -1.14 0.2953, 0.6232 -1.1455 0.2953, 0.6232 -1.1455 0.2953, 0.6274 -1.1471 0.2953, 0.6264 -1.1467 0.2953, 0.634 -1.1479 0.2953, 0.634 -1.1479 0.2953, 0.63 -1.1474 0.2953, 0.6274 -1.1471 0.2953, 0.6403 -1.1471 0.2953, 0.638 -1.1474 0.2953, 0.6403 -1.1471 0.2953, 0.644 -1.1457 0.2953, 0.644 -1.1457 0.2953, 0.6457 -1.1447 0.2953, 0.6457 -1.1447 0.2953, 0.6477 -1.1429 0.2953, 0.6477 -1.1429 0.2953, 0.649 -1.1411 0.2953, 0.649 -1.1411 0.2953, 0.6499 -1.1389 0.2953, 0.6499 -1.1389 0.2953, 0.6502 -1.136 0.2953, 0.6502 -1.136 0.2953, 0.6499 -1.1334 0.2953, 0.6499 -1.1334 0.2953, 0.6491 -1.1314 0.2953, 0.6491 -1.1314 0.2953, 0.6478 -1.1294 0.2953, 0.6478 -1.1294 0.2953, 0.6462 -1.1279 0.2953, 0.6462 -1.1279 0.2953, 0.6415 -1.1253 0.2953, 0.6415 -1.1253 0.2953, 0.6388 -1.1242 0.2953, 0.6388 -1.1242 0.2953, 0.6344 -1.1223 0.2953, 0.6344 -1.1223 0.2953, 0.632 -1.1208 0.2953, 0.632 -1.1208 0.2953, 0.6313 -1.12 0.2953, 0.6313 -1.12 0.2953, 0.6308 -1.1191 0.2953, 0.6308 -1.1191 0.2953, 0.6305 -1.118 0.2953, 0.6305 -1.118 0.2953, 0.6304 -1.1171 0.2953, 0.6304 -1.1171 0.2953, 0.6306 -1.116 0.2953, 0.6306 -1.116 0.2953, 0.6309 -1.115 0.2953, 0.6309 -1.115 0.2953, 0.6315 -1.1141 0.2953, 0.6315 -1.1141 0.2953, 0.6326 -1.1132 0.2953, 0.6326 -1.1132 0.2953, 0.6341 -1.1123 0.2953, 0.6341 -1.1123 0.2953, 0.636 -1.1118 0.2953, 0.636 -1.1118 0.2953, 0.6381 -1.1117 0.2953, 0.6381 -1.1117 0.2953, 0.6426 -1.1122 0.2953, 0.6426 -1.1122 0.2953, 0.6466 -1.1136 0.2953, 0.6466 -1.1136 0.2953, 0.6483 -1.1146 0.2953, 0.6483 -1.1146 0.2953, 0.6483 -1.1078 0.2953, 0.6483 -1.1078 0.2953, 0.6437 -1.1064 0.2953, 0.6437 -1.1064 0.2953, 0.6388 -1.106 0.2953, 0.6388 -1.106 0.2953, 0.6339 -1.1065 0.2953, 0.6339 -1.1065 0.2953, 0.63 -1.1078 0.2953, 0.63 -1.1078 0.2953, 0.6277 -1.1092 0.2953, 0.6277 -1.1092 0.2953, 0.6256 -1.111 0.2953, 0.6264 -1.1103 0.2953, 0.6256 -1.111 0.2953, 0.6243 -1.1129 0.2953, 0.6243 -1.1129 0.2953, 0.6235 -1.1152 0.2953, 0.6235 -1.1152 0.2953, 0.6232 -1.1177 0.2953, 0.6232 -1.1177 0.2953, 0.6235 -1.1204 0.2953, 0.6235 -1.1204 0.2953, 0.6243 -1.1226 0.2953, 0.6243 -1.1226 0.2953, 0.6252 -1.124 0.2953, 0.6252 -1.124 0.2953, 0.6338 -1.1293 0.2953, 0.6338 -1.1293 0.2953, 0.6296 -1.1274 0.2953, 0.6263 -1.1252 0.2953, 0.6263 -1.1252 0.2953, 0.6264 -1.1253 0.2953, 0.6296 -1.1274 0.2953, 0.6384 -1.1313 0.2953, 0.6384 -1.1313 0.2953, 0.6412 -1.1329 0.2953, 0.6412 -1.1329 0.2953, 0.6421 -1.1338 0.2953, 0.6421 -1.1338 0.2953, 0.6426 -1.1348 0.2953, 0.6426 -1.1348 0.2953, 0.6429 -1.1359 0.2953, 0.6429 -1.1359 0.2953, 0.643 -1.1367 0.2953, 0.643 -1.1367 0.2953, 0.6428 -1.1381 0.2953, 0.6428 -1.1381 0.2953, 0.6425 -1.1391 0.2953, 0.6425 -1.1391 0.2953, 0.6419 -1.14 0.2953, 0.6419 -1.14 0.2953, 0.6411 -1.1407 0.2953, 0.6411 -1.1407 0.2953, 0.6404 -1.1411 0.2953, 0.6404 -1.1411 0.2953, 0.6386 -1.1417 0.2953, 0.6386 -1.1417 0.2953, 0.635 -1.1421 0.2953, 0.635 -1.1421 0.2953, 0.685 -1.1069 0.2953, 0.6923 -1.1069 0.2953, 0.685 -1.1069 0.2953, 0.6923 -1.1069 0.2953, 0.6741 -1.137 0.2953, 0.6741 -1.137 0.2953, 0.6735 -1.1389 0.2953, 0.6735 -1.1389 0.2953, 0.6732 -1.1403 0.2953, 0.6732 -1.1403 0.2953, 0.673 -1.1403 0.2953, 0.673 -1.1403 0.2953, 0.6722 -1.137 0.2953, 0.6722 -1.137 0.2953, 0.6617 -1.1069 0.2953, 0.6617 -1.1069 0.2953, 0.6538 -1.1069 0.2953, 0.6538 -1.1069 0.2953, 0.6695 -1.1468 0.2953, 0.6695 -1.1468 0.2953, 0.6665 -1.1541 0.2953, 0.6665 -1.1541 0.2953, 0.6693 -1.1474 0.2953, 0.6651 -1.1567 0.2953, 0.6651 -1.1567 0.2953, 0.6638 -1.1581 0.2953, 0.6638 -1.1581 0.2953, 0.6626 -1.159 0.2953, 0.6626 -1.159 0.2953, 0.661 -1.1596 0.2953, 0.661 -1.1596 0.2953, 0.6593 -1.1598 0.2953, 0.6593 -1.1598 0.2953, 0.6567 -1.1594 0.2953, 0.6567 -1.1594 0.2953, 0.6553 -1.159 0.2953, 0.6553 -1.159 0.2953, 0.6553 -1.1652 0.2953, 0.6553 -1.1652 0.2953, 0.6583 -1.1657 0.2953, 0.6583 -1.1657 0.2953, 0.6598 -1.1658 0.2953, 0.6598 -1.1658 0.2953, 0.6627 -1.1655 0.2953, 0.6627 -1.1655 0.2953, 0.6654 -1.1644 0.2953, 0.6654 -1.1644 0.2953, 0.6679 -1.1627 0.2953, 0.6679 -1.1627 0.2953, 0.6684 -1.1623 0.2953, 0.6684 -1.1623 0.2953, 0.6709 -1.1592 0.2953, 0.6709 -1.1592 0.2953, 0.6741 -1.153 0.2953, 0.6741 -1.153 0.2953, 0.6763 -1.1474 0.2953, 0.73 -1.1405 0.2953, 0.73 -1.1469 0.2953, 0.73 -1.1405 0.2953, 0.73 -1.1469 0.2953, 0.7071 -1.1405 0.2953, 0.7071 -1.1405 0.2953, 0.7176 -1.1405 0.2953, 0.7071 -1.1217 0.2953, 0.7071 -1.1217 0.2953, 0.7271 -1.1217 0.2953, 0.7271 -1.1217 0.2953, 0.7176 -1.1217 0.2953, 0.7271 -1.1153 0.2953, 0.7271 -1.1153 0.2953, 0.7071 -1.1153 0.2953, 0.7071 -1.1153 0.2953, 0.7176 -1.1153 0.2953, 0.7071 -1.0973 0.2953, 0.7071 -1.0973 0.2953, 0.7287 -1.0973 0.2953, 0.7287 -1.0973 0.2953, 0.7176 -1.0973 0.2953, 0.7287 -1.0909 0.2953, 0.7287 -1.0909 0.2953, 0.6998 -1.0909 0.2953, 0.6998 -1.0909 0.2953, 0.7176 -1.0909 0.2953, 0.6998 -1.1469 0.2953, 0.6998 -1.1469 0.2953, 0.7176 -1.1469 0.2953, 0.7777 -1.1391 0.2953, 0.7719 -1.1353 0.2953, 0.7719 -1.1433 0.2953, 0.7683 -1.1378 0.2953, 0.7655 -1.1458 0.2953, 0.7637 -1.1396 0.2953, 0.756 -1.1469 0.2953, 0.7559 -1.1405 0.2953, 0.7406 -1.1469 0.2953, 0.7478 -1.1405 0.2953, 0.7406 -1.0909 0.2953, 0.7478 -1.0973 0.2953, 0.7566 -1.0909 0.2953, 0.7563 -1.0973 0.2953, 0.7568 -1.0973 0.2953, 0.7651 -1.0918 0.2953, 0.764 -1.0983 0.2953, 0.7719 -1.0943 0.2953, 0.7688 -1.1001 0.2953, 0.7777 -1.0983 0.2953, 0.7724 -1.1026 0.2953, 0.7797 -1.1002 0.2953, 0.774 -1.1042 0.2953, 0.7832 -1.1051 0.2953, 0.7762 -1.1073 0.2953, 0.7853 -1.1105 0.2953, 0.7778 -1.1114 0.2953, 0.7862 -1.1182 0.2953, 0.7786 -1.1184 0.2953, 0.786 -1.1218 0.2953, 0.7784 -1.1222 0.2953, 0.7847 -1.1283 0.2953, 0.7772 -1.1273 0.2953, 0.7819 -1.1341 0.2953, 0.7753 -1.1314 0.2953, 0.7726 -1.1347 0.2953, 0.756 -1.1469 0.2953, 0.7406 -1.1469 0.2953, 0.7655 -1.1458 0.2953, 0.7719 -1.1433 0.2953, 0.7777 -1.1391 0.2953, 0.7819 -1.1341 0.2953, 0.7847 -1.1283 0.2953, 0.786 -1.1218 0.2953, 0.7862 -1.1182 0.2953, 0.7853 -1.1105 0.2953, 0.7832 -1.1051 0.2953, 0.7797 -1.1002 0.2953, 0.7777 -1.0983 0.2953, 0.7719 -1.0943 0.2953, 0.7651 -1.0918 0.2953, 0.7566 -1.0909 0.2953, 0.7406 -1.0909 0.2953, 0.7563 -1.0973 0.2953, 0.7478 -1.0973 0.2953, 0.7478 -1.1405 0.2953, 0.7559 -1.1405 0.2953, 0.7726 -1.1347 0.2953, 0.7719 -1.1353 0.2953, 0.7683 -1.1378 0.2953, 0.7637 -1.1396 0.2953, 0.7786 -1.1184 0.2953, 0.7784 -1.1222 0.2953, 0.7772 -1.1273 0.2953, 0.7753 -1.1314 0.2953, 0.7724 -1.1026 0.2953, 0.774 -1.1042 0.2953, 0.7762 -1.1073 0.2953, 0.7778 -1.1114 0.2953, 0.7568 -1.0973 0.2953, 0.764 -1.0983 0.2953, 0.7688 -1.1001 0.2953
            ]
        }
        coordIndex [
            0,1,2,-1,3,4,5,-1,3,5,6,-1,6,5,7,-1,6,7,2,-1,2,7,8,-1,2,8,0,-1,9,1,10,-1,10,1,0,-1,11,9,12,-1,12,9,10,-1,13,14,15,-1,15,14,11,-1,15,11,16,-1,16,11,12,-1,17,14,18,-1,18,14,13,-1,18,19,17,-1,17,19,20,-1,17,20,21,-1,21,20,22,-1,21,22,23,-1,23,22,24,-1,23,24,25,-1,25,24,26,-1,25,26,27,-1,27,26,28,-1,27,28,29,-1,29,28,30,-1,29,30,31,-1,31,30,32,-1,31,32,33,-1,33,32,34,-1,33,34,35,-1,35,34,36,-1,35,36,37,-1,37,36,38,-1,37,38,39,-1,39,38,40,-1,39,40,41,-1,41,40,42,-1,41,42,43,-1,43,42,44,-1,43,44,45,-1,45,44,46,-1,45,46,47,-1,47,46,48,-1,47,48,49,-1,49,48,50,-1,49,50,51,-1,51,50,52,-1,51,52,53,-1,53,52,54,-1,53,54,55,-1,55,54,56,-1,55,56,57,-1,57,56,58,-1,57,58,59,-1,59,58,60,-1,59,60,61,-1,61,60,62,-1,61,62,63,-1,63,62,64,-1,63,64,65,-1,65,64,66,-1,65,66,67,-1,67,66,68,-1,67,68,69,-1,69,68,70,-1,69,70,71,-1,71,70,72,-1,71,72,73,-1,73,72,74,-1,73,74,75,-1,76,75,77,-1,77,75,74,-1,76,77,78,-1,76,78,79,-1,79,78,80,-1,79,80,81,-1,81,80,82,-1,81,82,83,-1,83,82,84,-1,83,84,85,-1,85,84,86,-1,85,86,87,-1,88,87,89,-1,89,87,86,-1,89,90,88,-1,88,90,91,-1,88,91,92,-1,92,91,93,-1,92,93,94,-1,94,93,95,-1,94,95,96,-1,96,95,97,-1,96,97,98,-1,98,97,99,-1,98,99,100,-1,100,99,101,-1,100,101,102,-1,103,104,105,-1,102,101,106,-1,102,106,107,-1,107,106,108,-1,107,108,105,-1,105,108,109,-1,105,109,103,-1,104,103,110,-1,104,110,111,-1,111,110,112,-1,111,112,113,-1,113,112,114,-1,113,114,115,-1,115,114,116,-1,115,116,117,-1,117,116,118,-1,117,118,119,-1,119,118,120,-1,119,120,121,-1,121,120,122,-1,121,122,123,-1,123,122,124,-1,123,124,125,-1,125,124,126,-1,125,126,127,-1,127,126,128,-1,127,128,129,-1,129,128,130,-1,129,130,131,-1,131,130,132,-1,131,132,133,-1,133,132,134,-1,133,134,135,-1,135,134,4,-1,135,4,3,-1,61,63,85,-1,85,63,83,-1,111,43,104,-1,104,43,45,-1,21,23,127,-1,127,23,25,-1,127,25,125,-1,125,25,27,-1,125,27,123,-1,123,27,29,-1,123,29,121,-1,121,29,31,-1,121,31,119,-1,119,31,33,-1,119,33,117,-1,117,33,35,-1,117,35,115,-1,115,35,37,-1,115,37,113,-1,113,37,39,-1,113,39,111,-1,111,39,41,-1,111,41,43,-1,14,3,11,-1,11,3,6,-1,11,6,9,-1,9,6,2,-1,9,2,1,-1,63,65,83,-1,83,65,67,-1,83,67,81,-1,81,67,69,-1,81,69,79,-1,79,69,71,-1,79,71,76,-1,76,71,73,-1,76,73,75,-1,127,129,21,-1,21,129,131,-1,21,131,17,-1,17,131,133,-1,17,133,14,-1,14,133,135,-1,14,135,3,-1,85,87,61,-1,61,87,88,-1,61,88,59,-1,59,88,92,-1,59,92,57,-1,57,92,94,-1,57,94,55,-1,55,94,96,-1,55,96,53,-1,53,96,98,-1,53,98,51,-1,51,98,100,-1,51,100,49,-1,49,100,102,-1,49,102,47,-1,47,102,107,-1,47,107,45,-1,45,107,105,-1,45,105,104,-1,136,137,138,-1,138,137,139,-1,140,136,141,-1,141,136,138,-1,140,141,142,-1,140,142,143,-1,143,142,144,-1,143,144,145,-1,146,145,147,-1,147,145,144,-1,148,146,149,-1,149,146,147,-1,150,148,151,-1,151,148,149,-1,152,150,153,-1,153,150,151,-1,154,152,155,-1,155,152,153,-1,156,157,158,-1,158,157,154,-1,158,154,155,-1,157,156,159,-1,157,159,160,-1,160,159,161,-1,160,161,162,-1,162,161,163,-1,162,163,164,-1,164,163,165,-1,164,165,166,-1,166,165,167,-1,166,167,168,-1,168,167,169,-1,168,169,170,-1,170,169,171,-1,170,171,172,-1,173,172,174,-1,174,172,171,-1,173,174,175,-1,173,175,176,-1,176,175,177,-1,176,177,178,-1,178,177,179,-1,178,179,180,-1,180,179,181,-1,180,181,182,-1,182,181,183,-1,182,183,184,-1,184,183,185,-1,184,185,186,-1,186,185,187,-1,186,187,188,-1,188,187,189,-1,188,189,190,-1,139,137,191,-1,191,137,190,-1,191,190,189,-1,143,145,190,-1,137,136,190,-1,190,136,140,-1,190,140,143,-1,150,152,148,-1,148,152,154,-1,148,154,146,-1,172,173,170,-1,170,173,176,-1,170,176,168,-1,168,176,178,-1,168,178,166,-1,166,178,180,-1,166,180,164,-1,164,180,182,-1,164,182,162,-1,145,146,190,-1,190,146,154,-1,190,154,188,-1,154,157,188,-1,188,157,160,-1,188,160,186,-1,186,160,162,-1,186,162,184,-1,184,162,182,-1,192,193,194,-1,194,193,195,-1,196,197,198,-1,198,197,192,-1,198,192,194,-1,199,197,200,-1,200,197,196,-1,201,202,203,-1,203,202,199,-1,203,199,200,-1,204,202,205,-1,205,202,201,-1,206,207,208,-1,208,207,204,-1,208,204,205,-1,209,207,210,-1,210,207,206,-1,211,212,213,-1,213,212,209,-1,213,209,210,-1,214,212,215,-1,215,212,211,-1,216,217,218,-1,218,217,214,-1,218,214,215,-1,219,217,220,-1,220,217,216,-1,195,193,221,-1,221,193,219,-1,221,219,220,-1,219,193,192,-1,192,197,219,-1,219,197,199,-1,219,199,217,-1,212,214,209,-1,209,214,217,-1,209,217,207,-1,207,217,199,-1,207,199,204,-1,204,199,202,-1,222,223,224,-1,224,223,225,-1,224,225,226,-1,226,225,227,-1,226,227,228,-1,228,227,229,-1,228,229,230,-1,230,229,231,-1,230,231,232,-1,232,231,233,-1,232,233,234,-1,233,235,234,-1,234,235,236,-1,234,236,237,-1,237,236,238,-1,237,238,239,-1,239,238,240,-1,239,240,241,-1,241,240,242,-1,241,242,243,-1,243,242,244,-1,243,244,245,-1,245,244,246,-1,245,246,247,-1,247,246,248,-1,247,248,249,-1,249,248,250,-1,249,250,251,-1,251,250,252,-1,251,252,253,-1,253,252,254,-1,253,254,255,-1,255,254,256,-1,255,256,222,-1,222,256,257,-1,222,257,223,-1,228,230,258,-1,258,230,259,-1,228,258,260,-1,228,260,226,-1,226,260,261,-1,226,261,224,-1,224,261,262,-1,224,262,222,-1,222,262,263,-1,222,263,255,-1,255,263,264,-1,255,264,253,-1,253,264,265,-1,253,265,251,-1,251,265,266,-1,251,266,249,-1,249,266,267,-1,249,267,247,-1,247,267,268,-1,247,268,245,-1,245,268,269,-1,245,269,243,-1,243,269,270,-1,243,270,241,-1,241,270,271,-1,241,271,239,-1,239,271,272,-1,239,272,237,-1,237,272,273,-1,237,273,234,-1,232,234,274,-1,274,234,273,-1,230,232,259,-1,259,232,274,-1,235,233,275,-1,275,233,276,-1,233,231,276,-1,276,231,277,-1,231,229,277,-1,277,229,278,-1,257,279,280,-1,257,280,223,-1,223,280,281,-1,223,281,225,-1,225,281,282,-1,225,282,227,-1,227,282,278,-1,227,278,229,-1,250,283,284,-1,250,284,252,-1,252,284,285,-1,252,285,254,-1,254,285,286,-1,254,286,256,-1,256,286,279,-1,256,279,257,-1,242,287,288,-1,242,288,244,-1,244,288,289,-1,244,289,246,-1,246,289,290,-1,246,290,248,-1,248,290,283,-1,248,283,250,-1,235,275,291,-1,235,291,236,-1,236,291,292,-1,236,292,238,-1,238,292,293,-1,238,293,240,-1,240,293,287,-1,240,287,242,-1,
        ]
    }
}
Shape{
    appearance Appearance {
        material  Material 	{
            diffuseColor 0.20784313725490197 0.20784313725490197 0.20784313725490197
            specularColor 0.01568627450980392 0.01568627450980392 0.01568627450980392
            ambientIntensity 0.298
            transparency 0.0
            shininess 0.5
        }
    }
    geometry IndexedFaceSet {
        ccw TRUE
        solid FALSE
        coord DEF co Coordinate {
            point [
                0.7683 -1.1378 0.2953, 0.7719 -1.1353 0.2953, 0.7568 -1.0973 0.2953, 0.7478 -1.0973 0.2953, 0.7478 -1.1405 0.2953, 0.7563 -1.0973 0.2953, 0.7559 -1.1405 0.2953, 0.7637 -1.1396 0.2953, 0.7726 -1.1347 0.2953, 0.7753 -1.1314 0.2953, 0.7772 -1.1273 0.2953, 0.7786 -1.1184 0.2953, 0.7724 -1.1026 0.2953, 0.7688 -1.1001 0.2953, 0.7778 -1.1114 0.2953, 0.7762 -1.1073 0.2953, 0.774 -1.1042 0.2953, 0.7784 -1.1222 0.2953, 0.764 -1.0983 0.2953
            ]
        }
        coordIndex [
            0,1,2,-1,3,4,5,-1,5,4,6,-1,5,6,2,-1,2,6,7,-1,2,7,0,-1,1,8,2,-1,2,8,9,-1,2,9,10,-1,11,12,13,-1,14,15,11,-1,11,15,16,-1,11,16,12,-1,10,17,2,-1,2,17,11,-1,2,11,18,-1,18,11,13,-1,
        ]
    }
}
Shape{
    appearance Appearance {
        material  Material 	{
            diffuseColor 0.9686274509803922 0.8784313725490196 0.6
            specularColor 0.6784313725490196 0.615686274509804 0.4196078431372549
            ambientIntensity 0.8737
            transparency 0.0
            shininess 0.5
        }
    }
    geometry IndexedFaceSet {
        ccw TRUE
        solid FALSE
        coord DEF co Coordinate {
            point [
                0.805 -1.1253 0.2953, 0.8027 -1.1316 0.2953, 0.8238 -1.1253 0.2953, 0.826 -1.1316 0.2953, 0.8134 -1.102 0.2953, 0.8107 -1.0909 0.2953, 0.7893 -1.1469 0.2953, 0.7973 -1.1469 0.2953, 0.8138 -1.1003 0.2953, 0.8143 -1.098 0.2953, 0.8184 -1.0909 0.2953, 0.8145 -1.098 0.2953, 0.8149 -1.1004 0.2953, 0.8153 -1.102 0.2953, 0.8397 -1.1469 0.2953, 0.8317 -1.1469 0.2953, 0.8184 -1.0909 0.2953, 0.8397 -1.1469 0.2953, 0.8107 -1.0909 0.2953, 0.7893 -1.1469 0.2953, 0.7973 -1.1469 0.2953, 0.8027 -1.1316 0.2953, 0.826 -1.1316 0.2953, 0.8317 -1.1469 0.2953, 0.805 -1.1253 0.2953, 0.8238 -1.1253 0.2953, 0.8153 -1.102 0.2953, 0.8145 -1.098 0.2953, 0.8149 -1.1004 0.2953, 0.8143 -1.098 0.2953, 0.8134 -1.102 0.2953, 0.8138 -1.1003 0.2953
            ]
        }
        coordIndex [
            0,1,2,-1,2,1,3,-1,4,5,0,-1,0,5,6,-1,0,6,1,-1,1,6,7,-1,4,8,5,-1,5,8,9,-1,5,9,10,-1,10,9,11,-1,10,11,12,-1,12,13,10,-1,10,13,2,-1,10,2,14,-1,14,2,3,-1,14,3,15,-1,10,14,16,-1,16,14,17,-1,5,10,18,-1,18,10,16,-1,6,5,19,-1,19,5,18,-1,7,6,20,-1,20,6,19,-1,1,7,21,-1,21,7,20,-1,3,1,22,-1,22,1,21,-1,15,3,23,-1,23,3,22,-1,14,15,17,-1,17,15,23,-1,0,2,24,-1,24,2,25,-1,2,13,25,-1,25,13,26,-1,11,27,28,-1,11,28,12,-1,12,28,26,-1,12,26,13,-1,11,9,27,-1,27,9,29,-1,4,30,31,-1,4,31,8,-1,8,31,29,-1,8,29,9,-1,4,0,30,-1,30,0,24,-1,
        ]
    }
}
Shape{
    appearance Appearance {
        material  Material 	{
            diffuseColor 0.20784313725490197 0.20784313725490197 0.20784313725490197
            specularColor 0.01568627450980392 0.01568627450980392 0.01568627450980392
            ambientIntensity 0.298
            transparency 0.0
            shininess 0.5
        }
    }
    geometry IndexedFaceSet {
        ccw TRUE
        solid FALSE
        coord DEF co Coordinate {
            point [
                0.8145 -1.098 0.2953, 0.8143 -1.098 0.2953, 0.8149 -1.1004 0.2953, 0.8138 -1.1003 0.2953, 0.8153 -1.102 0.2953, 0.8134 -1.102 0.2953, 0.8238 -1.1253 0.2953, 0.805 -1.1253 0.2953
            ]
        }
        coordIndex [
            0,1,2,-1,2,1,3,-1,2,3,4,-1,4,3,5,-1,4,5,6,-1,6,5,7,-1,
        ]
    }
}
Shape{
    appearance Appearance {
        material  Material 	{
            diffuseColor 0.9686274509803922 0.8784313725490196 0.6
            specularColor 0.6784313725490196 0.615686274509804 0.4196078431372549
            ambientIntensity 0.8737
            transparency 0.0
            shininess 0.5
        }
    }
    geometry IndexedFaceSet {
        ccw TRUE
        solid FALSE
        coord DEF co Coordinate {
            point [
                0.2971 -1.1549 0.2953, 0.303 -1.1622 0.2953, 0.2935 -1.1196 0.2953, 0.2866 -1.0504 0.2953, 0.2954 -1.0457 0.2953, 0.2933 -1.0211 0.2953, 0.3182 -1.02 0.2953, 0.3305 -1.0491 0.2953, 0.3366 -1.0365 0.2953, 0.3708 -1.1336 0.2953, 0.3708 -1.1296 0.2953, 0.337 -1.1198 0.2953, 0.3332 -1.1187 0.2953, 0.2848 -1.1143 0.2953, 0.2881 -1.1448 0.2953, 0.2931 -1.1463 0.2953, 0.309 -1.0192 0.2953, 0.343 -1.1246 0.2953, 0.3448 -1.1278 0.2953, 0.3706 -1.1377 0.2953, 0.4266 -1.1001 0.2953, 0.4142 -1.079 0.2953, 0.3608 -1.1069 0.2953, 0.3305 -1.1184 0.2953, 0.3268 -1.1189 0.2953, 0.3214 -1.0945 0.2953, 0.3233 -1.1203 0.2953, 0.3126 -1.0979 0.2953, 0.3201 -1.1224 0.2953, 0.3045 -1.1035 0.2953, 0.3182 -1.1245 0.2953, 0.2979 -1.1111 0.2953, 0.3163 -1.1278 0.2953, 0.3152 -1.1316 0.2953, 0.3151 -1.1355 0.2953, 0.3454 -1.096 0.2953, 0.3358 -1.0936 0.2953, 0.3309 -1.0933 0.2953, 0.3403 -1.1219 0.2953, 0.4397 -1.0607 0.2953, 0.4429 -1.0607 0.2953, 0.4593 -1.0391 0.2953, 0.4505 -1.0616 0.2953, 0.4612 -1.0398 0.2953, 0.4575 -1.0643 0.2953, 0.4731 -1.0457 0.2953, 0.4839 -1.0548 0.2953, 0.3264 -1.0105 0.2953, 0.3456 -1.0258 0.2953, 0.3357 -1.0025 0.2953, 0.3563 -1.018 0.2953, 0.347 -0.9956 0.2953, 0.3053 -1.0433 0.2953, 0.3094 -1.0431 0.2953, 0.3136 -1.0195 0.2953, 0.3188 -1.0443 0.2953, 0.3277 -1.0475 0.2953, 0.3159 -1.1392 0.2953, 0.3175 -1.1425 0.2953, 0.3539 -1.1005 0.2953, 0.484 -1.1292 0.2953, 0.4654 -1.1134 0.2953, 0.4731 -1.1384 0.2953, 0.4595 -1.1182 0.2953, 0.461 -1.1443 0.2953, 0.4525 -1.1214 0.2953, 0.4477 -1.1471 0.2953, 0.4453 -1.1228 0.2953, 0.4242 -1.1471 0.2953, 0.4274 -1.1228 0.2953, 0.4219 -1.1468 0.2953, 0.4636 -1.0686 0.2953, 0.4682 -1.0737 0.2953, 0.492 -1.0662 0.2953, 0.4719 -1.0806 0.2953, 0.4969 -1.0783 0.2953, 0.4738 -1.0882 0.2953, 0.4987 -1.0913 0.2953, 0.474 -1.0917 0.2953, 0.4969 -1.1056 0.2953, 0.473 -1.0995 0.2953, 0.4919 -1.1182 0.2953, 0.4703 -1.1066 0.2953, 0.4659 -1.1128 0.2953, 0.4377 -1.0077 0.2953, 0.4222 -1.026 0.2953, 0.4515 -1.0238 0.2953, 0.4311 -1.0367 0.2953, 0.4373 -1.0496 0.2953, 0.2708 -1.0733 0.2953, 0.2446 -1.0799 0.2953, 0.2696 -1.083 0.2953, 0.2445 -1.0838 0.2953, 0.27 -1.0891 0.2953, 0.2464 -1.0994 0.2953, 0.2729 -1.0989 0.2953, 0.2521 -1.1142 0.2953, 0.2777 -1.1069 0.2953, 0.2612 -1.1272 0.2953, 0.2736 -1.1378 0.2953, 0.3655 -0.9889 0.2953, 0.3693 -1.0127 0.2953, 0.3835 -0.9869 0.2953, 0.3839 -1.0108 0.2953, 0.4024 -0.9892 0.2953, 0.3974 -1.0125 0.2953, 0.4222 -0.9969 0.2953, 0.4099 -1.0173 0.2953, 0.4211 -1.0251 0.2953, 0.2786 -1.0269 0.2953, 0.2659 -1.0358 0.2953, 0.2797 -1.0565 0.2953, 0.2632 -1.0383 0.2953, 0.2742 -1.0644 0.2953, 0.2536 -1.0506 0.2953, 0.2473 -1.065 0.2953, 0.3459 -1.1315 0.2953, 0.346 -1.1353 0.2953, 0.3682 -1.1476 0.2953, 0.3452 -1.1392 0.2953, 0.3635 -1.1564 0.2953, 0.3434 -1.1427 0.2953, 0.3574 -1.1633 0.2953, 0.3409 -1.1456 0.2953, 0.3495 -1.1688 0.2953, 0.3378 -1.1477 0.2953, 0.3406 -1.1722 0.2953, 0.3344 -1.149 0.2953, 0.3309 -1.1734 0.2953, 0.3305 -1.1495 0.2953, 0.3294 -1.1734 0.2953, 0.3299 -1.1495 0.2953, 0.32 -1.1719 0.2953, 0.3263 -1.1489 0.2953, 0.3108 -1.1681 0.2953, 0.3227 -1.1474 0.2953, 0.3196 -1.145 0.2953, 0.4254 -1.1224 0.2953, 0.4158 -1.1429 0.2953, 0.4167 -1.1439 0.2953, 0.4266 -1.1227 0.2953, 0.4193 -1.1457 0.2953, 0.4126 -1.1348 0.2953, 0.413 -1.1377 0.2953, 0.4141 -1.1404 0.2953, 0.4219 -1.1228 0.2953, 0.4192 -1.1239 0.2953, 0.4127 -1.1332 0.2953, 0.4167 -1.1256 0.2953, 0.4151 -1.1274 0.2953, 0.4135 -1.1302 0.2953, 0.425 -1.1224 0.2953, 0.4987 -1.0913 0.2953, 0.4969 -1.0783 0.2953, 0.4865 -1.0585 0.2953, 0.4955 -1.0749 0.2953, 0.492 -1.0662 0.2953, 0.4839 -1.0548 0.2953, 0.4731 -1.0457 0.2953, 0.4612 -1.0398 0.2953, 0.4593 -1.0391 0.2953, 0.4515 -1.0238 0.2953, 0.4377 -1.0077 0.2953, 0.4289 -1.0015 0.2953, 0.4222 -0.9969 0.2953, 0.4024 -0.9892 0.2953, 0.3835 -0.9869 0.2953, 0.3357 -1.0025 0.2953, 0.3373 -1.0015 0.2953, 0.347 -0.9956 0.2953, 0.3655 -0.9889 0.2953, 0.3264 -1.0105 0.2953, 0.3182 -1.02 0.2953, 0.3136 -1.0195 0.2953, 0.309 -1.0192 0.2953, 0.2933 -1.0211 0.2953, 0.2786 -1.0269 0.2953, 0.2659 -1.0358 0.2953, 0.2632 -1.0383 0.2953, 0.2445 -1.0838 0.2953, 0.2536 -1.0506 0.2953, 0.2501 -1.0585 0.2953, 0.2473 -1.065 0.2953, 0.2455 -1.0749 0.2953, 0.2446 -1.0799 0.2953, 0.2464 -1.0994 0.2953, 0.2521 -1.1142 0.2953, 0.2612 -1.1272 0.2953, 0.2736 -1.1378 0.2953, 0.2881 -1.1448 0.2953, 0.2931 -1.1463 0.2953, 0.2936 -1.1474 0.2953, 0.2971 -1.1549 0.2953, 0.303 -1.1622 0.2953, 0.3108 -1.1681 0.2953, 0.3145 -1.1696 0.2953, 0.32 -1.1719 0.2953, 0.3294 -1.1734 0.2953, 0.3309 -1.1734 0.2953, 0.3708 -1.1336 0.2953, 0.3406 -1.1722 0.2953, 0.3474 -1.1696 0.2953, 0.3495 -1.1688 0.2953, 0.3574 -1.1633 0.2953, 0.3635 -1.1564 0.2953, 0.3682 -1.1476 0.2953, 0.3683 -1.1474 0.2953, 0.3706 -1.1377 0.2953, 0.3708 -1.1296 0.2953, 0.4266 -1.1001 0.2953, 0.4142 -1.079 0.2953, 0.3608 -1.1069 0.2953, 0.3539 -1.1005 0.2953, 0.3454 -1.096 0.2953, 0.3358 -1.0936 0.2953, 0.3309 -1.0933 0.2953, 0.3214 -1.0945 0.2953, 0.3126 -1.0979 0.2953, 0.3045 -1.1035 0.2953, 0.2979 -1.1111 0.2953, 0.2935 -1.1196 0.2953, 0.2848 -1.1143 0.2953, 0.2777 -1.1069 0.2953, 0.2729 -1.0989 0.2953, 0.27 -1.0891 0.2953, 0.2696 -1.083 0.2953, 0.2706 -1.0749 0.2953, 0.2708 -1.0733 0.2953, 0.2742 -1.0644 0.2953, 0.2783 -1.0585 0.2953, 0.2797 -1.0565 0.2953, 0.2866 -1.0504 0.2953, 0.2954 -1.0457 0.2953, 0.3053 -1.0433 0.2953, 0.3094 -1.0431 0.2953, 0.3188 -1.0443 0.2953, 0.3277 -1.0475 0.2953, 0.3305 -1.0491 0.2953, 0.3366 -1.0365 0.2953, 0.3456 -1.0258 0.2953, 0.3563 -1.018 0.2953, 0.3693 -1.0127 0.2953, 0.3839 -1.0108 0.2953, 0.4397 -1.0607 0.2953, 0.4393 -1.0585 0.2953, 0.4373 -1.0496 0.2953, 0.4311 -1.0367 0.2953, 0.4222 -1.026 0.2953, 0.4211 -1.0251 0.2953, 0.4099 -1.0173 0.2953, 0.3974 -1.0125 0.2953, 0.4429 -1.0607 0.2953, 0.4505 -1.0616 0.2953, 0.4575 -1.0643 0.2953, 0.4636 -1.0686 0.2953, 0.4682 -1.0737 0.2953, 0.4689 -1.0749 0.2953, 0.4719 -1.0806 0.2953, 0.4738 -1.0882 0.2953, 0.474 -1.0917 0.2953, 0.473 -1.0995 0.2953, 0.4703 -1.1066 0.2953, 0.4659 -1.1128 0.2953, 0.4654 -1.1134 0.2953, 0.4595 -1.1182 0.2953, 0.4525 -1.1214 0.2953, 0.4453 -1.1228 0.2953, 0.4274 -1.1228 0.2953, 0.4266 -1.1227 0.2953, 0.4254 -1.1224 0.2953, 0.425 -1.1224 0.2953, 0.4219 -1.1228 0.2953, 0.4192 -1.1239 0.2953, 0.4167 -1.1256 0.2953, 0.4151 -1.1274 0.2953, 0.4135 -1.1302 0.2953, 0.4127 -1.1332 0.2953, 0.4126 -1.1348 0.2953, 0.413 -1.1377 0.2953, 0.4141 -1.1404 0.2953, 0.4158 -1.1429 0.2953, 0.4167 -1.1439 0.2953, 0.4193 -1.1457 0.2953, 0.4219 -1.1468 0.2953, 0.4242 -1.1471 0.2953, 0.4477 -1.1471 0.2953, 0.461 -1.1443 0.2953, 0.4731 -1.1384 0.2953, 0.484 -1.1292 0.2953, 0.4919 -1.1182 0.2953, 0.4969 -1.1056 0.2953, 0.3305 -1.1184 0.2953, 0.3332 -1.1187 0.2953, 0.337 -1.1198 0.2953, 0.3403 -1.1219 0.2953, 0.343 -1.1246 0.2953, 0.3448 -1.1278 0.2953, 0.3459 -1.1315 0.2953, 0.346 -1.1353 0.2953, 0.3452 -1.1392 0.2953, 0.3434 -1.1427 0.2953, 0.3409 -1.1456 0.2953, 0.3378 -1.1477 0.2953, 0.3344 -1.149 0.2953, 0.3305 -1.1495 0.2953, 0.3299 -1.1495 0.2953, 0.3263 -1.1489 0.2953, 0.3227 -1.1474 0.2953, 0.3196 -1.145 0.2953, 0.3175 -1.1425 0.2953, 0.3159 -1.1392 0.2953, 0.3151 -1.1355 0.2953, 0.3152 -1.1316 0.2953, 0.3163 -1.1278 0.2953, 0.3182 -1.1245 0.2953, 0.3201 -1.1224 0.2953, 0.3233 -1.1203 0.2953, 0.3268 -1.1189 0.2953
            ]
        }
        coordIndex [
            0,1,2,-1,3,4,5,-1,6,7,8,-1,9,10,11,-1,11,10,12,-1,13,14,2,-1,2,14,15,-1,2,15,0,-1,5,4,16,-1,17,18,19,-1,20,21,10,-1,10,21,22,-1,10,22,12,-1,12,22,23,-1,24,25,26,-1,26,25,27,-1,26,27,28,-1,28,27,29,-1,28,29,30,-1,30,29,31,-1,30,31,32,-1,32,31,2,-1,32,2,33,-1,33,2,34,-1,35,36,24,-1,24,36,37,-1,24,37,25,-1,9,11,19,-1,19,11,38,-1,19,38,17,-1,39,40,41,-1,41,40,42,-1,41,42,43,-1,43,42,44,-1,43,44,45,-1,45,44,46,-1,6,8,47,-1,47,8,48,-1,47,48,49,-1,49,48,50,-1,49,50,51,-1,4,52,16,-1,16,52,53,-1,16,53,54,-1,54,53,55,-1,54,55,6,-1,6,55,56,-1,6,56,7,-1,34,2,57,-1,57,2,1,-1,57,1,58,-1,23,22,24,-1,24,22,59,-1,24,59,35,-1,60,61,62,-1,62,61,63,-1,62,63,64,-1,64,63,65,-1,64,65,66,-1,66,65,67,-1,66,67,68,-1,68,67,69,-1,68,69,70,-1,44,71,46,-1,46,71,72,-1,46,72,73,-1,73,72,74,-1,73,74,75,-1,75,74,76,-1,75,76,77,-1,77,76,78,-1,77,78,79,-1,79,78,80,-1,79,80,81,-1,81,80,82,-1,81,82,60,-1,60,82,83,-1,60,83,61,-1,84,85,86,-1,86,85,87,-1,86,87,41,-1,41,87,88,-1,41,88,39,-1,89,90,91,-1,91,90,92,-1,91,92,93,-1,93,92,94,-1,93,94,95,-1,95,94,96,-1,95,96,97,-1,97,96,98,-1,97,98,13,-1,13,98,99,-1,13,99,14,-1,51,50,100,-1,100,50,101,-1,100,101,102,-1,102,101,103,-1,102,103,104,-1,104,103,105,-1,104,105,106,-1,106,105,107,-1,106,107,84,-1,84,107,108,-1,84,108,85,-1,5,109,3,-1,3,109,110,-1,3,110,111,-1,111,110,112,-1,111,112,113,-1,113,112,114,-1,113,114,89,-1,89,114,115,-1,89,115,90,-1,18,116,19,-1,19,116,117,-1,19,117,118,-1,118,117,119,-1,118,119,120,-1,120,119,121,-1,120,121,122,-1,122,121,123,-1,122,123,124,-1,124,123,125,-1,124,125,126,-1,126,125,127,-1,126,127,128,-1,128,127,129,-1,128,129,130,-1,130,129,131,-1,130,131,132,-1,132,131,133,-1,132,133,134,-1,134,133,135,-1,134,135,1,-1,1,135,136,-1,1,136,58,-1,137,138,139,-1,69,140,70,-1,70,140,137,-1,70,137,141,-1,141,137,139,-1,142,143,137,-1,137,143,144,-1,137,144,138,-1,145,146,147,-1,146,148,147,-1,147,148,149,-1,147,149,150,-1,142,137,147,-1,147,137,151,-1,147,151,145,-1,77,152,153,-1,154,46,73,-1,77,153,75,-1,75,153,155,-1,75,155,73,-1,73,155,156,-1,73,156,154,-1,154,157,46,-1,46,157,158,-1,46,158,45,-1,45,158,159,-1,45,159,43,-1,43,159,160,-1,43,160,41,-1,41,160,161,-1,41,161,86,-1,86,161,162,-1,86,162,84,-1,84,162,163,-1,84,163,106,-1,163,164,106,-1,106,164,165,-1,106,165,104,-1,104,165,166,-1,104,166,102,-1,167,49,168,-1,168,49,51,-1,168,51,169,-1,169,51,100,-1,169,100,170,-1,170,100,102,-1,170,102,166,-1,49,167,171,-1,49,171,47,-1,47,171,172,-1,47,172,6,-1,6,172,173,-1,6,173,54,-1,54,173,174,-1,54,174,16,-1,16,174,175,-1,16,175,5,-1,5,175,176,-1,5,176,109,-1,109,176,177,-1,109,177,110,-1,110,177,178,-1,110,178,112,-1,179,92,90,-1,112,178,180,-1,112,180,114,-1,114,180,181,-1,114,181,115,-1,181,182,115,-1,115,182,183,-1,115,183,90,-1,90,183,184,-1,90,184,179,-1,92,179,185,-1,92,185,94,-1,94,185,186,-1,94,186,96,-1,96,186,187,-1,96,187,98,-1,98,187,188,-1,98,188,99,-1,99,188,189,-1,99,189,14,-1,14,189,190,-1,14,190,15,-1,15,190,191,-1,15,191,0,-1,191,192,0,-1,0,192,193,-1,0,193,1,-1,1,193,194,-1,1,194,134,-1,134,194,195,-1,134,195,132,-1,195,196,132,-1,132,196,197,-1,132,197,130,-1,130,197,198,-1,130,198,128,-1,199,9,19,-1,128,198,200,-1,128,200,126,-1,126,200,201,-1,126,201,124,-1,201,202,124,-1,124,202,203,-1,124,203,122,-1,122,203,204,-1,122,204,120,-1,120,204,205,-1,120,205,118,-1,118,205,206,-1,118,206,19,-1,19,206,207,-1,19,207,199,-1,10,9,208,-1,208,9,199,-1,20,10,209,-1,209,10,208,-1,21,20,210,-1,210,20,209,-1,22,21,211,-1,211,21,210,-1,22,211,212,-1,22,212,59,-1,59,212,213,-1,59,213,35,-1,35,213,214,-1,35,214,36,-1,36,214,215,-1,36,215,37,-1,37,215,216,-1,37,216,25,-1,25,216,217,-1,25,217,27,-1,27,217,218,-1,27,218,29,-1,29,218,219,-1,29,219,31,-1,31,219,220,-1,31,220,2,-1,2,220,221,-1,2,221,13,-1,13,221,222,-1,13,222,97,-1,97,222,223,-1,97,223,95,-1,95,223,224,-1,95,224,93,-1,93,224,225,-1,93,225,91,-1,89,91,226,-1,226,91,225,-1,226,227,89,-1,89,227,228,-1,89,228,113,-1,113,228,229,-1,113,229,111,-1,229,230,111,-1,111,230,231,-1,111,231,3,-1,3,231,232,-1,3,232,4,-1,4,232,233,-1,4,233,52,-1,52,233,234,-1,52,234,53,-1,53,234,235,-1,53,235,55,-1,55,235,236,-1,55,236,56,-1,56,236,237,-1,56,237,7,-1,7,237,238,-1,7,238,8,-1,8,238,239,-1,8,239,48,-1,48,239,240,-1,48,240,50,-1,50,240,241,-1,50,241,101,-1,101,241,242,-1,101,242,103,-1,243,39,244,-1,244,39,88,-1,244,88,245,-1,245,88,87,-1,245,87,246,-1,246,87,85,-1,246,85,247,-1,247,85,108,-1,247,108,248,-1,248,108,107,-1,248,107,249,-1,249,107,105,-1,249,105,250,-1,250,105,103,-1,250,103,242,-1,40,39,251,-1,251,39,243,-1,40,251,252,-1,40,252,42,-1,42,252,253,-1,42,253,44,-1,44,253,254,-1,44,254,71,-1,71,254,255,-1,71,255,72,-1,72,255,256,-1,72,256,74,-1,256,257,74,-1,74,257,258,-1,74,258,76,-1,76,258,259,-1,76,259,78,-1,78,259,260,-1,78,260,80,-1,80,260,261,-1,80,261,82,-1,82,261,262,-1,82,262,83,-1,83,262,263,-1,83,263,61,-1,61,263,264,-1,61,264,63,-1,63,264,265,-1,63,265,65,-1,65,265,266,-1,65,266,67,-1,69,67,267,-1,267,67,266,-1,69,267,268,-1,69,268,140,-1,140,268,269,-1,140,269,137,-1,137,269,270,-1,137,270,151,-1,151,270,271,-1,151,271,145,-1,145,271,272,-1,145,272,146,-1,146,272,273,-1,146,273,148,-1,148,273,274,-1,148,274,149,-1,149,274,275,-1,149,275,150,-1,150,275,276,-1,150,276,147,-1,147,276,277,-1,147,277,142,-1,142,277,278,-1,142,278,143,-1,143,278,279,-1,143,279,144,-1,144,279,280,-1,144,280,138,-1,138,280,281,-1,138,281,139,-1,139,281,282,-1,139,282,141,-1,141,282,283,-1,141,283,70,-1,70,283,284,-1,70,284,68,-1,66,68,285,-1,285,68,284,-1,66,285,286,-1,66,286,64,-1,64,286,287,-1,64,287,62,-1,62,287,288,-1,62,288,60,-1,60,288,289,-1,60,289,81,-1,81,289,290,-1,81,290,79,-1,79,290,152,-1,79,152,77,-1,23,291,292,-1,23,292,12,-1,12,292,293,-1,12,293,11,-1,11,293,294,-1,11,294,38,-1,38,294,295,-1,38,295,17,-1,17,295,296,-1,17,296,18,-1,18,296,297,-1,18,297,116,-1,116,297,298,-1,116,298,117,-1,117,298,299,-1,117,299,119,-1,119,299,300,-1,119,300,121,-1,121,300,301,-1,121,301,123,-1,123,301,302,-1,123,302,125,-1,125,302,303,-1,125,303,127,-1,127,303,304,-1,127,304,129,-1,129,304,305,-1,129,305,131,-1,131,305,306,-1,131,306,133,-1,133,306,307,-1,133,307,135,-1,135,307,308,-1,135,308,136,-1,136,308,309,-1,136,309,58,-1,58,309,310,-1,58,310,57,-1,57,310,311,-1,57,311,34,-1,34,311,312,-1,34,312,33,-1,33,312,313,-1,33,313,32,-1,32,313,314,-1,32,314,30,-1,30,314,315,-1,30,315,28,-1,28,315,316,-1,28,316,26,-1,26,316,317,-1,26,317,24,-1,24,317,291,-1,24,291,23,-1,
        ]
    }
}
Shape{
    appearance Appearance {
        material  Material 	{
            diffuseColor 0.20784313725490197 0.20784313725490197 0.20784313725490197
            specularColor 0.01568627450980392 0.01568627450980392 0.01568627450980392
            ambientIntensity 0.298
            transparency 0.0
            shininess 0.5
        }
    }
    geometry IndexedFaceSet {
        ccw TRUE
        solid FALSE
        coord DEF co Coordinate {
            point [
                0.3268 -1.1189 0.2953, 0.3233 -1.1203 0.2953, 0.3299 -1.1495 0.2953, 0.3201 -1.1224 0.2953, 0.3182 -1.1245 0.2953, 0.3332 -1.1187 0.2953, 0.3305 -1.1495 0.2953, 0.3344 -1.149 0.2953, 0.3305 -1.1184 0.2953, 0.3159 -1.1392 0.2953, 0.3175 -1.1425 0.2953, 0.3196 -1.145 0.2953, 0.3409 -1.1456 0.2953, 0.343 -1.1246 0.2953, 0.3403 -1.1219 0.2953, 0.3163 -1.1278 0.2953, 0.3152 -1.1316 0.2953, 0.3151 -1.1355 0.2953, 0.3227 -1.1474 0.2953, 0.3263 -1.1489 0.2953, 0.3378 -1.1477 0.2953, 0.337 -1.1198 0.2953, 0.3452 -1.1392 0.2953, 0.346 -1.1353 0.2953, 0.3434 -1.1427 0.2953, 0.3459 -1.1315 0.2953, 0.3448 -1.1278 0.2953
            ]
        }
        coordIndex [
            0,1,2,-1,2,1,3,-1,2,3,4,-1,5,6,7,-1,6,5,2,-1,2,5,8,-1,2,8,0,-1,9,10,4,-1,4,10,11,-1,12,13,14,-1,15,16,4,-1,4,16,17,-1,4,17,9,-1,11,18,4,-1,4,18,19,-1,4,19,2,-1,7,20,5,-1,5,20,12,-1,5,12,21,-1,21,12,14,-1,22,23,24,-1,24,23,25,-1,24,25,12,-1,12,25,26,-1,12,26,13,-1,
        ]
    }
}